Chromosome,Start,Stop,Ymers
carmag_ChrY,0,1000000,0
carmag_ChrY,100000,1100000,0
carmag_ChrY,200000,1200000,0.000042
carmag_ChrY,300000,1300000,0.000042
carmag_ChrY,400000,1400000,0.000106
carmag_ChrY,500000,1500000,0.000106
carmag_ChrY,600000,1600000,0.000106
carmag_ChrY,700000,1700000,0.000106
carmag_ChrY,800000,1800000,0.000106
carmag_ChrY,900000,1900000,0.000148
carmag_ChrY,1000000,2000000,0.00019
carmag_ChrY,1100000,2100000,0.000245
carmag_ChrY,1200000,2200000,0.000246
carmag_ChrY,1300000,2300000,0.000296
carmag_ChrY,1400000,2400000,0.000232
carmag_ChrY,1500000,2500000,0.000274
carmag_ChrY,1600000,2600000,0.000274
carmag_ChrY,1700000,2700000,0.000274
carmag_ChrY,1800000,2800000,0.000274
carmag_ChrY,1900000,2900000,0.000232
carmag_ChrY,2000000,3000000,0.00019
carmag_ChrY,2100000,3100000,0.000135
carmag_ChrY,2200000,3200000,0.000113
carmag_ChrY,2300000,3300000,0.000084
carmag_ChrY,2400000,3400000,0.000084
carmag_ChrY,2500000,3500000,0.000063
carmag_ChrY,2600000,3600000,0.000084
carmag_ChrY,2700000,3700000,0.000105
carmag_ChrY,2800000,3800000,0.000105
carmag_ChrY,2900000,3900000,0.000147
carmag_ChrY,3000000,4000000,0.000147
carmag_ChrY,3100000,4100000,0.000238
carmag_ChrY,3200000,4200000,0.000217
carmag_ChrY,3300000,4300000,0.000196
carmag_ChrY,3400000,4400000,0.000196
carmag_ChrY,3500000,4500000,0.000197
carmag_ChrY,3600000,4600000,0.000176
carmag_ChrY,3700000,4700000,0.000155
carmag_ChrY,3800000,4800000,0.000179
carmag_ChrY,3900000,4900000,0.000288
carmag_ChrY,4000000,5000000,0.000288
carmag_ChrY,4100000,5100000,0.000218
carmag_ChrY,4200000,5200000,0.000218
carmag_ChrY,4300000,5300000,0.000239
carmag_ChrY,4400000,5400000,0.00026
carmag_ChrY,4500000,5500000,0.000238
carmag_ChrY,4600000,5600000,0.000238
carmag_ChrY,4700000,5700000,0.000238
carmag_ChrY,4800000,5800000,0.000214
carmag_ChrY,4900000,5900000,0.000063
carmag_ChrY,5000000,6000000,0.000063
carmag_ChrY,5100000,6100000,0.000042
carmag_ChrY,5200000,6200000,0.000042
carmag_ChrY,5300000,6300000,0.000087
carmag_ChrY,5400000,6400000,0.000066
carmag_ChrY,5500000,6500000,0.000066
carmag_ChrY,5600000,6600000,0.000066
carmag_ChrY,5700000,6700000,0.000066
carmag_ChrY,5800000,6800000,0.000066
carmag_ChrY,5900000,6900000,0.000066
carmag_ChrY,6000000,7000000,0.00013
carmag_ChrY,6100000,7100000,0.00013
carmag_ChrY,6200000,7200000,0.00013
carmag_ChrY,6300000,7300000,0.000064
carmag_ChrY,6400000,7400000,0.000064
carmag_ChrY,6500000,7500000,0.000149
carmag_ChrY,6600000,7600000,0.000149
carmag_ChrY,6700000,7700000,0.000149
carmag_ChrY,6800000,7800000,0.000323
carmag_ChrY,6900000,7900000,0.000323
carmag_ChrY,7000000,8000000,0.000259
carmag_ChrY,7100000,8100000,0.000259
carmag_ChrY,7200000,8200000,0.000259
carmag_ChrY,7300000,8300000,0.000259
carmag_ChrY,7400000,8400000,0.000259
carmag_ChrY,7500000,8500000,0.000174
carmag_ChrY,7600000,8600000,0.000423
carmag_ChrY,7700000,8700000,0.000466
carmag_ChrY,7800000,8800000,0.000318
carmag_ChrY,7900000,8900000,0.000342
carmag_ChrY,8000000,9000000,0.000342
carmag_ChrY,8100000,9100000,0.000342
carmag_ChrY,8200000,9200000,0.000363
carmag_ChrY,8300000,9300000,0.000384
carmag_ChrY,8400000,9400000,0.000384
carmag_ChrY,8500000,9500000,0.000384
carmag_ChrY,8600000,9600000,0.000135
carmag_ChrY,8700000,9700000,0.000092
carmag_ChrY,8800000,9800000,0.000066
carmag_ChrY,8900000,9900000,0.000042
carmag_ChrY,9000000,10000000,0.000042
carmag_ChrY,9100000,10100000,0.000042
carmag_ChrY,9200000,10200000,0.000021
carmag_ChrY,9300000,10300000,0
carmag_ChrY,9400000,10400000,0
carmag_ChrY,9500000,10500000,0
carmag_ChrY,9600000,10600000,0.000042
carmag_ChrY,9700000,10700000,0.000042
carmag_ChrY,9800000,10800000,0.000042
carmag_ChrY,9900000,10900000,0.000042
carmag_ChrY,10000000,11000000,0.000085
carmag_ChrY,10100000,11100000,0.000085
carmag_ChrY,10200000,11200000,0.000169
carmag_ChrY,10300000,11300000,0.000169
carmag_ChrY,10400000,11400000,0.000169
carmag_ChrY,10500000,11500000,0.000212
carmag_ChrY,10600000,11600000,0.000212
carmag_ChrY,10700000,11700000,0.000243
carmag_ChrY,10800000,11800000,0.000243
carmag_ChrY,10900000,11900000,0.000243
carmag_ChrY,11000000,12000000,0.0003
carmag_ChrY,11100000,12100000,0.000546
carmag_ChrY,11200000,12200000,0.000505
carmag_ChrY,11300000,12300000,0.000505
carmag_ChrY,11400000,12400000,0.000505
carmag_ChrY,11500000,12500000,0.000462
carmag_ChrY,11600000,12600000,0.000531
carmag_ChrY,11700000,12700000,0.000522
carmag_ChrY,11800000,12800000,0.000543
carmag_ChrY,11900000,12900000,0.000776
carmag_ChrY,12000000,13000000,0.000676
carmag_ChrY,12100000,13100000,0.00043
carmag_ChrY,12200000,13200000,0.000387
carmag_ChrY,12300000,13300000,0.000387
carmag_ChrY,12400000,13400000,0.000515
carmag_ChrY,12500000,13500000,0.00086
carmag_ChrY,12600000,13600000,0.000749
carmag_ChrY,12700000,13700000,0.000727
carmag_ChrY,12800000,13800000,0.00092
carmag_ChrY,12900000,13900000,0.000751
carmag_ChrY,13000000,14000000,0.000816
carmag_ChrY,13100000,14100000,0.000847
carmag_ChrY,13200000,14200000,0.000935
carmag_ChrY,13300000,14300000,0.001236
carmag_ChrY,13400000,14400000,0.00113
carmag_ChrY,13500000,14500000,0.001491
carmag_ChrY,13600000,14600000,0.001579
carmag_ChrY,13700000,14700000,0.001579
carmag_ChrY,13800000,14800000,0.001476
carmag_ChrY,13900000,14900000,0.001454
carmag_ChrY,14000000,15000000,0.001452
carmag_ChrY,14100000,15100000,0.001531
carmag_ChrY,14200000,15200000,0.001572
carmag_ChrY,14300000,15300000,0.001292
carmag_ChrY,14400000,15400000,0.00127
carmag_ChrY,14500000,15500000,0.000586
carmag_ChrY,14600000,15600000,0.000498
carmag_ChrY,14700000,15700000,0.000498
carmag_ChrY,14800000,15800000,0.000387
carmag_ChrY,14900000,15900000,0.000387
carmag_ChrY,15000000,16000000,0.000324
carmag_ChrY,15100000,16100000,0.000214
carmag_ChrY,15200000,16200000,0.000278
carmag_ChrY,15300000,16300000,0.000278
carmag_ChrY,15400000,16400000,0.00032
carmag_ChrY,15500000,16500000,0.000426
carmag_ChrY,15600000,16600000,0.000532
carmag_ChrY,15700000,16700000,0.000574
carmag_ChrY,15800000,16800000,0.000595
carmag_ChrY,15900000,16900000,0.000597
carmag_ChrY,16000000,17000000,0.000618
carmag_ChrY,16100000,17100000,0.000618
carmag_ChrY,16200000,17200000,0.00062
carmag_ChrY,16300000,17300000,0.000599
carmag_ChrY,16400000,17400000,0.000557
carmag_ChrY,16500000,17500000,0.000429
carmag_ChrY,16600000,17600000,0.000323
carmag_ChrY,16700000,17700000,0.001397
carmag_ChrY,16800000,17800000,0.001443
carmag_ChrY,16900000,17900000,0.00142
carmag_ChrY,17000000,18000000,0.001399
carmag_ChrY,17100000,18100000,0.001554
carmag_ChrY,17200000,18200000,0.001359
carmag_ChrY,17300000,18300000,0.001359
carmag_ChrY,17400000,18400000,0.001531
carmag_ChrY,17500000,18500000,0.001617
carmag_ChrY,17600000,18600000,0.001704
carmag_ChrY,17700000,18700000,0.000609
carmag_ChrY,17800000,18800000,0.000563
carmag_ChrY,17900000,18900000,0.000542
carmag_ChrY,18000000,19000000,0.000542
carmag_ChrY,18100000,19100000,0.000429
carmag_ChrY,18200000,19200000,0.000429
carmag_ChrY,18300000,19300000,0.000429
carmag_ChrY,18400000,19400000,0.000299
carmag_ChrY,18500000,19500000,0.0004
carmag_ChrY,18600000,19600000,0.000336
carmag_ChrY,18700000,19700000,0.000315
carmag_ChrY,18800000,19800000,0.000294
carmag_ChrY,18900000,19900000,0.000294
carmag_ChrY,19000000,20000000,0.000315
carmag_ChrY,19100000,20100000,0.000273
carmag_ChrY,19200000,20200000,0.000294
carmag_ChrY,19300000,20300000,0.000294
carmag_ChrY,19400000,20400000,0.000252
carmag_ChrY,19500000,20500000,0.000065
carmag_ChrY,19600000,20600000,0.000042
carmag_ChrY,19700000,20700000,0.000042
carmag_ChrY,19800000,20800000,0.000042
carmag_ChrY,19900000,20900000,0.000088
carmag_ChrY,20000000,21000000,0.000153
carmag_ChrY,20100000,21100000,0.000174
carmag_ChrY,20200000,21200000,0.000208
carmag_ChrY,20300000,21300000,0.000292
carmag_ChrY,20400000,21400000,0.000292
carmag_ChrY,20500000,21500000,0.000292
carmag_ChrY,20600000,21600000,0.000292
carmag_ChrY,20700000,21700000,0.000432
carmag_ChrY,20800000,21800000,0.000432
carmag_ChrY,20900000,21900000,0.000386
carmag_ChrY,21000000,22000000,0.0003
carmag_ChrY,21100000,22100000,0.000279
carmag_ChrY,21200000,22200000,0.000224
carmag_ChrY,21300000,22300000,0.00014
carmag_ChrY,21400000,22400000,0.00014
carmag_ChrY,21500000,22500000,0.00014
carmag_ChrY,21600000,22600000,0.00014
carmag_ChrY,21700000,22700000,0
carmag_ChrY,21800000,22800000,0
carmag_ChrY,21900000,22900000,0
carmag_ChrY,22000000,23000000,0
carmag_ChrY,22100000,23100000,0
carmag_ChrY,22200000,23200000,0
carmag_ChrY,22300000,23300000,0
carmag_ChrY,22400000,23400000,0
carmag_ChrY,22500000,23500000,0
carmag_ChrY,22600000,23600000,0
carmag_ChrY,22700000,23700000,0
carmag_ChrY,22800000,23800000,0
carmag_ChrY,22900000,23900000,0
carmag_ChrY,23000000,24000000,0
carmag_ChrY,23100000,24100000,0
carmag_ChrY,23200000,24200000,0
carmag_ChrY,23300000,24300000,0
carmag_ChrY,23400000,24400000,0
carmag_ChrY,23500000,24500000,0
carmag_ChrY,23600000,24600000,0.000064
carmag_ChrY,23700000,24700000,0.000064
carmag_ChrY,23800000,24800000,0.000064
carmag_ChrY,23900000,24900000,0.000064
carmag_ChrY,24000000,25000000,0.000089
carmag_ChrY,24100000,25100000,0.00035
carmag_ChrY,24200000,25200000,0.000393
carmag_ChrY,24300000,25300000,0.000393
carmag_ChrY,24400000,25400000,0.000393
carmag_ChrY,24500000,25500000,0.000393
carmag_ChrY,24600000,25600000,0.000329
carmag_ChrY,24700000,25700000,0.000329
carmag_ChrY,24800000,25800000,0.000329
carmag_ChrY,24900000,25900000,0.000329
carmag_ChrY,25000000,26000000,0.000304
carmag_ChrY,25100000,26100000,0.000043
carmag_ChrY,25200000,26200000,0
carmag_ChrY,25300000,26300000,0
carmag_ChrY,25400000,26400000,0
carmag_ChrY,25500000,26500000,0
carmag_ChrY,25600000,26600000,0
carmag_ChrY,25700000,26700000,0
carmag_ChrY,25800000,26800000,0
carmag_ChrY,25900000,26900000,0
carmag_ChrY,26000000,27000000,0
carmag_ChrY,26100000,27100000,0
carmag_ChrY,26200000,27200000,0
carmag_ChrY,26300000,27300000,0
carmag_ChrY,26400000,27400000,0.000063
carmag_ChrY,26500000,27500000,0.000105
carmag_ChrY,26600000,27600000,0.000105
carmag_ChrY,26700000,27700000,0.000126
carmag_ChrY,26800000,27800000,0.000302
carmag_ChrY,26900000,27900000,0.000302
carmag_ChrY,27000000,28000000,0.000386
carmag_ChrY,27100000,28100000,0.000386
carmag_ChrY,27200000,28200000,0.000386
carmag_ChrY,27300000,28300000,0.000386
carmag_ChrY,27400000,28400000,0.000323
carmag_ChrY,27500000,28500000,0.000303
carmag_ChrY,27600000,28600000,0.000324
carmag_ChrY,27700000,28700000,0.000303
carmag_ChrY,27800000,28800000,0.000149
carmag_ChrY,27900000,28900000,0.000194
carmag_ChrY,28000000,29000000,0.000152
carmag_ChrY,28100000,29100000,0.000528
carmag_ChrY,28200000,29200000,0.000641
carmag_ChrY,28300000,29300000,0.001042
carmag_ChrY,28400000,29400000,0.001266
carmag_ChrY,28500000,29500000,0.001244
carmag_ChrY,28600000,29600000,0.00135
carmag_ChrY,28700000,29700000,0.002202
carmag_ChrY,28800000,29800000,0.004196
carmag_ChrY,28900000,29900000,0.018414
carmag_ChrY,29000000,30000000,0.034578
carmag_ChrY,29100000,30100000,0.049988
carmag_ChrY,29200000,30200000,0.077968
carmag_ChrY,29300000,30300000,0.098383
carmag_ChrY,29400000,30400000,0.121037
carmag_ChrY,29500000,30500000,0.140109
carmag_ChrY,29600000,30600000,0.15623
carmag_ChrY,29700000,30700000,0.18535
carmag_ChrY,29800000,30800000,0.20237
carmag_ChrY,29900000,30900000,0.211194
carmag_ChrY,30000000,31000000,0.224755
carmag_ChrY,30100000,31100000,0.241463
carmag_ChrY,30200000,31200000,0.228201
carmag_ChrY,30300000,31300000,0.219242
carmag_ChrY,30400000,31400000,0.216775
carmag_ChrY,30500000,31500000,0.223445
carmag_ChrY,30600000,31600000,0.2212
carmag_ChrY,30700000,31700000,0.194969
carmag_ChrY,30800000,31800000,0.180364
carmag_ChrY,30900000,31900000,0.181264
carmag_ChrY,31000000,32000000,0.167025
carmag_ChrY,31100000,32100000,0.143303
carmag_ChrY,31200000,32200000,0.143611
carmag_ChrY,31300000,32300000,0.162759
carmag_ChrY,31400000,32400000,0.163265
carmag_ChrY,31500000,32500000,0.176611
carmag_ChrY,31600000,32600000,0.199825
carmag_ChrY,31700000,32700000,0.226526
carmag_ChrY,31800000,32800000,0.243953
carmag_ChrY,31900000,32900000,0.233482
carmag_ChrY,32000000,33000000,0.232294
carmag_ChrY,32100000,33100000,0.237491
carmag_ChrY,32200000,33200000,0.235277
carmag_ChrY,32300000,33300000,0.214893
carmag_ChrY,32400000,33400000,0.218179
carmag_ChrY,32500000,33500000,0.215585
carmag_ChrY,32600000,33600000,0.210562
carmag_ChrY,32700000,33700000,0.200076
carmag_ChrY,32800000,33800000,0.195895
carmag_ChrY,32900000,33900000,0.210062
carmag_ChrY,33000000,34000000,0.205262
carmag_ChrY,33100000,34100000,0.197317
carmag_ChrY,33200000,34200000,0.202551
carmag_ChrY,33300000,34300000,0.21543
carmag_ChrY,33400000,34400000,0.216495
carmag_ChrY,33500000,34500000,0.193486
carmag_ChrY,33600000,34600000,0.202383
carmag_ChrY,33700000,34700000,0.203059
carmag_ChrY,33800000,34800000,0.205497
carmag_ChrY,33900000,34900000,0.201332
carmag_ChrY,34000000,35000000,0.220422
carmag_ChrY,34100000,35100000,0.227708
carmag_ChrY,34200000,35200000,0.21927
carmag_ChrY,34300000,35300000,0.202563
carmag_ChrY,34400000,35400000,0.189129
carmag_ChrY,34500000,35500000,0.187681
carmag_ChrY,34600000,35600000,0.15889
carmag_ChrY,34700000,35700000,0.147709
carmag_ChrY,34800000,35800000,0.140241
carmag_ChrY,34900000,35900000,0.135893
carmag_ChrY,35000000,36000000,0.122759
carmag_ChrY,35100000,36100000,0.128988
carmag_ChrY,35200000,36200000,0.133138
carmag_ChrY,35300000,36300000,0.14485
carmag_ChrY,35400000,36400000,0.150832
carmag_ChrY,35500000,36500000,0.158127
carmag_ChrY,35600000,36600000,0.175167
carmag_ChrY,35700000,36700000,0.187429
carmag_ChrY,35800000,36800000,0.191986
carmag_ChrY,35900000,36900000,0.186188
carmag_ChrY,36000000,37000000,0.18487
carmag_ChrY,36100000,37100000,0.178149
carmag_ChrY,36200000,37200000,0.189323
carmag_ChrY,36300000,37300000,0.17953
carmag_ChrY,36400000,37400000,0.182579
carmag_ChrY,36500000,37500000,0.17059
carmag_ChrY,36600000,37600000,0.184294
carmag_ChrY,36700000,37700000,0.17453
carmag_ChrY,36800000,37800000,0.157992
carmag_ChrY,36900000,37900000,0.144978
carmag_ChrY,37000000,38000000,0.132366
carmag_ChrY,37100000,38100000,0.120577
carmag_ChrY,37200000,38200000,0.096575
carmag_ChrY,37300000,38300000,0.08872
carmag_ChrY,37400000,38400000,0.069023
carmag_ChrY,37500000,38500000,0.062723
carmag_ChrY,37600000,38600000,0.020678
carmag_ChrY,37700000,38700000,0.009218
carmag_ChrY,37800000,38800000,0.009641
carmag_ChrY,37900000,38900000,0.010056
carmag_ChrY,38000000,39000000,0.010723
carmag_ChrY,38100000,39100000,0.018351
carmag_ChrY,38200000,39200000,0.038035
carmag_ChrY,38300000,39300000,0.056014
carmag_ChrY,38400000,39400000,0.079804
carmag_ChrY,38500000,39500000,0.113765
carmag_ChrY,38600000,39600000,0.138266
carmag_ChrY,38700000,39700000,0.145139
carmag_ChrY,38800000,39800000,0.166634
carmag_ChrY,38900000,39900000,0.192721
carmag_ChrY,39000000,40000000,0.213739
carmag_ChrY,39100000,40100000,0.217253
carmag_ChrY,39200000,40200000,0.209715
carmag_ChrY,39300000,40300000,0.197826
carmag_ChrY,39400000,40400000,0.191874
carmag_ChrY,39500000,40500000,0.173637
carmag_ChrY,39600000,40600000,0.166302
carmag_ChrY,39700000,40700000,0.172807
carmag_ChrY,39800000,40800000,0.170672
carmag_ChrY,39900000,40900000,0.169223
carmag_ChrY,40000000,41000000,0.157753
carmag_ChrY,40100000,41100000,0.176461
carmag_ChrY,40200000,41200000,0.179346
carmag_ChrY,40300000,41300000,0.213097
carmag_ChrY,40400000,41400000,0.230702
carmag_ChrY,40500000,41500000,0.224641
carmag_ChrY,40600000,41600000,0.221193
carmag_ChrY,40700000,41700000,0.235689
carmag_ChrY,40800000,41800000,0.240639
carmag_ChrY,40900000,41900000,0.226344
carmag_ChrY,41000000,42000000,0.220713
carmag_ChrY,41100000,42100000,0.19607
carmag_ChrY,41200000,42200000,0.194147
carmag_ChrY,41300000,42300000,0.170649
carmag_ChrY,41400000,42400000,0.154497
carmag_ChrY,41500000,42500000,0.161677
carmag_ChrY,41600000,42600000,0.160246
carmag_ChrY,41700000,42700000,0.144509
carmag_ChrY,41800000,42800000,0.144004
carmag_ChrY,41900000,42900000,0.147882
carmag_ChrY,42000000,43000000,0.155761
carmag_ChrY,42100000,43100000,0.164231
carmag_ChrY,42200000,43200000,0.16209
carmag_ChrY,42300000,43300000,0.159348
carmag_ChrY,42400000,43400000,0.150858
carmag_ChrY,42500000,43500000,0.141784
carmag_ChrY,42600000,43600000,0.134985
carmag_ChrY,42700000,43700000,0.125039
carmag_ChrY,42800000,43800000,0.1104
carmag_ChrY,42900000,43900000,0.103605
carmag_ChrY,43000000,44000000,0.094665
carmag_ChrY,43100000,44100000,0.089492
carmag_ChrY,43200000,44200000,0.084393
carmag_ChrY,43300000,44300000,0.076659
carmag_ChrY,43400000,44400000,0.078098
carmag_ChrY,43500000,44500000,0.081885
carmag_ChrY,43600000,44600000,0.086001
carmag_ChrY,43700000,44700000,0.089368
carmag_ChrY,43800000,44800000,0.10006
carmag_ChrY,43900000,44900000,0.106204
carmag_ChrY,44000000,45000000,0.114759
carmag_ChrY,44100000,45100000,0.115538
carmag_ChrY,44200000,45200000,0.121057
carmag_ChrY,44300000,45300000,0.127853
carmag_ChrY,44400000,45400000,0.14375
carmag_ChrY,44500000,45500000,0.160166
carmag_ChrY,44600000,45600000,0.164963
carmag_ChrY,44700000,45700000,0.168114
carmag_ChrY,44800000,45800000,0.162417
carmag_ChrY,44900000,45900000,0.175907
carmag_ChrY,45000000,46000000,0.181618
carmag_ChrY,45100000,46100000,0.193648
carmag_ChrY,45200000,46200000,0.198052
carmag_ChrY,45300000,46300000,0.217568
carmag_ChrY,45400000,46400000,0.198131
carmag_ChrY,45500000,46500000,0.192569
carmag_ChrY,45600000,46600000,0.187774
carmag_ChrY,45700000,46700000,0.189164
carmag_ChrY,45800000,46800000,0.179945
carmag_ChrY,45900000,46900000,0.159332
carmag_ChrY,46000000,47000000,0.146963
carmag_ChrY,46100000,47100000,0.131743
carmag_ChrY,46200000,47200000,0.121715
carmag_ChrY,46300000,47300000,0.10196
carmag_ChrY,46400000,47400000,0.098184
carmag_ChrY,46500000,47500000,0.099516
carmag_ChrY,46600000,47600000,0.10933
carmag_ChrY,46700000,47700000,0.101224
carmag_ChrY,46800000,47800000,0.108399
carmag_ChrY,46900000,47900000,0.115305
carmag_ChrY,47000000,48000000,0.126811
carmag_ChrY,47100000,48100000,0.124145
carmag_ChrY,47200000,48200000,0.134868
carmag_ChrY,47300000,48300000,0.134665
carmag_ChrY,47400000,48400000,0.151042
carmag_ChrY,47500000,48500000,0.140576
carmag_ChrY,47600000,48600000,0.130476
carmag_ChrY,47700000,48700000,0.138536
carmag_ChrY,47800000,48800000,0.149719
carmag_ChrY,47900000,48900000,0.156778
carmag_ChrY,48000000,49000000,0.149305
carmag_ChrY,48100000,49100000,0.177632
carmag_ChrY,48200000,49200000,0.17302
carmag_ChrY,48300000,49300000,0.176215
carmag_ChrY,48400000,49400000,0.180111
carmag_ChrY,48500000,49500000,0.186261
carmag_ChrY,48600000,49600000,0.207435
carmag_ChrY,48700000,49700000,0.217786
carmag_ChrY,48800000,49800000,0.212226
carmag_ChrY,48900000,49900000,0.215268
carmag_ChrY,49000000,50000000,0.224149
carmag_ChrY,49100000,50100000,0.197895
carmag_ChrY,49200000,50200000,0.206475
carmag_ChrY,49300000,50300000,0.205531
carmag_ChrY,49400000,50400000,0.191588
carmag_ChrY,49500000,50500000,0.187479
carmag_ChrY,49600000,50600000,0.17122
carmag_ChrY,49700000,50700000,0.160199
carmag_ChrY,49800000,50800000,0.157889
carmag_ChrY,49900000,50900000,0.151394
carmag_ChrY,50000000,51000000,0.141911
carmag_ChrY,50100000,51100000,0.142883
carmag_ChrY,50200000,51200000,0.145524
carmag_ChrY,50300000,51300000,0.158914
carmag_ChrY,50400000,51400000,0.16313
carmag_ChrY,50500000,51500000,0.161562
carmag_ChrY,50600000,51600000,0.172017
carmag_ChrY,50700000,51700000,0.180309
carmag_ChrY,50800000,51800000,0.175462
carmag_ChrY,50900000,51900000,0.165661
carmag_ChrY,51000000,52000000,0.18298
carmag_ChrY,51100000,52100000,0.190934
carmag_ChrY,51200000,52200000,0.177689
carmag_ChrY,51300000,52300000,0.170972
carmag_ChrY,51400000,52400000,0.169982
carmag_ChrY,51500000,52500000,0.173164
carmag_ChrY,51600000,52600000,0.156713
carmag_ChrY,51700000,52700000,0.146717
carmag_ChrY,51800000,52800000,0.143677
carmag_ChrY,51900000,52900000,0.153602
carmag_ChrY,52000000,53000000,0.141665
carmag_ChrY,52100000,53100000,0.136852
carmag_ChrY,52200000,53200000,0.144093
carmag_ChrY,52300000,53300000,0.135417
carmag_ChrY,52400000,53400000,0.138224
carmag_ChrY,52500000,53500000,0.169219
carmag_ChrY,52600000,53600000,0.173138
carmag_ChrY,52700000,53700000,0.196245
carmag_ChrY,52800000,53800000,0.201489
carmag_ChrY,52900000,53900000,0.20211
carmag_ChrY,53000000,54000000,0.195068
carmag_ChrY,53100000,54100000,0.196381
carmag_ChrY,53200000,54200000,0.186746
carmag_ChrY,53300000,54300000,0.185882
carmag_ChrY,53400000,54400000,0.178174
carmag_ChrY,53500000,54500000,0.137775
carmag_ChrY,53600000,54600000,0.134018
carmag_ChrY,53700000,54700000,0.11561
carmag_ChrY,53800000,54800000,0.111184
carmag_ChrY,53900000,54900000,0.103736
carmag_ChrY,54000000,55000000,0.107423
carmag_ChrY,54100000,55100000,0.113442
carmag_ChrY,54200000,55200000,0.123613
carmag_ChrY,54300000,55300000,0.125473
carmag_ChrY,54400000,55400000,0.144948
carmag_ChrY,54500000,55500000,0.165946
carmag_ChrY,54600000,55600000,0.172911
carmag_ChrY,54700000,55700000,0.177326
carmag_ChrY,54800000,55800000,0.17575
carmag_ChrY,54900000,55900000,0.183402
carmag_ChrY,55000000,56000000,0.192669
carmag_ChrY,55100000,56100000,0.201835
carmag_ChrY,55200000,56200000,0.217548
carmag_ChrY,55300000,56300000,0.212447
carmag_ChrY,55400000,56400000,0.21667
carmag_ChrY,55500000,56500000,0.211739
carmag_ChrY,55600000,56600000,0.21323
carmag_ChrY,55700000,56700000,0.208466
carmag_ChrY,55800000,56800000,0.21606
carmag_ChrY,55900000,56900000,0.232232
carmag_ChrY,56000000,57000000,0.236399
carmag_ChrY,56100000,57100000,0.219751
carmag_ChrY,56200000,57200000,0.206582
carmag_ChrY,56300000,57300000,0.228427
carmag_ChrY,56400000,57400000,0.212929
carmag_ChrY,56500000,57500000,0.205783
carmag_ChrY,56600000,57600000,0.215892
carmag_ChrY,56700000,57700000,0.220613
carmag_ChrY,56800000,57800000,0.215151
carmag_ChrY,56900000,57900000,0.18759
carmag_ChrY,57000000,58000000,0.167421
carmag_ChrY,57100000,58100000,0.175509
carmag_ChrY,57200000,58200000,0.165395
carmag_ChrY,57300000,58300000,0.161253
carmag_ChrY,57400000,58400000,0.15885
carmag_ChrY,57500000,58500000,0.163431
carmag_ChrY,57600000,58600000,0.168027
carmag_ChrY,57700000,58700000,0.17058
carmag_ChrY,57800000,58800000,0.176168
carmag_ChrY,57900000,58900000,0.193334
carmag_ChrY,58000000,59000000,0.194595
carmag_ChrY,58100000,59100000,0.190189
carmag_ChrY,58200000,59200000,0.203104
carmag_ChrY,58300000,59300000,0.183751
carmag_ChrY,58400000,59400000,0.1965
carmag_ChrY,58500000,59500000,0.178949
carmag_ChrY,58600000,59600000,0.168549
carmag_ChrY,58700000,59700000,0.181922
carmag_ChrY,58800000,59800000,0.198273
carmag_ChrY,58900000,59900000,0.204676
carmag_ChrY,59000000,60000000,0.238743
carmag_ChrY,59100000,60100000,0.260849
carmag_ChrY,59200000,60200000,0.25869
carmag_ChrY,59300000,60300000,0.274627
carmag_ChrY,59400000,60400000,0.267491
carmag_ChrY,59500000,60500000,0.275978
carmag_ChrY,59600000,60600000,0.272123
carmag_ChrY,59700000,60700000,0.265336
carmag_ChrY,59800000,60800000,0.242396
carmag_ChrY,59900000,60900000,0.222115
carmag_ChrY,60000000,61000000,0.204796
carmag_ChrY,60100000,61100000,0.197905
carmag_ChrY,60200000,61200000,0.207698
carmag_ChrY,60300000,61300000,0.206427
carmag_ChrY,60400000,61400000,0.205493
carmag_ChrY,60500000,61500000,0.232328
carmag_ChrY,60600000,61600000,0.222015
carmag_ChrY,60700000,61700000,0.21311
carmag_ChrY,60800000,61800000,0.216371
carmag_ChrY,60900000,61900000,0.237288
carmag_ChrY,61000000,62000000,0.246896
carmag_ChrY,61100000,62100000,0.236618
carmag_ChrY,61200000,62200000,0.234173
carmag_ChrY,61300000,62300000,0.230058
carmag_ChrY,61400000,62400000,0.223255
carmag_ChrY,61500000,62500000,0.20218
carmag_ChrY,61600000,62600000,0.219541
carmag_ChrY,61700000,62700000,0.217755
carmag_ChrY,61800000,62800000,0.229667
carmag_ChrY,61900000,62900000,0.221916
carmag_ChrY,62000000,63000000,0.199697
carmag_ChrY,62100000,63100000,0.191409
carmag_ChrY,62200000,63200000,0.173634
carmag_ChrY,62300000,63300000,0.164683
carmag_ChrY,62400000,63400000,0.162417
carmag_ChrY,62500000,63500000,0.171578
carmag_ChrY,62600000,63600000,0.168578
carmag_ChrY,62700000,63700000,0.168437
carmag_ChrY,62800000,63800000,0.17435
carmag_ChrY,62900000,63900000,0.175857
carmag_ChrY,63000000,64000000,0.184675
carmag_ChrY,63100000,64100000,0.192143
carmag_ChrY,63200000,64200000,0.200186
carmag_ChrY,63300000,64300000,0.200973
carmag_ChrY,63400000,64400000,0.203732
carmag_ChrY,63500000,64500000,0.198969
carmag_ChrY,63600000,64600000,0.213718
carmag_ChrY,63700000,64700000,0.206288
carmag_ChrY,63800000,64800000,0.18416
carmag_ChrY,63900000,64900000,0.173907
carmag_ChrY,64000000,65000000,0.170882
carmag_ChrY,64100000,65100000,0.174237
carmag_ChrY,64200000,65200000,0.174164
carmag_ChrY,64300000,65300000,0.183994
carmag_ChrY,64400000,65400000,0.174088
carmag_ChrY,64500000,65500000,0.169166
carmag_ChrY,64600000,65600000,0.147639
carmag_ChrY,64700000,65700000,0.171458
carmag_ChrY,64800000,65800000,0.18258
carmag_ChrY,64900000,65900000,0.189727
carmag_ChrY,65000000,66000000,0.194706
carmag_ChrY,65100000,66100000,0.189544
carmag_ChrY,65200000,66200000,0.181888
carmag_ChrY,65300000,66300000,0.180967
carmag_ChrY,65400000,66400000,0.190358
carmag_ChrY,65500000,66500000,0.190094
carmag_ChrY,65600000,66600000,0.197981
carmag_ChrY,65700000,66700000,0.178079
carmag_ChrY,65800000,66800000,0.176431
carmag_ChrY,65900000,66900000,0.18535
carmag_ChrY,66000000,67000000,0.187084
carmag_ChrY,66100000,67100000,0.182234
carmag_ChrY,66200000,67200000,0.179026
carmag_ChrY,66300000,67300000,0.172648
carmag_ChrY,66400000,67400000,0.169231
carmag_ChrY,66500000,67500000,0.164405
carmag_ChrY,66600000,67600000,0.15187
carmag_ChrY,66700000,67700000,0.153876
carmag_ChrY,66800000,67800000,0.140961
carmag_ChrY,66900000,67900000,0.119067
carmag_ChrY,67000000,68000000,0.129709
carmag_ChrY,67100000,68100000,0.135033
carmag_ChrY,67200000,68200000,0.137296
carmag_ChrY,67300000,68300000,0.140034
carmag_ChrY,67400000,68400000,0.154635
carmag_ChrY,67500000,68500000,0.150699
carmag_ChrY,67600000,68600000,0.157028
carmag_ChrY,67700000,68700000,0.162944
carmag_ChrY,67800000,68800000,0.175123
carmag_ChrY,67900000,68900000,0.177807
carmag_ChrY,68000000,69000000,0.161391
carmag_ChrY,68100000,69100000,0.173863
carmag_ChrY,68200000,69200000,0.195804
carmag_ChrY,68300000,69300000,0.198095
carmag_ChrY,68400000,69400000,0.186373
carmag_ChrY,68500000,69500000,0.200946
carmag_ChrY,68600000,69600000,0.210533
carmag_ChrY,68700000,69700000,0.229073
carmag_ChrY,68800000,69800000,0.233393
carmag_ChrY,68900000,69900000,0.241632
carmag_ChrY,69000000,70000000,0.24349
carmag_ChrY,69100000,70100000,0.234671
carmag_ChrY,69200000,70200000,0.220528
carmag_ChrY,69300000,70300000,0.221619
carmag_ChrY,69400000,70400000,0.217244
carmag_ChrY,69500000,70500000,0.204961
carmag_ChrY,69600000,70600000,0.214964
carmag_ChrY,69700000,70700000,0.197932
carmag_ChrY,69800000,70800000,0.205793
carmag_ChrY,69900000,70900000,0.212116
carmag_ChrY,70000000,71000000,0.214674
carmag_ChrY,70100000,71100000,0.198869
carmag_ChrY,70200000,71200000,0.201313
carmag_ChrY,70300000,71300000,0.210868
carmag_ChrY,70400000,71400000,0.21743
carmag_ChrY,70500000,71500000,0.218638
carmag_ChrY,70600000,71600000,0.195544
carmag_ChrY,70700000,71700000,0.203753
carmag_ChrY,70800000,71800000,0.197148
carmag_ChrY,70900000,71900000,0.186186
carmag_ChrY,71000000,72000000,0.189341
carmag_ChrY,71100000,72100000,0.206635
carmag_ChrY,71200000,72200000,0.212243
carmag_ChrY,71300000,72300000,0.204489
carmag_ChrY,71400000,72400000,0.196459
carmag_ChrY,71500000,72500000,0.195653
carmag_ChrY,71600000,72600000,0.186001
carmag_ChrY,71700000,72700000,0.162137
carmag_ChrY,71800000,72800000,0.161082
carmag_ChrY,71900000,72900000,0.15971
carmag_ChrY,72000000,73000000,0.152811
carmag_ChrY,72100000,73100000,0.137565
carmag_ChrY,72200000,73200000,0.131749
carmag_ChrY,72300000,73300000,0.13259
carmag_ChrY,72400000,73400000,0.152841
carmag_ChrY,72500000,73500000,0.154579
carmag_ChrY,72600000,73600000,0.167903
carmag_ChrY,72700000,73700000,0.177217
carmag_ChrY,72800000,73800000,0.173875
carmag_ChrY,72900000,73900000,0.169812
carmag_ChrY,73000000,74000000,0.175386
carmag_ChrY,73100000,74100000,0.188252
carmag_ChrY,73200000,74200000,0.185187
carmag_ChrY,73300000,74300000,0.181426
carmag_ChrY,73400000,74400000,0.170518
carmag_ChrY,73500000,74500000,0.179075
carmag_ChrY,73600000,74600000,0.180776
carmag_ChrY,73700000,74700000,0.177393
carmag_ChrY,73800000,74800000,0.177376
carmag_ChrY,73900000,74900000,0.188039
carmag_ChrY,74000000,75000000,0.180236
carmag_ChrY,74100000,75100000,0.17419
carmag_ChrY,74200000,75200000,0.167744
carmag_ChrY,74300000,75300000,0.165042
carmag_ChrY,74400000,75400000,0.167012
carmag_ChrY,74500000,75500000,0.170917
carmag_ChrY,74600000,75600000,0.169844
carmag_ChrY,74700000,75700000,0.173232
carmag_ChrY,74800000,75800000,0.170225
carmag_ChrY,74900000,75900000,0.19486
carmag_ChrY,75000000,76000000,0.189529
carmag_ChrY,75100000,76100000,0.18712
carmag_ChrY,75200000,76200000,0.190208
carmag_ChrY,75300000,76300000,0.190279
carmag_ChrY,75400000,76400000,0.189806
carmag_ChrY,75500000,76500000,0.175565
carmag_ChrY,75600000,76600000,0.169724
carmag_ChrY,75700000,76700000,0.173598
carmag_ChrY,75800000,76800000,0.179978
carmag_ChrY,75900000,76900000,0.138796
carmag_ChrY,76000000,77000000,0.137029
carmag_ChrY,76100000,77100000,0.150701
carmag_ChrY,76200000,77200000,0.154456
carmag_ChrY,76300000,77300000,0.157256
carmag_ChrY,76400000,77400000,0.157977
carmag_ChrY,76500000,77500000,0.165305
carmag_ChrY,76600000,77600000,0.171476
carmag_ChrY,76700000,77700000,0.170591
carmag_ChrY,76800000,77800000,0.169744
carmag_ChrY,76900000,77900000,0.186308
carmag_ChrY,77000000,78000000,0.20063
carmag_ChrY,77100000,78100000,0.198413
carmag_ChrY,77200000,78200000,0.200151
carmag_ChrY,77300000,78300000,0.201037
carmag_ChrY,77400000,78400000,0.200126
carmag_ChrY,77500000,78500000,0.203931
carmag_ChrY,77600000,78600000,0.19308
carmag_ChrY,77700000,78700000,0.185172
carmag_ChrY,77800000,78800000,0.177048
carmag_ChrY,77900000,78900000,0.170485
carmag_ChrY,78000000,79000000,0.16811
carmag_ChrY,78100000,79100000,0.169199
carmag_ChrY,78200000,79200000,0.170477
carmag_ChrY,78300000,79300000,0.193416
carmag_ChrY,78400000,79400000,0.203526
carmag_ChrY,78500000,79500000,0.203397
carmag_ChrY,78600000,79600000,0.223926
carmag_ChrY,78700000,79700000,0.228235
carmag_ChrY,78800000,79800000,0.240577
carmag_ChrY,78900000,79900000,0.254851
carmag_ChrY,79000000,80000000,0.253003
carmag_ChrY,79100000,80100000,0.246947
carmag_ChrY,79200000,80200000,0.24206
carmag_ChrY,79300000,80300000,0.213172
carmag_ChrY,79400000,80400000,0.211895
carmag_ChrY,79500000,80500000,0.2116
carmag_ChrY,79600000,80600000,0.207735
carmag_ChrY,79700000,80700000,0.212412
carmag_ChrY,79800000,80800000,0.207757
carmag_ChrY,79900000,80900000,0.195809
carmag_ChrY,80000000,81000000,0.192382
carmag_ChrY,80100000,81100000,0.191269
carmag_ChrY,80200000,81200000,0.190675
carmag_ChrY,80300000,81300000,0.192134
carmag_ChrY,80400000,81400000,0.183071
carmag_ChrY,80500000,81500000,0.178865
carmag_ChrY,80600000,81600000,0.194831
carmag_ChrY,80700000,81700000,0.199078
carmag_ChrY,80800000,81800000,0.196555
carmag_ChrY,80900000,81900000,0.1891
carmag_ChrY,81000000,82000000,0.19999
carmag_ChrY,81100000,82100000,0.207339
carmag_ChrY,81200000,82200000,0.210065
carmag_ChrY,81300000,82300000,0.229035
carmag_ChrY,81400000,82400000,0.220037
carmag_ChrY,81500000,82500000,0.222996
carmag_ChrY,81600000,82600000,0.199663
carmag_ChrY,81700000,82700000,0.182762
carmag_ChrY,81800000,82800000,0.17143
carmag_ChrY,81900000,82900000,0.194145
carmag_ChrY,82000000,83000000,0.181069
carmag_ChrY,82100000,83100000,0.17981
carmag_ChrY,82200000,83200000,0.175055
carmag_ChrY,82300000,83300000,0.152893
carmag_ChrY,82400000,83400000,0.157018
carmag_ChrY,82500000,83500000,0.155692
carmag_ChrY,82600000,83600000,0.144229
carmag_ChrY,82700000,83700000,0.14157
carmag_ChrY,82800000,83800000,0.145577
carmag_ChrY,82900000,83900000,0.151068
carmag_ChrY,83000000,84000000,0.160931
carmag_ChrY,83100000,84100000,0.149431
carmag_ChrY,83200000,84200000,0.150467
carmag_ChrY,83300000,84300000,0.161226
carmag_ChrY,83400000,84400000,0.16405
carmag_ChrY,83500000,84500000,0.164504
carmag_ChrY,83600000,84600000,0.18588
carmag_ChrY,83700000,84700000,0.20438
carmag_ChrY,83800000,84800000,0.211275
carmag_ChrY,83900000,84900000,0.190771
carmag_ChrY,84000000,85000000,0.189498
carmag_ChrY,84100000,85100000,0.215801
carmag_ChrY,84200000,85200000,0.223513
carmag_ChrY,84300000,85300000,0.227482
carmag_ChrY,84400000,85400000,0.227103
carmag_ChrY,84500000,85500000,0.225597
carmag_ChrY,84600000,85600000,0.214539
carmag_ChrY,84700000,85700000,0.210617
carmag_ChrY,84800000,85800000,0.212414
carmag_ChrY,84900000,85900000,0.226281
carmag_ChrY,85000000,86000000,0.224558
carmag_ChrY,85100000,86100000,0.199861
carmag_ChrY,85200000,86200000,0.194396
carmag_ChrY,85300000,86300000,0.196495
carmag_ChrY,85400000,86400000,0.203943
carmag_ChrY,85500000,86500000,0.203978
carmag_ChrY,85600000,86600000,0.209942
carmag_ChrY,85700000,86700000,0.204638
carmag_ChrY,85800000,86800000,0.203915
carmag_ChrY,85900000,86900000,0.185604
carmag_ChrY,86000000,87000000,0.190837
carmag_ChrY,86100000,87100000,0.190492
carmag_ChrY,86200000,87200000,0.193728
carmag_ChrY,86300000,87300000,0.18889
carmag_ChrY,86400000,87400000,0.187388
carmag_ChrY,86500000,87500000,0.182121
carmag_ChrY,86600000,87600000,0.176049
carmag_ChrY,86700000,87700000,0.18202
carmag_ChrY,86800000,87800000,0.174072
carmag_ChrY,86900000,87900000,0.179896
carmag_ChrY,87000000,88000000,0.156961
carmag_ChrY,87100000,88100000,0.146519
carmag_ChrY,87200000,88200000,0.128606
carmag_ChrY,87300000,88300000,0.107112
carmag_ChrY,87400000,88400000,0.086146
carmag_ChrY,87500000,88500000,0.10423
carmag_ChrY,87600000,88600000,0.104048
carmag_ChrY,87700000,88700000,0.111167
carmag_ChrY,87800000,88800000,0.111992
carmag_ChrY,87900000,88900000,0.116763
carmag_ChrY,88000000,89000000,0.131243
carmag_ChrY,88100000,89100000,0.153999
carmag_ChrY,88200000,89200000,0.181718
carmag_ChrY,88300000,89300000,0.201027
carmag_ChrY,88400000,89400000,0.210174
carmag_ChrY,88500000,89500000,0.191694
carmag_ChrY,88600000,89600000,0.20887
carmag_ChrY,88700000,89700000,0.19859
carmag_ChrY,88800000,89800000,0.193039
carmag_ChrY,88900000,89900000,0.175869
carmag_ChrY,89000000,90000000,0.168017
carmag_ChrY,89100000,90100000,0.155313
carmag_ChrY,89200000,90200000,0.137524
carmag_ChrY,89300000,90300000,0.12527
carmag_ChrY,89400000,90400000,0.130963
carmag_ChrY,89500000,90500000,0.141911
carmag_ChrY,89600000,90600000,0.12849
carmag_ChrY,89700000,90700000,0.136433
carmag_ChrY,89800000,90800000,0.150403
carmag_ChrY,89900000,90900000,0.155566
carmag_ChrY,90000000,91000000,0.165926
carmag_ChrY,90100000,91100000,0.171976
carmag_ChrY,90200000,91200000,0.173501
carmag_ChrY,90300000,91300000,0.185588
carmag_ChrY,90400000,91400000,0.18543
carmag_ChrY,90500000,91500000,0.176485
carmag_ChrY,90600000,91600000,0.165539
carmag_ChrY,90700000,91700000,0.153388
carmag_ChrY,90800000,91800000,0.154654
carmag_ChrY,90900000,91900000,0.154083
carmag_ChrY,91000000,92000000,0.145623
carmag_ChrY,91100000,92100000,0.152538
carmag_ChrY,91200000,92200000,0.144744
carmag_ChrY,91300000,92300000,0.144497
carmag_ChrY,91400000,92400000,0.13826
carmag_ChrY,91500000,92500000,0.145269
carmag_ChrY,91600000,92600000,0.159692
carmag_ChrY,91700000,92700000,0.165929
carmag_ChrY,91800000,92800000,0.170848
carmag_ChrY,91900000,92900000,0.183866
carmag_ChrY,92000000,93000000,0.207054
carmag_ChrY,92100000,93100000,0.203713
carmag_ChrY,92200000,93200000,0.214158
carmag_ChrY,92300000,93300000,0.233717
carmag_ChrY,92400000,93400000,0.252317
carmag_ChrY,92500000,93500000,0.251272
carmag_ChrY,92600000,93600000,0.244096
carmag_ChrY,92700000,93700000,0.234805
carmag_ChrY,92800000,93800000,0.218498
carmag_ChrY,92900000,93900000,0.203464
carmag_ChrY,93000000,94000000,0.188784
carmag_ChrY,93100000,94100000,0.181302
carmag_ChrY,93200000,94200000,0.188814
carmag_ChrY,93300000,94300000,0.173344
carmag_ChrY,93400000,94400000,0.158554
carmag_ChrY,93500000,94500000,0.159545
carmag_ChrY,93600000,94600000,0.155459
carmag_ChrY,93700000,94700000,0.175325
carmag_ChrY,93800000,94800000,0.196572
carmag_ChrY,93900000,94900000,0.197135
carmag_ChrY,94000000,95000000,0.193409
carmag_ChrY,94100000,95100000,0.193729
carmag_ChrY,94200000,95200000,0.192879
carmag_ChrY,94300000,95300000,0.20371
carmag_ChrY,94400000,95400000,0.209944
carmag_ChrY,94500000,95500000,0.211252
carmag_ChrY,94600000,95600000,0.214487
carmag_ChrY,94700000,95700000,0.20294
carmag_ChrY,94800000,95800000,0.198031
carmag_ChrY,94900000,95900000,0.202869
carmag_ChrY,95000000,96000000,0.207518
carmag_ChrY,95100000,96100000,0.207147
carmag_ChrY,95200000,96200000,0.202807
carmag_ChrY,95300000,96300000,0.183616
carmag_ChrY,95400000,96400000,0.192219
carmag_ChrY,95500000,96500000,0.19629
carmag_ChrY,95600000,96600000,0.227948
carmag_ChrY,95700000,96700000,0.22126
carmag_ChrY,95800000,96800000,0.213313
carmag_ChrY,95900000,96900000,0.218958
carmag_ChrY,96000000,97000000,0.211994
carmag_ChrY,96100000,97100000,0.206856
carmag_ChrY,96200000,97200000,0.211225
carmag_ChrY,96300000,97300000,0.213475
carmag_ChrY,96400000,97400000,0.195192
carmag_ChrY,96500000,97500000,0.178603
carmag_ChrY,96600000,97600000,0.152723
carmag_ChrY,96700000,97700000,0.152538
carmag_ChrY,96800000,97800000,0.185365
carmag_ChrY,96900000,97900000,0.184341
carmag_ChrY,97000000,98000000,0.18304
carmag_ChrY,97100000,98100000,0.175164
carmag_ChrY,97200000,98200000,0.159585
carmag_ChrY,97300000,98300000,0.154853
carmag_ChrY,97400000,98400000,0.161235
carmag_ChrY,97500000,98500000,0.168962
carmag_ChrY,97600000,98600000,0.165504
carmag_ChrY,97700000,98700000,0.168336
carmag_ChrY,97800000,98800000,0.131277
carmag_ChrY,97900000,98900000,0.129422
carmag_ChrY,98000000,99000000,0.131648
carmag_ChrY,98100000,99100000,0.161357
carmag_ChrY,98200000,99200000,0.169071
carmag_ChrY,98300000,99300000,0.16832
carmag_ChrY,98400000,99400000,0.176173
carmag_ChrY,98500000,99500000,0.175817
carmag_ChrY,98600000,99600000,0.171302
carmag_ChrY,98700000,99700000,0.168949
carmag_ChrY,98800000,99800000,0.179226
carmag_ChrY,98900000,99900000,0.17565
carmag_ChrY,99000000,100000000,0.188397
carmag_ChrY,99100000,100100000,0.175945
carmag_ChrY,99200000,100200000,0.172228
carmag_ChrY,99300000,100300000,0.185864
carmag_ChrY,99400000,100400000,0.191192
carmag_ChrY,99500000,100500000,0.186931
carmag_ChrY,99600000,100600000,0.195858
carmag_ChrY,99700000,100700000,0.205785
carmag_ChrY,99800000,100800000,0.218553
carmag_ChrY,99900000,100900000,0.228471
carmag_ChrY,100000000,101000000,0.207165
carmag_ChrY,100100000,101100000,0.207647
carmag_ChrY,100200000,101200000,0.214288
carmag_ChrY,100300000,101300000,0.213565
carmag_ChrY,100400000,101400000,0.219814
carmag_ChrY,100500000,101500000,0.226093
carmag_ChrY,100600000,101600000,0.215162
carmag_ChrY,100700000,101700000,0.233657
carmag_ChrY,100800000,101800000,0.221703
carmag_ChrY,100900000,101900000,0.226684
carmag_ChrY,101000000,102000000,0.242763
carmag_ChrY,101100000,102100000,0.239918
carmag_ChrY,101200000,102200000,0.234996
carmag_ChrY,101300000,102300000,0.229076
carmag_ChrY,101400000,102400000,0.223388
carmag_ChrY,101500000,102500000,0.2315
carmag_ChrY,101600000,102600000,0.240106
carmag_ChrY,101700000,102700000,0.221961
carmag_ChrY,101800000,102800000,0.223119
carmag_ChrY,101900000,102900000,0.214245
carmag_ChrY,102000000,103000000,0.216148
carmag_ChrY,102100000,103100000,0.238285
carmag_ChrY,102200000,103200000,0.250657
carmag_ChrY,102300000,103300000,0.257522
carmag_ChrY,102400000,103400000,0.241335
carmag_ChrY,102500000,103500000,0.229216
carmag_ChrY,102600000,103600000,0.265215
carmag_ChrY,102700000,103700000,0.275025
carmag_ChrY,102800000,103800000,0.269166
carmag_ChrY,102900000,103900000,0.270952
carmag_ChrY,103000000,104000000,0.261234
carmag_ChrY,103100000,104100000,0.248516
carmag_ChrY,103200000,104200000,0.244664
carmag_ChrY,103300000,104300000,0.222321
carmag_ChrY,103400000,104400000,0.217585
carmag_ChrY,103500000,104500000,0.22316
carmag_ChrY,103600000,104600000,0.190907
carmag_ChrY,103700000,104700000,0.204768
carmag_ChrY,103800000,104800000,0.213159
carmag_ChrY,103900000,104900000,0.220365
carmag_ChrY,104000000,105000000,0.230743
carmag_ChrY,104100000,105100000,0.23288
carmag_ChrY,104200000,105200000,0.225742
carmag_ChrY,104300000,105300000,0.232543
carmag_ChrY,104400000,105400000,0.253911
carmag_ChrY,104500000,105500000,0.279364
carmag_ChrY,104600000,105600000,0.287791
carmag_ChrY,104700000,105700000,0.266729
carmag_ChrY,104800000,105800000,0.247732
carmag_ChrY,104900000,105900000,0.237121
carmag_ChrY,105000000,106000000,0.230269
carmag_ChrY,105100000,106100000,0.217801
carmag_ChrY,105200000,106200000,0.211296
carmag_ChrY,105300000,106300000,0.221466
carmag_ChrY,105400000,106400000,0.201106
carmag_ChrY,105500000,106500000,0.168574
carmag_ChrY,105600000,106600000,0.153988
carmag_ChrY,105700000,106700000,0.144655
carmag_ChrY,105800000,106800000,0.152461
carmag_ChrY,105900000,106900000,0.158013
carmag_ChrY,106000000,107000000,0.158233
carmag_ChrY,106100000,107100000,0.161487
carmag_ChrY,106200000,107200000,0.166066
carmag_ChrY,106300000,107300000,0.162849
carmag_ChrY,106400000,107400000,0.168769
carmag_ChrY,106500000,107500000,0.177722
carmag_ChrY,106600000,107600000,0.184695
carmag_ChrY,106700000,107700000,0.205413
carmag_ChrY,106800000,107800000,0.200222
carmag_ChrY,106900000,107900000,0.19158
carmag_ChrY,107000000,108000000,0.214996
carmag_ChrY,107100000,108100000,0.214907
carmag_ChrY,107200000,108200000,0.221043
carmag_ChrY,107300000,108300000,0.213094
carmag_ChrY,107400000,108400000,0.210002
carmag_ChrY,107500000,108500000,0.19698
carmag_ChrY,107600000,108600000,0.188464
carmag_ChrY,107700000,108700000,0.163962
carmag_ChrY,107800000,108800000,0.166159
carmag_ChrY,107900000,108900000,0.172565
carmag_ChrY,108000000,109000000,0.15095
carmag_ChrY,108100000,109100000,0.146541
carmag_ChrY,108200000,109200000,0.155687
carmag_ChrY,108300000,109300000,0.161466
carmag_ChrY,108400000,109400000,0.184076
carmag_ChrY,108500000,109500000,0.202486
carmag_ChrY,108600000,109600000,0.204822
carmag_ChrY,108700000,109700000,0.202124
carmag_ChrY,108800000,109800000,0.192738
carmag_ChrY,108900000,109900000,0.189154
carmag_ChrY,109000000,110000000,0.19503
carmag_ChrY,109100000,110100000,0.219446
carmag_ChrY,109200000,110200000,0.217996
carmag_ChrY,109300000,110300000,0.219516
carmag_ChrY,109400000,110400000,0.207266
carmag_ChrY,109500000,110500000,0.195238
carmag_ChrY,109600000,110600000,0.205477
carmag_ChrY,109700000,110633678,0.2163958
carmag_ChrY,109800000,110633678,0.2368156
carmag_ChrY,109900000,110633678,0.2459267
carmag_ChrY,110000000,110633678,0.2438904
carmag_ChrY,110100000,110633678,0.2177643
carmag_ChrY,110200000,110633678,0.206877
carmag_ChrY,110300000,110633678,0.2168258
carmag_ChrY,110400000,110633678,0.2103536
carmag_ChrY,110500000,110633678,0.2385658
carmag_ChrY,110600000,110633678,0.1266702
carmag_ChrX,0,1000000,0.000021
carmag_ChrX,100000,1100000,0.000065
carmag_ChrX,200000,1200000,0.000065
carmag_ChrX,300000,1300000,0.000065
carmag_ChrX,400000,1400000,0.000065
carmag_ChrX,500000,1500000,0.000065
carmag_ChrX,600000,1600000,0.000065
carmag_ChrX,700000,1700000,0.00015
carmag_ChrX,800000,1800000,0.000171
carmag_ChrX,900000,1900000,0.000171
carmag_ChrX,1000000,2000000,0.00028
carmag_ChrX,1100000,2100000,0.000265
carmag_ChrX,1200000,2200000,0.000265
carmag_ChrX,1300000,2300000,0.000265
carmag_ChrX,1400000,2400000,0.000265
carmag_ChrX,1500000,2500000,0.000265
carmag_ChrX,1600000,2600000,0.000286
carmag_ChrX,1700000,2700000,0.00018
carmag_ChrX,1800000,2800000,0.000159
carmag_ChrX,1900000,2900000,0.000159
carmag_ChrX,2000000,3000000,0.000092
carmag_ChrX,2100000,3100000,0.000063
carmag_ChrX,2200000,3200000,0.000109
carmag_ChrX,2300000,3300000,0.00013
carmag_ChrX,2400000,3400000,0.000151
carmag_ChrX,2500000,3500000,0.000151
carmag_ChrX,2600000,3600000,0.00013
carmag_ChrX,2700000,3700000,0.00013
carmag_ChrX,2800000,3800000,0.000151
carmag_ChrX,2900000,3900000,0.000151
carmag_ChrX,3000000,4000000,0.000109
carmag_ChrX,3100000,4100000,0.000109
carmag_ChrX,3200000,4200000,0.000063
carmag_ChrX,3300000,4300000,0.000042
carmag_ChrX,3400000,4400000,0.000021
carmag_ChrX,3500000,4500000,0.000021
carmag_ChrX,3600000,4600000,0.000066
carmag_ChrX,3700000,4700000,0.000066
carmag_ChrX,3800000,4800000,0.000045
carmag_ChrX,3900000,4900000,0.000066
carmag_ChrX,4000000,5000000,0.000066
carmag_ChrX,4100000,5100000,0.000066
carmag_ChrX,4200000,5200000,0.000066
carmag_ChrX,4300000,5300000,0.000066
carmag_ChrX,4400000,5400000,0.000066
carmag_ChrX,4500000,5500000,0.000066
carmag_ChrX,4600000,5600000,0.000021
carmag_ChrX,4700000,5700000,0.000021
carmag_ChrX,4800000,5800000,0.000042
carmag_ChrX,4900000,5900000,0.000042
carmag_ChrX,5000000,6000000,0.000042
carmag_ChrX,5100000,6100000,0.000042
carmag_ChrX,5200000,6200000,0.000042
carmag_ChrX,5300000,6300000,0.000042
carmag_ChrX,5400000,6400000,0.000042
carmag_ChrX,5500000,6500000,0.000042
carmag_ChrX,5600000,6600000,0.000063
carmag_ChrX,5700000,6700000,0.000063
carmag_ChrX,5800000,6800000,0.000042
carmag_ChrX,5900000,6900000,0.000021
carmag_ChrX,6000000,7000000,0.000042
carmag_ChrX,6100000,7100000,0.000042
carmag_ChrX,6200000,7200000,0.000084
carmag_ChrX,6300000,7300000,0.000148
carmag_ChrX,6400000,7400000,0.000191
carmag_ChrX,6500000,7500000,0.000191
carmag_ChrX,6600000,7600000,0.000235
carmag_ChrX,6700000,7700000,0.000345
carmag_ChrX,6800000,7800000,0.000345
carmag_ChrX,6900000,7900000,0.000345
carmag_ChrX,7000000,8000000,0.000355
carmag_ChrX,7100000,8100000,0.000376
carmag_ChrX,7200000,8200000,0.000334
carmag_ChrX,7300000,8300000,0.000292
carmag_ChrX,7400000,8400000,0.000455
carmag_ChrX,7500000,8500000,0.000476
carmag_ChrX,7600000,8600000,0.000411
carmag_ChrX,7700000,8700000,0.000327
carmag_ChrX,7800000,8800000,0.000351
carmag_ChrX,7900000,8900000,0.000351
carmag_ChrX,8000000,9000000,0.000633
carmag_ChrX,8100000,9100000,0.000612
carmag_ChrX,8200000,9200000,0.000612
carmag_ChrX,8300000,9300000,0.000696
carmag_ChrX,8400000,9400000,0.000511
carmag_ChrX,8500000,9500000,0.001008
carmag_ChrX,8600000,9600000,0.001785
carmag_ChrX,8700000,9700000,0.001759
carmag_ChrX,8800000,9800000,0.001844
carmag_ChrX,8900000,9900000,0.001844
carmag_ChrX,9000000,10000000,0.001531
carmag_ChrX,9100000,10100000,0.001531
carmag_ChrX,9200000,10200000,0.001594
carmag_ChrX,9300000,10300000,0.001531
carmag_ChrX,9400000,10400000,0.001531
carmag_ChrX,9500000,10500000,0.001013
carmag_ChrX,9600000,10600000,0.000236
carmag_ChrX,9700000,10700000,0.000236
carmag_ChrX,9800000,10800000,0.000257
carmag_ChrX,9900000,10900000,0.000257
carmag_ChrX,10000000,11000000,0.000257
carmag_ChrX,10100000,11100000,0.000287
carmag_ChrX,10200000,11200000,0.000267
carmag_ChrX,10300000,11300000,0.000266
carmag_ChrX,10400000,11400000,0.000245
carmag_ChrX,10500000,11500000,0.00031
carmag_ChrX,10600000,11600000,0.000865
carmag_ChrX,10700000,11700000,0.001385
carmag_ChrX,10800000,11800000,0.001304
carmag_ChrX,10900000,11900000,0.001304
carmag_ChrX,11000000,12000000,0.001304
carmag_ChrX,11100000,12100000,0.00134
carmag_ChrX,11200000,12200000,0.001297
carmag_ChrX,11300000,12300000,0.001319
carmag_ChrX,11400000,12400000,0.00134
carmag_ChrX,11500000,12500000,0.001318
carmag_ChrX,11600000,12600000,0.000805
carmag_ChrX,11700000,12700000,0.000371
carmag_ChrX,11800000,12800000,0.000322
carmag_ChrX,11900000,12900000,0.000322
carmag_ChrX,12000000,13000000,0.000322
carmag_ChrX,12100000,13100000,0.000256
carmag_ChrX,12200000,13200000,0.000256
carmag_ChrX,12300000,13300000,0.000192
carmag_ChrX,12400000,13400000,0.000171
carmag_ChrX,12500000,13500000,0.000128
carmag_ChrX,12600000,13600000,0.000108
carmag_ChrX,12700000,13700000,0.0001
carmag_ChrX,12800000,13800000,0.000148
carmag_ChrX,12900000,13900000,0.000169
carmag_ChrX,13000000,14000000,0.000169
carmag_ChrX,13100000,14100000,0.000197
carmag_ChrX,13200000,14200000,0.000197
carmag_ChrX,13300000,14300000,0.000239
carmag_ChrX,13400000,14400000,0.00026
carmag_ChrX,13500000,14500000,0.000344
carmag_ChrX,13600000,14600000,0.000322
carmag_ChrX,13700000,14700000,0.000287
carmag_ChrX,13800000,14800000,0.000306
carmag_ChrX,13900000,14900000,0.000327
carmag_ChrX,14000000,15000000,0.000348
carmag_ChrX,14100000,15100000,0.000341
carmag_ChrX,14200000,15200000,0.000472
carmag_ChrX,14300000,15300000,0.000458
carmag_ChrX,14400000,15400000,0.000458
carmag_ChrX,14500000,15500000,0.000565
carmag_ChrX,14600000,15600000,0.000565
carmag_ChrX,14700000,15700000,0.000522
carmag_ChrX,14800000,15800000,0.000476
carmag_ChrX,14900000,15900000,0.000434
carmag_ChrX,15000000,16000000,0.000413
carmag_ChrX,15100000,16100000,0.000413
carmag_ChrX,15200000,16200000,0.00043
carmag_ChrX,15300000,16300000,0.000402
carmag_ChrX,15400000,16400000,0.000381
carmag_ChrX,15500000,16500000,0.000211
carmag_ChrX,15600000,16600000,0.000211
carmag_ChrX,15700000,16700000,0.000297
carmag_ChrX,15800000,16800000,0.000276
carmag_ChrX,15900000,16900000,0.000276
carmag_ChrX,16000000,17000000,0.00032
carmag_ChrX,16100000,17100000,0.000299
carmag_ChrX,16200000,17200000,0.000151
carmag_ChrX,16300000,17300000,0.000227
carmag_ChrX,16400000,17400000,0.001155
carmag_ChrX,16500000,17500000,0.001197
carmag_ChrX,16600000,17600000,0.001197
carmag_ChrX,16700000,17700000,0.001156
carmag_ChrX,16800000,17800000,0.001177
carmag_ChrX,16900000,17900000,0.001198
carmag_ChrX,17000000,18000000,0.001154
carmag_ChrX,17100000,18100000,0.001154
carmag_ChrX,17200000,18200000,0.001154
carmag_ChrX,17300000,18300000,0.001078
carmag_ChrX,17400000,18400000,0.00015
carmag_ChrX,17500000,18500000,0.000087
carmag_ChrX,17600000,18600000,0.000087
carmag_ChrX,17700000,18700000,0.000084
carmag_ChrX,17800000,18800000,0.000063
carmag_ChrX,17900000,18900000,0.000042
carmag_ChrX,18000000,19000000,0.000084
carmag_ChrX,18100000,19100000,0.000105
carmag_ChrX,18200000,19200000,0.000152
carmag_ChrX,18300000,19300000,0.000274
carmag_ChrX,18400000,19400000,0.000299
carmag_ChrX,18500000,19500000,0.000322
carmag_ChrX,18600000,19600000,0.000322
carmag_ChrX,18700000,19700000,0.00028
carmag_ChrX,18800000,19800000,0.00028
carmag_ChrX,18900000,19900000,0.00028
carmag_ChrX,19000000,20000000,0.000328
carmag_ChrX,19100000,20100000,0.000349
carmag_ChrX,19200000,20200000,0.000302
carmag_ChrX,19300000,20300000,0.00018
carmag_ChrX,19400000,20400000,0.000155
carmag_ChrX,19500000,20500000,0.000132
carmag_ChrX,19600000,20600000,0.000132
carmag_ChrX,19700000,20700000,0.000132
carmag_ChrX,19800000,20800000,0.000132
carmag_ChrX,19900000,20900000,0.000153
carmag_ChrX,20000000,21000000,0.000063
carmag_ChrX,20100000,21100000,0.000021
carmag_ChrX,20200000,21200000,0.000021
carmag_ChrX,20300000,21300000,0.000021
carmag_ChrX,20400000,21400000,0.000021
carmag_ChrX,20500000,21500000,0.000021
carmag_ChrX,20600000,21600000,0.000021
carmag_ChrX,20700000,21700000,0.000021
carmag_ChrX,20800000,21800000,0.000021
carmag_ChrX,20900000,21900000,0
carmag_ChrX,21000000,22000000,0.000021
carmag_ChrX,21100000,22100000,0.000045
carmag_ChrX,21200000,22200000,0.000045
carmag_ChrX,21300000,22300000,0.000045
carmag_ChrX,21400000,22400000,0.000045
carmag_ChrX,21500000,22500000,0.000045
carmag_ChrX,21600000,22600000,0.000045
carmag_ChrX,21700000,22700000,0.000045
carmag_ChrX,21800000,22800000,0.000045
carmag_ChrX,21900000,22900000,0.000045
carmag_ChrX,22000000,23000000,0.000024
carmag_ChrX,22100000,23100000,0
carmag_ChrX,22200000,23200000,0
carmag_ChrX,22300000,23300000,0
carmag_ChrX,22400000,23400000,0.000106
carmag_ChrX,22500000,23500000,0.000137
carmag_ChrX,22600000,23600000,0.000137
carmag_ChrX,22700000,23700000,0.000137
carmag_ChrX,22800000,23800000,0.000137
carmag_ChrX,22900000,23900000,0.000137
carmag_ChrX,23000000,24000000,0.000137
carmag_ChrX,23100000,24100000,0.000137
carmag_ChrX,23200000,24200000,0.000137
carmag_ChrX,23300000,24300000,0.000137
carmag_ChrX,23400000,24400000,0.000031
carmag_ChrX,23500000,24500000,0
carmag_ChrX,23600000,24600000,0.000257
carmag_ChrX,23700000,24700000,0.000257
carmag_ChrX,23800000,24800000,0.000257
carmag_ChrX,23900000,24900000,0.000257
carmag_ChrX,24000000,25000000,0.000257
carmag_ChrX,24100000,25100000,0.000257
carmag_ChrX,24200000,25200000,0.000278
carmag_ChrX,24300000,25300000,0.000278
carmag_ChrX,24400000,25400000,0.000278
carmag_ChrX,24500000,25500000,0.000278
carmag_ChrX,24600000,25600000,0.000021
carmag_ChrX,24700000,25700000,0.000021
carmag_ChrX,24800000,25800000,0.000021
carmag_ChrX,24900000,25900000,0.000021
carmag_ChrX,25000000,26000000,0.000021
carmag_ChrX,25100000,26100000,0.000021
carmag_ChrX,25200000,26200000,0
carmag_ChrX,25300000,26300000,0
carmag_ChrX,25400000,26400000,0
carmag_ChrX,25500000,26500000,0
carmag_ChrX,25600000,26600000,0.000021
carmag_ChrX,25700000,26700000,0.000105
carmag_ChrX,25800000,26800000,0.000105
carmag_ChrX,25900000,26900000,0.000105
carmag_ChrX,26000000,27000000,0.000105
carmag_ChrX,26100000,27100000,0.000148
carmag_ChrX,26200000,27200000,0.000278
carmag_ChrX,26300000,27300000,0.000278
carmag_ChrX,26400000,27400000,0.000278
carmag_ChrX,26500000,27500000,0.000278
carmag_ChrX,26600000,27600000,0.000257
carmag_ChrX,26700000,27700000,0.000173
carmag_ChrX,26800000,27800000,0.000173
carmag_ChrX,26900000,27900000,0.000173
carmag_ChrX,27000000,28000000,0.000173
carmag_ChrX,27100000,28100000,0.00013
carmag_ChrX,27200000,28200000,0.000022
carmag_ChrX,27300000,28300000,0.000067
carmag_ChrX,27400000,28400000,0.000111
carmag_ChrX,27500000,28500000,0.000445
carmag_ChrX,27600000,28600000,0.000513
carmag_ChrX,27700000,28700000,0.000513
carmag_ChrX,27800000,28800000,0.000513
carmag_ChrX,27900000,28900000,0.000534
carmag_ChrX,28000000,29000000,0.000534
carmag_ChrX,28100000,29100000,0.000534
carmag_ChrX,28200000,29200000,0.000512
carmag_ChrX,28300000,29300000,0.000467
carmag_ChrX,28400000,29400000,0.000546
carmag_ChrX,28500000,29500000,0.000212
carmag_ChrX,28600000,29600000,0.000144
carmag_ChrX,28700000,29700000,0.000144
carmag_ChrX,28800000,29800000,0.000144
carmag_ChrX,28900000,29900000,0.000123
carmag_ChrX,29000000,30000000,0.000123
carmag_ChrX,29100000,30100000,0.000123
carmag_ChrX,29200000,30200000,0.000144
carmag_ChrX,29300000,30300000,0.000144
carmag_ChrX,29400000,30400000,0.000042
carmag_ChrX,29500000,30500000,0.000064
carmag_ChrX,29600000,30600000,0.000106
carmag_ChrX,29700000,30700000,0.00013
carmag_ChrX,29800000,30800000,0.000151
carmag_ChrX,29900000,30900000,0.000151
carmag_ChrX,30000000,31000000,0.000151
carmag_ChrX,30100000,31100000,0.000151
carmag_ChrX,30200000,31200000,0.00013
carmag_ChrX,30300000,31300000,0.00013
carmag_ChrX,30400000,31400000,0.000109
carmag_ChrX,30500000,31500000,0.000087
carmag_ChrX,30600000,31600000,0.000045
carmag_ChrX,30700000,31700000,0.000021
carmag_ChrX,30800000,31800000,0
carmag_ChrX,30900000,31900000,0
carmag_ChrX,31000000,32000000,0
carmag_ChrX,31100000,32100000,0
carmag_ChrX,31200000,32200000,0
carmag_ChrX,31300000,32300000,0
carmag_ChrX,31400000,32400000,0
carmag_ChrX,31500000,32500000,0.000044
carmag_ChrX,31600000,32600000,0.000065
carmag_ChrX,31700000,32700000,0.000065
carmag_ChrX,31800000,32800000,0.000065
carmag_ChrX,31900000,32900000,0.000112
carmag_ChrX,32000000,33000000,0.000112
carmag_ChrX,32100000,33100000,0.000112
carmag_ChrX,32200000,33200000,0.000135
carmag_ChrX,32300000,33300000,0.000135
carmag_ChrX,32400000,33400000,0.000135
carmag_ChrX,32500000,33500000,0.000091
carmag_ChrX,32600000,33600000,0.00007
carmag_ChrX,32700000,33700000,0.00007
carmag_ChrX,32800000,33800000,0.00007
carmag_ChrX,32900000,33900000,0.000023
carmag_ChrX,33000000,34000000,0.000023
carmag_ChrX,33100000,34100000,0.000023
carmag_ChrX,33200000,34200000,0
carmag_ChrX,33300000,34300000,0
carmag_ChrX,33400000,34400000,0
carmag_ChrX,33500000,34500000,0
carmag_ChrX,33600000,34600000,0
carmag_ChrX,33700000,34700000,0
carmag_ChrX,33800000,34800000,0
carmag_ChrX,33900000,34900000,0
carmag_ChrX,34000000,35000000,0
carmag_ChrX,34100000,35100000,0
carmag_ChrX,34200000,35200000,0
carmag_ChrX,34300000,35300000,0
carmag_ChrX,34400000,35400000,0
carmag_ChrX,34500000,35500000,0
carmag_ChrX,34600000,35600000,0
carmag_ChrX,34700000,35700000,0
carmag_ChrX,34800000,35800000,0
carmag_ChrX,34900000,35900000,0
carmag_ChrX,35000000,36000000,0
carmag_ChrX,35100000,36100000,0
carmag_ChrX,35200000,36200000,0
carmag_ChrX,35300000,36300000,0
carmag_ChrX,35400000,36400000,0
carmag_ChrX,35500000,36500000,0
carmag_ChrX,35600000,36600000,0
carmag_ChrX,35700000,36700000,0
carmag_ChrX,35800000,36800000,0
carmag_ChrX,35900000,36900000,0
carmag_ChrX,36000000,37000000,0
carmag_ChrX,36100000,37100000,0
carmag_ChrX,36200000,37200000,0
carmag_ChrX,36300000,37300000,0
carmag_ChrX,36400000,37400000,0
carmag_ChrX,36500000,37500000,0
carmag_ChrX,36600000,37600000,0
carmag_ChrX,36700000,37700000,0
carmag_ChrX,36800000,37800000,0
carmag_ChrX,36900000,37900000,0
carmag_ChrX,37000000,38000000,0
carmag_ChrX,37100000,38100000,0
carmag_ChrX,37200000,38200000,0
carmag_ChrX,37300000,38300000,0
carmag_ChrX,37400000,38400000,0
carmag_ChrX,37500000,38500000,0.000021
carmag_ChrX,37600000,38600000,0.000021
carmag_ChrX,37700000,38700000,0.000021
carmag_ChrX,37800000,38800000,0.000021
carmag_ChrX,37900000,38900000,0.000042
carmag_ChrX,38000000,39000000,0.000042
carmag_ChrX,38100000,39100000,0.000042
carmag_ChrX,38200000,39200000,0.000042
carmag_ChrX,38300000,39300000,0.000042
carmag_ChrX,38400000,39400000,0.000042
carmag_ChrX,38500000,39500000,0.000021
carmag_ChrX,38600000,39600000,0.000021
carmag_ChrX,38700000,39700000,0.000021
carmag_ChrX,38800000,39800000,0.000042
carmag_ChrX,38900000,39900000,0.000021
carmag_ChrX,39000000,40000000,0.000021
carmag_ChrX,39100000,40100000,0.000021
carmag_ChrX,39200000,40200000,0.000021
carmag_ChrX,39300000,40300000,0.000021
carmag_ChrX,39400000,40400000,0.000042
carmag_ChrX,39500000,40500000,0.000042
carmag_ChrX,39600000,40600000,0.000042
carmag_ChrX,39700000,40700000,0.000042
carmag_ChrX,39800000,40800000,0.000021
carmag_ChrX,39900000,40900000,0.000043
carmag_ChrX,40000000,41000000,0.000043
carmag_ChrX,40100000,41100000,0.000068
carmag_ChrX,40200000,41200000,0.000068
carmag_ChrX,40300000,41300000,0.000068
carmag_ChrX,40400000,41400000,0.000047
carmag_ChrX,40500000,41500000,0.000047
carmag_ChrX,40600000,41600000,0.000047
carmag_ChrX,40700000,41700000,0.000047
carmag_ChrX,40800000,41800000,0.000047
carmag_ChrX,40900000,41900000,0.00006
carmag_ChrX,41000000,42000000,0.00006
carmag_ChrX,41100000,42100000,0.000035
carmag_ChrX,41200000,42200000,0.000035
carmag_ChrX,41300000,42300000,0.000035
carmag_ChrX,41400000,42400000,0.000035
carmag_ChrX,41500000,42500000,0.000035
carmag_ChrX,41600000,42600000,0.000057
carmag_ChrX,41700000,42700000,0.000057
carmag_ChrX,41800000,42800000,0.000057
carmag_ChrX,41900000,42900000,0.000022
carmag_ChrX,42000000,43000000,0.000022
carmag_ChrX,42100000,43100000,0.000022
carmag_ChrX,42200000,43200000,0.000022
carmag_ChrX,42300000,43300000,0.000022
carmag_ChrX,42400000,43400000,0.000022
carmag_ChrX,42500000,43500000,0.000022
carmag_ChrX,42600000,43600000,0.000023
carmag_ChrX,42700000,43700000,0.000023
carmag_ChrX,42800000,43800000,0.000045
carmag_ChrX,42900000,43900000,0.000045
carmag_ChrX,43000000,44000000,0.000045
carmag_ChrX,43100000,44100000,0.000045
carmag_ChrX,43200000,44200000,0.000045
carmag_ChrX,43300000,44300000,0.000045
carmag_ChrX,43400000,44400000,0.000045
carmag_ChrX,43500000,44500000,0.000045
carmag_ChrX,43600000,44600000,0.000022
carmag_ChrX,43700000,44700000,0.000022
carmag_ChrX,43800000,44800000,0
carmag_ChrX,43900000,44900000,0
carmag_ChrX,44000000,45000000,0
carmag_ChrX,44100000,45100000,0
carmag_ChrX,44200000,45200000,0
carmag_ChrX,44300000,45300000,0
carmag_ChrX,44400000,45400000,0
carmag_ChrX,44500000,45500000,0
carmag_ChrX,44600000,45600000,0
carmag_ChrX,44700000,45700000,0
carmag_ChrX,44800000,45800000,0
carmag_ChrX,44900000,45900000,0
carmag_ChrX,45000000,46000000,0
carmag_ChrX,45100000,46100000,0
carmag_ChrX,45200000,46200000,0
carmag_ChrX,45300000,46300000,0
carmag_ChrX,45400000,46400000,0
carmag_ChrX,45500000,46500000,0
carmag_ChrX,45600000,46600000,0
carmag_ChrX,45700000,46700000,0
carmag_ChrX,45800000,46800000,0
carmag_ChrX,45900000,46900000,0.000087
carmag_ChrX,46000000,47000000,0.000129
carmag_ChrX,46100000,47100000,0.000129
carmag_ChrX,46200000,47200000,0.000194
carmag_ChrX,46300000,47300000,0.000215
carmag_ChrX,46400000,47400000,0.000215
carmag_ChrX,46500000,47500000,0.000278
carmag_ChrX,46600000,47600000,0.000321
carmag_ChrX,46700000,47700000,0.00051
carmag_ChrX,46800000,47800000,0.001348
carmag_ChrX,46900000,47900000,0.001722
carmag_ChrX,47000000,48000000,0.001815
carmag_ChrX,47100000,48100000,0.001969
carmag_ChrX,47200000,48200000,0.002009
carmag_ChrX,47300000,48300000,0.002186
carmag_ChrX,47400000,48400000,0.002186
carmag_ChrX,47500000,48500000,0.002123
carmag_ChrX,47600000,48600000,0.00208
carmag_ChrX,47700000,48700000,0.001891
carmag_ChrX,47800000,48800000,0.001053
carmag_ChrX,47900000,48900000,0.000592
carmag_ChrX,48000000,49000000,0.000457
carmag_ChrX,48100000,49100000,0.000303
carmag_ChrX,48200000,49200000,0.000198
carmag_ChrX,48300000,49300000,0
carmag_ChrX,48400000,49400000,0
carmag_ChrX,48500000,49500000,0
carmag_ChrX,48600000,49600000,0
carmag_ChrX,48700000,49700000,0
carmag_ChrX,48800000,49800000,0
carmag_ChrX,48900000,49900000,0
carmag_ChrX,49000000,50000000,0
carmag_ChrX,49100000,50100000,0
carmag_ChrX,49200000,50200000,0.000021
carmag_ChrX,49300000,50300000,0.000021
carmag_ChrX,49400000,50400000,0.000021
carmag_ChrX,49500000,50500000,0.000021
carmag_ChrX,49600000,50600000,0.000021
carmag_ChrX,49700000,50700000,0.000021
carmag_ChrX,49800000,50800000,0.000086
carmag_ChrX,49900000,50900000,0.000108
carmag_ChrX,50000000,51000000,0.000108
carmag_ChrX,50100000,51100000,0.000133
carmag_ChrX,50200000,51200000,0.000133
carmag_ChrX,50300000,51300000,0.000158
carmag_ChrX,50400000,51400000,0.0002
carmag_ChrX,50500000,51500000,0.000225
carmag_ChrX,50600000,51600000,0.000225
carmag_ChrX,50700000,51700000,0.000267
carmag_ChrX,50800000,51800000,0.000202
carmag_ChrX,50900000,51900000,0.00018
carmag_ChrX,51000000,52000000,0.00018
carmag_ChrX,51100000,52100000,0.000155
carmag_ChrX,51200000,52200000,0.000134
carmag_ChrX,51300000,52300000,0.000109
carmag_ChrX,51400000,52400000,0.000067
carmag_ChrX,51500000,52500000,0.000042
carmag_ChrX,51600000,52600000,0.000042
carmag_ChrX,51700000,52700000,0
carmag_ChrX,51800000,52800000,0
carmag_ChrX,51900000,52900000,0
carmag_ChrX,52000000,53000000,0
carmag_ChrX,52100000,53100000,0
carmag_ChrX,52200000,53200000,0
carmag_ChrX,52300000,53300000,0.000021
carmag_ChrX,52400000,53400000,0.000157
carmag_ChrX,52500000,53500000,0.000287
carmag_ChrX,52600000,53600000,0.000329
carmag_ChrX,52700000,53700000,0.000329
carmag_ChrX,52800000,53800000,0.000329
carmag_ChrX,52900000,53900000,0.000329
carmag_ChrX,53000000,54000000,0.000329
carmag_ChrX,53100000,54100000,0.000329
carmag_ChrX,53200000,54200000,0.000329
carmag_ChrX,53300000,54300000,0.000308
carmag_ChrX,53400000,54400000,0.000172
carmag_ChrX,53500000,54500000,0.000042
carmag_ChrX,53600000,54600000,0
carmag_ChrX,53700000,54700000,0
carmag_ChrX,53800000,54800000,0
carmag_ChrX,53900000,54900000,0
carmag_ChrX,54000000,55000000,0.000021
carmag_ChrX,54100000,55100000,0.000043
carmag_ChrX,54200000,55200000,0.000043
carmag_ChrX,54300000,55300000,0.000043
carmag_ChrX,54400000,55400000,0.000065
carmag_ChrX,54500000,55500000,0.000065
carmag_ChrX,54600000,55600000,0.000452
carmag_ChrX,54700000,55700000,0.000497
carmag_ChrX,54800000,55800000,0.000564
carmag_ChrX,54900000,55900000,0.00069
carmag_ChrX,55000000,56000000,0.000732
carmag_ChrX,55100000,56100000,0.000904
carmag_ChrX,55200000,56200000,0.000991
carmag_ChrX,55300000,56300000,0.001105
carmag_ChrX,55400000,56400000,0.001387
carmag_ChrX,55500000,56500000,0.001646
carmag_ChrX,55600000,56600000,0.001387
carmag_ChrX,55700000,56700000,0.001429
carmag_ChrX,55800000,56800000,0.001405
carmag_ChrX,55900000,56900000,0.001322
carmag_ChrX,56000000,57000000,0.001443
carmag_ChrX,56100000,57100000,0.001249
carmag_ChrX,56200000,57200000,0.001204
carmag_ChrX,56300000,57300000,0.00109
carmag_ChrX,56400000,57400000,0.000786
carmag_ChrX,56500000,57500000,0.000527
carmag_ChrX,56600000,57600000,0.000399
carmag_ChrX,56700000,57700000,0.000312
carmag_ChrX,56800000,57800000,0.000269
carmag_ChrX,56900000,57900000,0.000226
carmag_ChrX,57000000,58000000,0.000042
carmag_ChrX,57100000,58100000,0.000042
carmag_ChrX,57200000,58200000,0
carmag_ChrX,57300000,58300000,0
carmag_ChrX,57400000,58400000,0
carmag_ChrX,57500000,58500000,0
carmag_ChrX,57600000,58600000,0
carmag_ChrX,57700000,58700000,0
carmag_ChrX,57800000,58800000,0
carmag_ChrX,57900000,58900000,0
carmag_ChrX,58000000,59000000,0
carmag_ChrX,58100000,59100000,0
carmag_ChrX,58200000,59200000,0
carmag_ChrX,58300000,59300000,0
carmag_ChrX,58400000,59400000,0
carmag_ChrX,58500000,59500000,0
carmag_ChrX,58600000,59600000,0
carmag_ChrX,58700000,59700000,0
carmag_ChrX,58800000,59800000,0
carmag_ChrX,58900000,59900000,0
carmag_ChrX,59000000,60000000,0
carmag_ChrX,59100000,60100000,0
carmag_ChrX,59200000,60200000,0
carmag_ChrX,59300000,60300000,0
carmag_ChrX,59400000,60400000,0
carmag_ChrX,59500000,60500000,0
carmag_ChrX,59600000,60600000,0
carmag_ChrX,59700000,60700000,0
carmag_ChrX,59800000,60800000,0
carmag_ChrX,59900000,60900000,0
carmag_ChrX,60000000,61000000,0
carmag_ChrX,60100000,61100000,0
carmag_ChrX,60200000,61200000,0
carmag_ChrX,60300000,61300000,0
carmag_ChrX,60400000,61400000,0
carmag_ChrX,60500000,61500000,0
carmag_ChrX,60600000,61600000,0
carmag_ChrX,60700000,61700000,0
carmag_ChrX,60800000,61800000,0
carmag_ChrX,60900000,61900000,0
carmag_ChrX,61000000,62000000,0
carmag_ChrX,61100000,62100000,0
carmag_ChrX,61200000,62200000,0
carmag_ChrX,61300000,62300000,0
carmag_ChrX,61400000,62400000,0
carmag_ChrX,61500000,62500000,0.000021
carmag_ChrX,61600000,62600000,0.000021
carmag_ChrX,61700000,62700000,0.000021
carmag_ChrX,61800000,62800000,0.000021
carmag_ChrX,61900000,62900000,0.000021
carmag_ChrX,62000000,63000000,0.000021
carmag_ChrX,62100000,63100000,0.000021
carmag_ChrX,62200000,63200000,0.000021
carmag_ChrX,62300000,63300000,0.000021
carmag_ChrX,62400000,63400000,0.000021
carmag_ChrX,62500000,63500000,0
carmag_ChrX,62600000,63600000,0
carmag_ChrX,62700000,63700000,0
carmag_ChrX,62800000,63800000,0
carmag_ChrX,62900000,63900000,0
carmag_ChrX,63000000,64000000,0
carmag_ChrX,63100000,64100000,0
carmag_ChrX,63200000,64200000,0
carmag_ChrX,63300000,64300000,0
carmag_ChrX,63400000,64400000,0
carmag_ChrX,63500000,64500000,0
carmag_ChrX,63600000,64600000,0
carmag_ChrX,63700000,64700000,0
carmag_ChrX,63800000,64800000,0.000022
carmag_ChrX,63900000,64900000,0.000022
carmag_ChrX,64000000,65000000,0.000022
carmag_ChrX,64100000,65100000,0.000022
carmag_ChrX,64200000,65200000,0.000022
carmag_ChrX,64300000,65300000,0.000022
carmag_ChrX,64400000,65400000,0.000022
carmag_ChrX,64500000,65500000,0.000022
carmag_ChrX,64600000,65600000,0.000022
carmag_ChrX,64700000,65700000,0.000022
carmag_ChrX,64800000,65800000,0
carmag_ChrX,64900000,65900000,0
carmag_ChrX,65000000,66000000,0
carmag_ChrX,65100000,66100000,0
carmag_ChrX,65200000,66200000,0
carmag_ChrX,65300000,66300000,0
carmag_ChrX,65400000,66400000,0
carmag_ChrX,65500000,66500000,0
carmag_ChrX,65600000,66600000,0
carmag_ChrX,65700000,66700000,0
carmag_ChrX,65800000,66800000,0
carmag_ChrX,65900000,66900000,0
carmag_ChrX,66000000,67000000,0
carmag_ChrX,66100000,67100000,0
carmag_ChrX,66200000,67200000,0
carmag_ChrX,66300000,67300000,0
carmag_ChrX,66400000,67400000,0
carmag_ChrX,66500000,67500000,0
carmag_ChrX,66600000,67600000,0
carmag_ChrX,66700000,67700000,0
carmag_ChrX,66800000,67800000,0
carmag_ChrX,66900000,67900000,0
carmag_ChrX,67000000,68000000,0
carmag_ChrX,67100000,68100000,0
carmag_ChrX,67200000,68200000,0
carmag_ChrX,67300000,68300000,0
carmag_ChrX,67400000,68400000,0
carmag_ChrX,67500000,68500000,0
carmag_ChrX,67600000,68600000,0
carmag_ChrX,67700000,68700000,0
carmag_ChrX,67800000,68800000,0
carmag_ChrX,67900000,68900000,0
carmag_ChrX,68000000,69000000,0
carmag_ChrX,68100000,69100000,0
carmag_ChrX,68200000,69200000,0
carmag_ChrX,68300000,69300000,0
carmag_ChrX,68400000,69400000,0
carmag_ChrX,68500000,69500000,0
carmag_ChrX,68600000,69600000,0
carmag_ChrX,68700000,69700000,0
carmag_ChrX,68800000,69800000,0.000021
carmag_ChrX,68900000,69900000,0.000021
carmag_ChrX,69000000,70000000,0.000021
carmag_ChrX,69100000,70100000,0.000021
carmag_ChrX,69200000,70200000,0.000021
carmag_ChrX,69300000,70300000,0.000021
carmag_ChrX,69400000,70400000,0.000021
carmag_ChrX,69500000,70500000,0.000021
carmag_ChrX,69600000,70600000,0.000021
carmag_ChrX,69700000,70700000,0.000021
carmag_ChrX,69800000,70800000,0
carmag_ChrX,69900000,70900000,0.000021
carmag_ChrX,70000000,71000000,0.000021
carmag_ChrX,70100000,71100000,0.000021
carmag_ChrX,70200000,71200000,0.000021
carmag_ChrX,70300000,71300000,0.000021
carmag_ChrX,70400000,71400000,0.000021
carmag_ChrX,70500000,71500000,0.000021
carmag_ChrX,70600000,71600000,0.000021
carmag_ChrX,70700000,71700000,0.000021
carmag_ChrX,70800000,71800000,0.000021
carmag_ChrX,70900000,71900000,0
carmag_ChrX,71000000,72000000,0
carmag_ChrX,71100000,72100000,0
carmag_ChrX,71200000,72200000,0
carmag_ChrX,71300000,72300000,0
carmag_ChrX,71400000,72400000,0
carmag_ChrX,71500000,72500000,0.000021
carmag_ChrX,71600000,72600000,0.000048
carmag_ChrX,71700000,72700000,0.000069
carmag_ChrX,71800000,72800000,0.000153
carmag_ChrX,71900000,72900000,0.000196
carmag_ChrX,72000000,73000000,0.000217
carmag_ChrX,72100000,73100000,0.000304
carmag_ChrX,72200000,73200000,0.000325
carmag_ChrX,72300000,73300000,0.000348
carmag_ChrX,72400000,73400000,0.000348
carmag_ChrX,72500000,73500000,0.000327
carmag_ChrX,72600000,73600000,0.0003
carmag_ChrX,72700000,73700000,0.000279
carmag_ChrX,72800000,73800000,0.000195
carmag_ChrX,72900000,73900000,0.000152
carmag_ChrX,73000000,74000000,0.000131
carmag_ChrX,73100000,74100000,0.000044
carmag_ChrX,73200000,74200000,0.000023
carmag_ChrX,73300000,74300000,0
carmag_ChrX,73400000,74400000,0
carmag_ChrX,73500000,74500000,0
carmag_ChrX,73600000,74600000,0
carmag_ChrX,73700000,74700000,0
carmag_ChrX,73800000,74800000,0
carmag_ChrX,73900000,74900000,0.000023
carmag_ChrX,74000000,75000000,0.000086
carmag_ChrX,74100000,75100000,0.000107
carmag_ChrX,74200000,75200000,0.000107
carmag_ChrX,74300000,75300000,0.000107
carmag_ChrX,74400000,75400000,0.000279
carmag_ChrX,74500000,75500000,0.000325
carmag_ChrX,74600000,75600000,0.000325
carmag_ChrX,74700000,75700000,0.000325
carmag_ChrX,74800000,75800000,0.000347
carmag_ChrX,74900000,75900000,0.000324
carmag_ChrX,75000000,76000000,0.000261
carmag_ChrX,75100000,76100000,0.000262
carmag_ChrX,75200000,76200000,0.000262
carmag_ChrX,75300000,76300000,0.000262
carmag_ChrX,75400000,76400000,0.00009
carmag_ChrX,75500000,76500000,0.000044
carmag_ChrX,75600000,76600000,0.000044
carmag_ChrX,75700000,76700000,0.000044
carmag_ChrX,75800000,76800000,0.000022
carmag_ChrX,75900000,76900000,0.000022
carmag_ChrX,76000000,77000000,0.000022
carmag_ChrX,76100000,77100000,0.000021
carmag_ChrX,76200000,77200000,0.000021
carmag_ChrX,76300000,77300000,0.000021
carmag_ChrX,76400000,77400000,0.000021
carmag_ChrX,76500000,77500000,0.000021
carmag_ChrX,76600000,77600000,0.000021
carmag_ChrX,76700000,77700000,0.000021
carmag_ChrX,76800000,77800000,0.000021
carmag_ChrX,76900000,77900000,0.000021
carmag_ChrX,77000000,78000000,0.000021
carmag_ChrX,77100000,78100000,0
carmag_ChrX,77200000,78200000,0
carmag_ChrX,77300000,78300000,0
carmag_ChrX,77400000,78400000,0
carmag_ChrX,77500000,78500000,0.000043
carmag_ChrX,77600000,78600000,0.000043
carmag_ChrX,77700000,78700000,0.000043
carmag_ChrX,77800000,78800000,0.000043
carmag_ChrX,77900000,78900000,0.000043
carmag_ChrX,78000000,79000000,0.000043
carmag_ChrX,78100000,79100000,0.000043
carmag_ChrX,78200000,79200000,0.000043
carmag_ChrX,78300000,79300000,0.000043
carmag_ChrX,78400000,79400000,0.000043
carmag_ChrX,78500000,79500000,0.000022
carmag_ChrX,78600000,79600000,0.000022
carmag_ChrX,78700000,79700000,0.000022
carmag_ChrX,78800000,79800000,0.000022
carmag_ChrX,78900000,79900000,0.000022
carmag_ChrX,79000000,80000000,0.000022
carmag_ChrX,79100000,80100000,0.000022
carmag_ChrX,79200000,80200000,0.000022
carmag_ChrX,79300000,80300000,0.000022
carmag_ChrX,79400000,80400000,0.000022
carmag_ChrX,79500000,80500000,0
carmag_ChrX,79600000,80600000,0.000085
carmag_ChrX,79700000,80700000,0.000085
carmag_ChrX,79800000,80800000,0.000106
carmag_ChrX,79900000,80900000,0.000106
carmag_ChrX,80000000,81000000,0.000106
carmag_ChrX,80100000,81100000,0.000106
carmag_ChrX,80200000,81200000,0.000106
carmag_ChrX,80300000,81300000,0.000195
carmag_ChrX,80400000,81400000,0.000195
carmag_ChrX,80500000,81500000,0.00022
carmag_ChrX,80600000,81600000,0.000135
carmag_ChrX,80700000,81700000,0.000135
carmag_ChrX,80800000,81800000,0.000114
carmag_ChrX,80900000,81900000,0.000114
carmag_ChrX,81000000,82000000,0.000135
carmag_ChrX,81100000,82100000,0.000135
carmag_ChrX,81200000,82200000,0.000135
carmag_ChrX,81300000,82300000,0.000046
carmag_ChrX,81400000,82400000,0.000046
carmag_ChrX,81500000,82500000,0.000021
carmag_ChrX,81600000,82600000,0.000021
carmag_ChrX,81700000,82700000,0.000042
carmag_ChrX,81800000,82800000,0.000042
carmag_ChrX,81900000,82900000,0.000042
carmag_ChrX,82000000,83000000,0.000021
carmag_ChrX,82100000,83100000,0.000063
carmag_ChrX,82200000,83200000,0.000063
carmag_ChrX,82300000,83300000,0.000063
carmag_ChrX,82400000,83400000,0.000063
carmag_ChrX,82500000,83500000,0.000063
carmag_ChrX,82600000,83600000,0.000063
carmag_ChrX,82700000,83700000,0.000042
carmag_ChrX,82800000,83800000,0.000042
carmag_ChrX,82900000,83900000,0.000042
carmag_ChrX,83000000,84000000,0.000042
carmag_ChrX,83100000,84100000,0
carmag_ChrX,83200000,84200000,0
carmag_ChrX,83300000,84300000,0
carmag_ChrX,83400000,84400000,0
carmag_ChrX,83500000,84431156,0
carmag_ChrX,83600000,84431156,0
carmag_ChrX,83700000,84431156,0
carmag_ChrX,83800000,84431156,0
carmag_ChrX,83900000,84431156,0
carmag_ChrX,84000000,84431156,0
carmag_ChrX,84100000,84431156,0
carmag_ChrX,84200000,84431156,0
carmag_ChrX,84300000,84431156,0
carmag_ChrX,84400000,84431156,0
uso_ChrX2,0,1000000,0
uso_ChrX2,100000,1100000,0.000023
uso_ChrX2,200000,1200000,0.000052
uso_ChrX2,300000,1300000,0.000052
uso_ChrX2,400000,1400000,0.000052
uso_ChrX2,500000,1500000,0.000052
uso_ChrX2,600000,1600000,0.000052
uso_ChrX2,700000,1700000,0.000115
uso_ChrX2,800000,1800000,0.000199
uso_ChrX2,900000,1900000,0.000199
uso_ChrX2,1000000,2000000,0.0003
uso_ChrX2,1100000,2100000,0.000277
uso_ChrX2,1200000,2200000,0.000248
uso_ChrX2,1300000,2300000,0.000248
uso_ChrX2,1400000,2400000,0.000248
uso_ChrX2,1500000,2500000,0.000248
uso_ChrX2,1600000,2600000,0.000269
uso_ChrX2,1700000,2700000,0.000227
uso_ChrX2,1800000,2800000,0.000143
uso_ChrX2,1900000,2900000,0.000143
uso_ChrX2,2000000,3000000,0.000042
uso_ChrX2,2100000,3100000,0.000042
uso_ChrX2,2200000,3200000,0.000067
uso_ChrX2,2300000,3300000,0.000067
uso_ChrX2,2400000,3400000,0.000067
uso_ChrX2,2500000,3500000,0.000155
uso_ChrX2,2600000,3600000,0.000155
uso_ChrX2,2700000,3700000,0.000134
uso_ChrX2,2800000,3800000,0.000134
uso_ChrX2,2900000,3900000,0.000134
uso_ChrX2,3000000,4000000,0.000225
uso_ChrX2,3100000,4100000,0.000246
uso_ChrX2,3200000,4200000,0.000242
uso_ChrX2,3300000,4300000,0.000242
uso_ChrX2,3400000,4400000,0.000242
uso_ChrX2,3500000,4500000,0.000154
uso_ChrX2,3600000,4600000,0.000133
uso_ChrX2,3700000,4700000,0.000157
uso_ChrX2,3800000,4800000,0.000157
uso_ChrX2,3900000,4900000,0.000199
uso_ChrX2,4000000,5000000,0.000108
uso_ChrX2,4100000,5100000,0.000108
uso_ChrX2,4200000,5200000,0.000108
uso_ChrX2,4300000,5300000,0.000108
uso_ChrX2,4400000,5400000,0.000108
uso_ChrX2,4500000,5500000,0.000108
uso_ChrX2,4600000,5600000,0.000108
uso_ChrX2,4700000,5700000,0.000084
uso_ChrX2,4800000,5800000,0.000105
uso_ChrX2,4900000,5900000,0.000106
uso_ChrX2,5000000,6000000,0.000148
uso_ChrX2,5100000,6100000,0.000127
uso_ChrX2,5200000,6200000,0.000127
uso_ChrX2,5300000,6300000,0.000148
uso_ChrX2,5400000,6400000,0.000169
uso_ChrX2,5500000,6500000,0.000169
uso_ChrX2,5600000,6600000,0.000169
uso_ChrX2,5700000,6700000,0.000169
uso_ChrX2,5800000,6800000,0.000148
uso_ChrX2,5900000,6900000,0.000126
uso_ChrX2,6000000,7000000,0.000084
uso_ChrX2,6100000,7100000,0.000084
uso_ChrX2,6200000,7200000,0.000063
uso_ChrX2,6300000,7300000,0.000063
uso_ChrX2,6400000,7400000,0.000042
uso_ChrX2,6500000,7500000,0.000195
uso_ChrX2,6600000,7600000,0.000216
uso_ChrX2,6700000,7700000,0.000216
uso_ChrX2,6800000,7800000,0.000216
uso_ChrX2,6900000,7900000,0.000195
uso_ChrX2,7000000,8000000,0.000195
uso_ChrX2,7100000,8100000,0.000195
uso_ChrX2,7200000,8200000,0.000195
uso_ChrX2,7300000,8300000,0.000174
uso_ChrX2,7400000,8400000,0.000174
uso_ChrX2,7500000,8500000,0.000021
uso_ChrX2,7600000,8600000,0
uso_ChrX2,7700000,8700000,0
uso_ChrX2,7800000,8800000,0
uso_ChrX2,7900000,8900000,0
uso_ChrX2,8000000,9000000,0
uso_ChrX2,8100000,9100000,0
uso_ChrX2,8200000,9200000,0
uso_ChrX2,8300000,9300000,0
uso_ChrX2,8400000,9400000,0
uso_ChrX2,8500000,9500000,0
uso_ChrX2,8600000,9600000,0
uso_ChrX2,8700000,9700000,0
uso_ChrX2,8800000,9800000,0
uso_ChrX2,8900000,9900000,0
uso_ChrX2,9000000,10000000,0
uso_ChrX2,9100000,10100000,0
uso_ChrX2,9200000,10200000,0
uso_ChrX2,9300000,10300000,0
uso_ChrX2,9400000,10400000,0
uso_ChrX2,9500000,10500000,0
uso_ChrX2,9600000,10600000,0
uso_ChrX2,9700000,10700000,0
uso_ChrX2,9800000,10800000,0
uso_ChrX2,9900000,10900000,0
uso_ChrX2,10000000,11000000,0
uso_ChrX2,10100000,11100000,0
uso_ChrX2,10200000,11200000,0
uso_ChrX2,10300000,11300000,0
uso_ChrX2,10400000,11400000,0
uso_ChrX2,10500000,11500000,0
uso_ChrX2,10600000,11600000,0
uso_ChrX2,10700000,11700000,0
uso_ChrX2,10800000,11800000,0
uso_ChrX2,10900000,11900000,0
uso_ChrX2,11000000,12000000,0
uso_ChrX2,11100000,12100000,0
uso_ChrX2,11200000,12200000,0
uso_ChrX2,11300000,12300000,0
uso_ChrX2,11400000,12400000,0
uso_ChrX2,11500000,12500000,0
uso_ChrX2,11600000,12600000,0
uso_ChrX2,11700000,12700000,0
uso_ChrX2,11800000,12800000,0
uso_ChrX2,11900000,12900000,0
uso_ChrX2,12000000,13000000,0
uso_ChrX2,12100000,13100000,0
uso_ChrX2,12200000,13200000,0
uso_ChrX2,12300000,13300000,0
uso_ChrX2,12400000,13400000,0
uso_ChrX2,12500000,13500000,0
uso_ChrX2,12600000,13600000,0
uso_ChrX2,12700000,13700000,0
uso_ChrX2,12800000,13800000,0
uso_ChrX2,12900000,13900000,0
uso_ChrX2,13000000,14000000,0
uso_ChrX2,13100000,14100000,0
uso_ChrX2,13200000,14200000,0
uso_ChrX2,13300000,14300000,0
uso_ChrX2,13400000,14400000,0
uso_ChrX2,13500000,14500000,0
uso_ChrX2,13600000,14600000,0
uso_ChrX2,13700000,14700000,0
uso_ChrX2,13800000,14800000,0
uso_ChrX2,13900000,14900000,0
uso_ChrX2,14000000,15000000,0
uso_ChrX2,14100000,15100000,0
uso_ChrX2,14200000,15200000,0
uso_ChrX2,14300000,15300000,0
uso_ChrX2,14400000,15400000,0
uso_ChrX2,14500000,15500000,0
uso_ChrX2,14600000,15600000,0
uso_ChrX2,14700000,15700000,0
uso_ChrX2,14800000,15800000,0
uso_ChrX2,14900000,15900000,0
uso_ChrX2,15000000,16000000,0
uso_ChrX2,15100000,16100000,0
uso_ChrX2,15200000,16200000,0
uso_ChrX2,15300000,16300000,0
uso_ChrX2,15400000,16400000,0
uso_ChrX2,15500000,16500000,0
uso_ChrX2,15600000,16600000,0
uso_ChrX2,15700000,16700000,0
uso_ChrX2,15800000,16800000,0
uso_ChrX2,15900000,16900000,0.000021
uso_ChrX2,16000000,17000000,0.000042
uso_ChrX2,16100000,17100000,0.000066
uso_ChrX2,16200000,17200000,0.000066
uso_ChrX2,16300000,17300000,0.000066
uso_ChrX2,16400000,17400000,0.000142
uso_ChrX2,16500000,17500000,0.000142
uso_ChrX2,16600000,17600000,0.000142
uso_ChrX2,16700000,17700000,0.000205
uso_ChrX2,16800000,17800000,0.000205
uso_ChrX2,16900000,17900000,0.000184
uso_ChrX2,17000000,18000000,0.000163
uso_ChrX2,17100000,18100000,0.00016
uso_ChrX2,17200000,18200000,0.00016
uso_ChrX2,17300000,18300000,0.000247
uso_ChrX2,17400000,18400000,0.000171
uso_ChrX2,17500000,18500000,0.000171
uso_ChrX2,17600000,18600000,0.000171
uso_ChrX2,17700000,18700000,0.000108
uso_ChrX2,17800000,18800000,0.000108
uso_ChrX2,17900000,18900000,0.000108
uso_ChrX2,18000000,19000000,0.000108
uso_ChrX2,18100000,19100000,0.000087
uso_ChrX2,18200000,19200000,0.000087
uso_ChrX2,18300000,19300000,0
uso_ChrX2,18400000,19400000,0
uso_ChrX2,18500000,19500000,0
uso_ChrX2,18600000,19600000,0
uso_ChrX2,18700000,19700000,0
uso_ChrX2,18800000,19800000,0
uso_ChrX2,18900000,19900000,0
uso_ChrX2,19000000,20000000,0
uso_ChrX2,19100000,20100000,0
uso_ChrX2,19200000,20200000,0
uso_ChrX2,19300000,20300000,0
uso_ChrX2,19400000,20400000,0
uso_ChrX2,19500000,20500000,0
uso_ChrX2,19600000,20600000,0
uso_ChrX2,19700000,20700000,0
uso_ChrX2,19800000,20800000,0
uso_ChrX2,19900000,20900000,0
uso_ChrX2,20000000,21000000,0
uso_ChrX2,20100000,21100000,0
uso_ChrX2,20200000,21200000,0
uso_ChrX2,20300000,21300000,0
uso_ChrX2,20400000,21400000,0
uso_ChrX2,20500000,21500000,0
uso_ChrX2,20600000,21600000,0
uso_ChrX2,20700000,21700000,0
uso_ChrX2,20800000,21800000,0
uso_ChrX2,20900000,21900000,0
uso_ChrX2,21000000,22000000,0
uso_ChrX2,21100000,22100000,0
uso_ChrX2,21200000,22200000,0
uso_ChrX2,21300000,22300000,0
uso_ChrX2,21400000,22400000,0
uso_ChrX2,21500000,22500000,0
uso_ChrX2,21600000,22600000,0
uso_ChrX2,21700000,22700000,0
uso_ChrX2,21800000,22800000,0
uso_ChrX2,21900000,22900000,0
uso_ChrX2,22000000,23000000,0
uso_ChrX2,22100000,23100000,0
uso_ChrX2,22200000,23200000,0
uso_ChrX2,22300000,23300000,0
uso_ChrX2,22400000,23400000,0
uso_ChrX2,22500000,23500000,0
uso_ChrX2,22600000,23600000,0
uso_ChrX2,22700000,23700000,0
uso_ChrX2,22800000,23800000,0
uso_ChrX2,22900000,23900000,0
uso_ChrX2,23000000,24000000,0
uso_ChrX2,23100000,24100000,0
uso_ChrX2,23200000,24200000,0
uso_ChrX2,23300000,24300000,0
uso_ChrX2,23400000,24400000,0
uso_ChrX2,23500000,24500000,0
uso_ChrX2,23600000,24600000,0
uso_ChrX2,23700000,24700000,0.000046
uso_ChrX2,23800000,24800000,0.000088
uso_ChrX2,23900000,24900000,0.000153
uso_ChrX2,24000000,25000000,0.000227
uso_ChrX2,24100000,25100000,0.000314
uso_ChrX2,24200000,25200000,0.000356
uso_ChrX2,24300000,25300000,0.000379
uso_ChrX2,24400000,25400000,0.0004
uso_ChrX2,24500000,25500000,0.000467
uso_ChrX2,24600000,25600000,0.000561
uso_ChrX2,24700000,25700000,0.000566
uso_ChrX2,24800000,25800000,0.000524
uso_ChrX2,24900000,25900000,0.000481
uso_ChrX2,25000000,26000000,0.000428
uso_ChrX2,25100000,26100000,0.000341
uso_ChrX2,25200000,26200000,0.000299
uso_ChrX2,25300000,26300000,0.000276
uso_ChrX2,25400000,26400000,0.000255
uso_ChrX2,25500000,26500000,0.000188
uso_ChrX2,25600000,26600000,0.000094
uso_ChrX2,25700000,26700000,0.000043
uso_ChrX2,25800000,26800000,0.000043
uso_ChrX2,25900000,26900000,0.000021
uso_ChrX2,26000000,27000000,0
uso_ChrX2,26100000,27100000,0
uso_ChrX2,26200000,27200000,0
uso_ChrX2,26300000,27300000,0
uso_ChrX2,26400000,27400000,0
uso_ChrX2,26500000,27500000,0
uso_ChrX2,26600000,27600000,0
uso_ChrX2,26700000,27700000,0
uso_ChrX2,26800000,27800000,0
uso_ChrX2,26900000,27900000,0
uso_ChrX2,27000000,28000000,0
uso_ChrX2,27100000,28100000,0
uso_ChrX2,27200000,28200000,0
uso_ChrX2,27300000,28300000,0
uso_ChrX2,27400000,28400000,0
uso_ChrX2,27500000,28500000,0
uso_ChrX2,27600000,28600000,0.000023
uso_ChrX2,27700000,28700000,0.000023
uso_ChrX2,27800000,28800000,0.000023
uso_ChrX2,27900000,28900000,0.000023
uso_ChrX2,28000000,29000000,0.000023
uso_ChrX2,28100000,29100000,0.000023
uso_ChrX2,28200000,29200000,0.000023
uso_ChrX2,28300000,29300000,0.000023
uso_ChrX2,28400000,29400000,0.000023
uso_ChrX2,28500000,29500000,0.000023
uso_ChrX2,28600000,29600000,0
uso_ChrX2,28700000,29700000,0
uso_ChrX2,28800000,29800000,0
uso_ChrX2,28900000,29900000,0
uso_ChrX2,29000000,30000000,0
uso_ChrX2,29100000,30100000,0
uso_ChrX2,29200000,30200000,0
uso_ChrX2,29300000,30300000,0
uso_ChrX2,29400000,30400000,0
uso_ChrX2,29500000,30500000,0
uso_ChrX2,29600000,30600000,0
uso_ChrX2,29700000,30700000,0
uso_ChrX2,29800000,30800000,0
uso_ChrX2,29900000,30900000,0
uso_ChrX2,30000000,31000000,0
uso_ChrX2,30100000,31100000,0
uso_ChrX2,30200000,31200000,0
uso_ChrX2,30300000,31300000,0
uso_ChrX2,30400000,31400000,0
uso_ChrX2,30500000,31500000,0
uso_ChrX2,30600000,31600000,0
uso_ChrX2,30700000,31700000,0
uso_ChrX2,30800000,31800000,0
uso_ChrX2,30900000,31900000,0
uso_ChrX2,31000000,32000000,0
uso_ChrX2,31100000,32100000,0
uso_ChrX2,31200000,32200000,0
uso_ChrX2,31300000,32300000,0
uso_ChrX2,31400000,32400000,0
uso_ChrX2,31500000,32500000,0
uso_ChrX2,31600000,32600000,0
uso_ChrX2,31700000,32700000,0
uso_ChrX2,31800000,32800000,0
uso_ChrX2,31900000,32900000,0
uso_ChrX2,32000000,33000000,0
uso_ChrX2,32100000,33100000,0
uso_ChrX2,32200000,33200000,0
uso_ChrX2,32300000,33300000,0
uso_ChrX2,32400000,33400000,0
uso_ChrX2,32500000,33500000,0
uso_ChrX2,32600000,33600000,0
uso_ChrX2,32700000,33700000,0
uso_ChrX2,32800000,33800000,0
uso_ChrX2,32900000,33900000,0
uso_ChrX2,33000000,34000000,0
uso_ChrX2,33100000,34100000,0
uso_ChrX2,33200000,34200000,0
uso_ChrX2,33300000,34300000,0
uso_ChrX2,33400000,34400000,0
uso_ChrX2,33500000,34500000,0
uso_ChrX2,33600000,34600000,0
uso_ChrX2,33700000,34700000,0
uso_ChrX2,33800000,34800000,0
uso_ChrX2,33900000,34900000,0
uso_ChrX2,34000000,35000000,0
uso_ChrX2,34100000,35100000,0
uso_ChrX2,34200000,35200000,0
uso_ChrX2,34300000,35300000,0
uso_ChrX2,34400000,35400000,0
uso_ChrX2,34500000,35500000,0
uso_ChrX2,34600000,35600000,0
uso_ChrX2,34700000,35700000,0
uso_ChrX2,34800000,35800000,0
uso_ChrX2,34900000,35900000,0
uso_ChrX2,35000000,36000000,0
uso_ChrX2,35100000,36100000,0
uso_ChrX2,35200000,36200000,0
uso_ChrX2,35300000,36300000,0
uso_ChrX2,35400000,36400000,0
uso_ChrX2,35500000,36500000,0
uso_ChrX2,35600000,36600000,0
uso_ChrX2,35700000,36700000,0
uso_ChrX2,35800000,36800000,0
uso_ChrX2,35900000,36900000,0
uso_ChrX2,36000000,37000000,0
uso_ChrX2,36100000,37100000,0
uso_ChrX2,36200000,37200000,0
uso_ChrX2,36300000,37300000,0
uso_ChrX2,36400000,37400000,0
uso_ChrX2,36500000,37500000,0
uso_ChrX2,36600000,37600000,0
uso_ChrX2,36700000,37700000,0
uso_ChrX2,36800000,37800000,0
uso_ChrX2,36900000,37900000,0
uso_ChrX2,37000000,38000000,0
uso_ChrX2,37100000,38100000,0
uso_ChrX2,37200000,38200000,0
uso_ChrX2,37300000,38300000,0
uso_ChrX2,37400000,38400000,0
uso_ChrX2,37500000,38500000,0
uso_ChrX2,37600000,38600000,0
uso_ChrX2,37700000,38700000,0
uso_ChrX2,37800000,38800000,0
uso_ChrX2,37900000,38900000,0
uso_ChrX2,38000000,39000000,0
uso_ChrX2,38100000,39100000,0
uso_ChrX2,38200000,39200000,0
uso_ChrX2,38300000,39300000,0
uso_ChrX2,38400000,39400000,0
uso_ChrX2,38500000,39500000,0
uso_ChrX2,38600000,39600000,0
uso_ChrX2,38700000,39700000,0
uso_ChrX2,38800000,39800000,0
uso_ChrX2,38900000,39900000,0
uso_ChrX2,39000000,40000000,0
uso_ChrX2,39100000,40100000,0
uso_ChrX2,39200000,40200000,0
uso_ChrX2,39300000,40300000,0
uso_ChrX2,39400000,40400000,0
uso_ChrX2,39500000,40500000,0
uso_ChrX2,39600000,40600000,0
uso_ChrX2,39700000,40700000,0
uso_ChrX2,39800000,40800000,0
uso_ChrX2,39900000,40900000,0
uso_ChrX2,40000000,41000000,0
uso_ChrX2,40100000,41100000,0
uso_ChrX2,40200000,41200000,0
uso_ChrX2,40300000,41300000,0
uso_ChrX2,40400000,41400000,0
uso_ChrX2,40500000,41500000,0
uso_ChrX2,40600000,41600000,0
uso_ChrX2,40700000,41700000,0
uso_ChrX2,40800000,41800000,0
uso_ChrX2,40900000,41900000,0
uso_ChrX2,41000000,42000000,0
uso_ChrX2,41100000,42100000,0
uso_ChrX2,41200000,42200000,0
uso_ChrX2,41300000,42300000,0
uso_ChrX2,41400000,42400000,0
uso_ChrX2,41500000,42500000,0
uso_ChrX2,41600000,42600000,0
uso_ChrX2,41700000,42700000,0
uso_ChrX2,41800000,42800000,0
uso_ChrX2,41900000,42900000,0
uso_ChrX2,42000000,43000000,0
uso_ChrX2,42100000,43100000,0
uso_ChrX2,42200000,43200000,0
uso_ChrX2,42300000,43300000,0
uso_ChrX2,42400000,43400000,0
uso_ChrX2,42500000,43500000,0
uso_ChrX2,42600000,43600000,0
uso_ChrX2,42700000,43700000,0
uso_ChrX2,42800000,43800000,0
uso_ChrX2,42900000,43900000,0
uso_ChrX2,43000000,44000000,0
uso_ChrX2,43100000,44100000,0
uso_ChrX2,43200000,44200000,0
uso_ChrX2,43300000,44300000,0
uso_ChrX2,43400000,44400000,0
uso_ChrX2,43500000,44500000,0
uso_ChrX2,43600000,44600000,0
uso_ChrX2,43700000,44700000,0
uso_ChrX2,43800000,44800000,0
uso_ChrX2,43900000,44900000,0
uso_ChrX2,44000000,45000000,0
uso_ChrX2,44100000,45100000,0
uso_ChrX2,44200000,45200000,0
uso_ChrX2,44300000,45300000,0
uso_ChrX2,44400000,45400000,0
uso_ChrX2,44500000,45500000,0
uso_ChrX2,44600000,45600000,0
uso_ChrX2,44700000,45700000,0
uso_ChrX2,44800000,45800000,0
uso_ChrX2,44900000,45900000,0
uso_ChrX2,45000000,46000000,0
uso_ChrX2,45100000,46100000,0
uso_ChrX2,45200000,46200000,0
uso_ChrX2,45300000,46300000,0
uso_ChrX2,45400000,46400000,0
uso_ChrX2,45500000,46500000,0
uso_ChrX2,45600000,46600000,0
uso_ChrX2,45700000,46700000,0
uso_ChrX2,45800000,46800000,0
uso_ChrX2,45900000,46900000,0
uso_ChrX2,46000000,47000000,0
uso_ChrX2,46100000,47100000,0
uso_ChrX2,46200000,47200000,0
uso_ChrX2,46300000,47300000,0
uso_ChrX2,46400000,47400000,0
uso_ChrX2,46500000,47500000,0
uso_ChrX2,46600000,47600000,0
uso_ChrX2,46700000,47700000,0
uso_ChrX2,46800000,47800000,0
uso_ChrX2,46900000,47900000,0
uso_ChrX2,47000000,48000000,0
uso_ChrX2,47100000,48100000,0
uso_ChrX2,47200000,48200000,0
uso_ChrX2,47300000,48300000,0
uso_ChrX2,47400000,48400000,0
uso_ChrX2,47500000,48500000,0
uso_ChrX2,47600000,48600000,0
uso_ChrX2,47700000,48700000,0
uso_ChrX2,47800000,48800000,0
uso_ChrX2,47900000,48900000,0
uso_ChrX2,48000000,49000000,0
uso_ChrX2,48100000,49100000,0
uso_ChrX2,48200000,49200000,0
uso_ChrX2,48300000,49300000,0
uso_ChrX2,48400000,49400000,0
uso_ChrX2,48500000,49500000,0
uso_ChrX2,48600000,49600000,0
uso_ChrX2,48700000,49700000,0
uso_ChrX2,48800000,49800000,0
uso_ChrX2,48900000,49900000,0
uso_ChrX2,49000000,50000000,0
uso_ChrX2,49100000,50100000,0
uso_ChrX2,49200000,50200000,0
uso_ChrX2,49300000,50300000,0
uso_ChrX2,49400000,50400000,0
uso_ChrX2,49500000,50500000,0
uso_ChrX2,49600000,50600000,0
uso_ChrX2,49700000,50700000,0
uso_ChrX2,49800000,50800000,0
uso_ChrX2,49900000,50900000,0
uso_ChrX2,50000000,51000000,0
uso_ChrX2,50100000,51100000,0
uso_ChrX2,50200000,51200000,0
uso_ChrX2,50300000,51300000,0
uso_ChrX2,50400000,51400000,0
uso_ChrX2,50500000,51500000,0
uso_ChrX2,50600000,51600000,0
uso_ChrX2,50700000,51700000,0
uso_ChrX2,50800000,51800000,0
uso_ChrX2,50900000,51900000,0
uso_ChrX2,51000000,52000000,0
uso_ChrX2,51100000,52100000,0
uso_ChrX2,51200000,52200000,0
uso_ChrX2,51300000,52300000,0
uso_ChrX2,51400000,52400000,0
uso_ChrX2,51500000,52500000,0
uso_ChrX2,51600000,52600000,0
uso_ChrX2,51700000,52700000,0
uso_ChrX2,51800000,52800000,0
uso_ChrX2,51900000,52900000,0
uso_ChrX2,52000000,53000000,0
uso_ChrX2,52100000,53100000,0
uso_ChrX2,52200000,53200000,0
uso_ChrX2,52300000,53300000,0
uso_ChrX2,52400000,53400000,0
uso_ChrX2,52500000,53500000,0
uso_ChrX2,52600000,53600000,0
uso_ChrX2,52700000,53700000,0
uso_ChrX2,52800000,53800000,0
uso_ChrX2,52900000,53900000,0
uso_ChrX2,53000000,54000000,0
uso_ChrX2,53100000,54100000,0
uso_ChrX2,53200000,54200000,0
uso_ChrX2,53300000,54300000,0
uso_ChrX2,53400000,54400000,0
uso_ChrX2,53500000,54500000,0
uso_ChrX2,53600000,54600000,0
uso_ChrX2,53700000,54700000,0
uso_ChrX2,53800000,54800000,0
uso_ChrX2,53900000,54900000,0
uso_ChrX2,54000000,55000000,0
uso_ChrX2,54100000,55100000,0
uso_ChrX2,54200000,55200000,0
uso_ChrX2,54300000,55300000,0
uso_ChrX2,54400000,55400000,0
uso_ChrX2,54500000,55500000,0
uso_ChrX2,54600000,55600000,0
uso_ChrX2,54700000,55700000,0
uso_ChrX2,54800000,55800000,0
uso_ChrX2,54900000,55900000,0
uso_ChrX2,55000000,56000000,0
uso_ChrX2,55100000,56100000,0
uso_ChrX2,55200000,56200000,0
uso_ChrX2,55300000,56300000,0
uso_ChrX2,55400000,56400000,0
uso_ChrX2,55500000,56500000,0
uso_ChrX2,55600000,56600000,0
uso_ChrX2,55700000,56700000,0
uso_ChrX2,55800000,56800000,0
uso_ChrX2,55900000,56900000,0
uso_ChrX2,56000000,57000000,0
uso_ChrX2,56100000,57100000,0
uso_ChrX2,56200000,57200000,0
uso_ChrX2,56300000,57300000,0
uso_ChrX2,56400000,57400000,0
uso_ChrX2,56500000,57500000,0
uso_ChrX2,56600000,57600000,0
uso_ChrX2,56700000,57700000,0
uso_ChrX2,56800000,57800000,0
uso_ChrX2,56900000,57900000,0
uso_ChrX2,57000000,58000000,0
uso_ChrX2,57100000,58100000,0
uso_ChrX2,57200000,58200000,0
uso_ChrX2,57300000,58300000,0
uso_ChrX2,57400000,58400000,0
uso_ChrX2,57500000,58500000,0
uso_ChrX2,57600000,58600000,0
uso_ChrX2,57700000,58700000,0
uso_ChrX2,57800000,58800000,0
uso_ChrX2,57900000,58900000,0
uso_ChrX2,58000000,59000000,0
uso_ChrX2,58100000,59100000,0
uso_ChrX2,58200000,59200000,0
uso_ChrX2,58300000,59300000,0
uso_ChrX2,58400000,59400000,0
uso_ChrX2,58500000,59500000,0
uso_ChrX2,58600000,59600000,0
uso_ChrX2,58700000,59700000,0
uso_ChrX2,58800000,59800000,0
uso_ChrX2,58900000,59900000,0
uso_ChrX2,59000000,60000000,0
uso_ChrX2,59100000,60100000,0
uso_ChrX2,59200000,60200000,0
uso_ChrX2,59300000,60300000,0
uso_ChrX2,59400000,60400000,0
uso_ChrX2,59500000,60500000,0
uso_ChrX2,59600000,60600000,0
uso_ChrX2,59700000,60700000,0
uso_ChrX2,59800000,60800000,0
uso_ChrX2,59900000,60900000,0
uso_ChrX2,60000000,61000000,0
uso_ChrX2,60100000,61100000,0
uso_ChrX2,60200000,61200000,0
uso_ChrX2,60300000,61300000,0
uso_ChrX2,60400000,61400000,0
uso_ChrX2,60500000,61500000,0
uso_ChrX2,60600000,61600000,0
uso_ChrX2,60700000,61700000,0
uso_ChrX2,60800000,61800000,0
uso_ChrX2,60900000,61900000,0
uso_ChrX2,61000000,62000000,0
uso_ChrX2,61100000,62100000,0
uso_ChrX2,61200000,62200000,0
uso_ChrX2,61300000,62300000,0
uso_ChrX2,61400000,62400000,0
uso_ChrX2,61500000,62500000,0
uso_ChrX2,61600000,62600000,0
uso_ChrX2,61700000,62700000,0
uso_ChrX2,61800000,62800000,0
uso_ChrX2,61900000,62900000,0
uso_ChrX2,62000000,63000000,0
uso_ChrX2,62100000,63100000,0
uso_ChrX2,62200000,63200000,0
uso_ChrX2,62300000,63300000,0
uso_ChrX2,62400000,63400000,0
uso_ChrX2,62500000,63500000,0
uso_ChrX2,62600000,63600000,0
uso_ChrX2,62700000,63700000,0
uso_ChrX2,62800000,63800000,0
uso_ChrX2,62900000,63900000,0
uso_ChrX2,63000000,64000000,0
uso_ChrX2,63100000,64100000,0
uso_ChrX2,63200000,64200000,0
uso_ChrX2,63300000,64300000,0
uso_ChrX2,63400000,64400000,0
uso_ChrX2,63500000,64500000,0
uso_ChrX2,63600000,64600000,0
uso_ChrX2,63700000,64700000,0
uso_ChrX2,63800000,64800000,0
uso_ChrX2,63900000,64900000,0
uso_ChrX2,64000000,65000000,0
uso_ChrX2,64100000,65100000,0
uso_ChrX2,64200000,65200000,0
uso_ChrX2,64300000,65300000,0
uso_ChrX2,64400000,65400000,0
uso_ChrX2,64500000,65500000,0
uso_ChrX2,64600000,65600000,0
uso_ChrX2,64700000,65700000,0
uso_ChrX2,64800000,65800000,0
uso_ChrX2,64900000,65900000,0
uso_ChrX2,65000000,66000000,0
uso_ChrX2,65100000,66100000,0
uso_ChrX2,65200000,66200000,0
uso_ChrX2,65300000,66300000,0
uso_ChrX2,65400000,66400000,0
uso_ChrX2,65500000,66500000,0
uso_ChrX2,65600000,66600000,0
uso_ChrX2,65700000,66700000,0
uso_ChrX2,65800000,66800000,0
uso_ChrX2,65900000,66900000,0
uso_ChrX2,66000000,67000000,0
uso_ChrX2,66100000,67100000,0
uso_ChrX2,66200000,67200000,0
uso_ChrX2,66300000,67300000,0
uso_ChrX2,66400000,67400000,0
uso_ChrX2,66500000,67500000,0
uso_ChrX2,66600000,67600000,0.000023
uso_ChrX2,66700000,67700000,0.000023
uso_ChrX2,66800000,67800000,0.000044
uso_ChrX2,66900000,67900000,0.000044
uso_ChrX2,67000000,68000000,0.000044
uso_ChrX2,67100000,68100000,0.000044
uso_ChrX2,67200000,68200000,0.000067
uso_ChrX2,67300000,68300000,0.000109
uso_ChrX2,67400000,68400000,0.000187
uso_ChrX2,67500000,68500000,0.000209
uso_ChrX2,67600000,68600000,0.000186
uso_ChrX2,67700000,68700000,0.000209
uso_ChrX2,67800000,68800000,0.000188
uso_ChrX2,67900000,68900000,0.000209
uso_ChrX2,68000000,69000000,0.000209
uso_ChrX2,68100000,69100000,0.000209
uso_ChrX2,68200000,69200000,0.000186
uso_ChrX2,68300000,69300000,0.000144
uso_ChrX2,68400000,69400000,0.000066
uso_ChrX2,68500000,69500000,0.000044
uso_ChrX2,68600000,69600000,0.000044
uso_ChrX2,68700000,69700000,0.000021
uso_ChrX2,68800000,69800000,0.000021
uso_ChrX2,68900000,69900000,0
uso_ChrX2,69000000,70000000,0
uso_ChrX2,69100000,70100000,0
uso_ChrX2,69200000,70200000,0
uso_ChrX2,69300000,70300000,0
uso_ChrX2,69400000,70400000,0
uso_ChrX2,69500000,70500000,0
uso_ChrX2,69600000,70600000,0
uso_ChrX2,69700000,70700000,0
uso_ChrX2,69800000,70800000,0
uso_ChrX2,69900000,70900000,0
uso_ChrX2,70000000,71000000,0
uso_ChrX2,70100000,71100000,0
uso_ChrX2,70200000,71200000,0
uso_ChrX2,70300000,71300000,0
uso_ChrX2,70400000,71400000,0
uso_ChrX2,70500000,71500000,0
uso_ChrX2,70600000,71600000,0
uso_ChrX2,70700000,71700000,0
uso_ChrX2,70800000,71800000,0
uso_ChrX2,70900000,71900000,0
uso_ChrX2,71000000,72000000,0
uso_ChrX2,71100000,72100000,0
uso_ChrX2,71200000,72200000,0
uso_ChrX2,71300000,72300000,0
uso_ChrX2,71400000,72400000,0
uso_ChrX2,71500000,72500000,0
uso_ChrX2,71600000,72600000,0
uso_ChrX2,71700000,72700000,0
uso_ChrX2,71800000,72800000,0
uso_ChrX2,71900000,72900000,0
uso_ChrX2,72000000,73000000,0
uso_ChrX2,72100000,73100000,0
uso_ChrX2,72200000,73200000,0
uso_ChrX2,72300000,73300000,0
uso_ChrX2,72400000,73400000,0
uso_ChrX2,72500000,73500000,0
uso_ChrX2,72600000,73600000,0
uso_ChrX2,72700000,73700000,0
uso_ChrX2,72800000,73800000,0
uso_ChrX2,72900000,73900000,0
uso_ChrX2,73000000,74000000,0
uso_ChrX2,73100000,74100000,0
uso_ChrX2,73200000,74200000,0
uso_ChrX2,73300000,74300000,0
uso_ChrX2,73400000,74400000,0
uso_ChrX2,73500000,74500000,0
uso_ChrX2,73600000,74600000,0
uso_ChrX2,73700000,74700000,0
uso_ChrX2,73800000,74800000,0
uso_ChrX2,73900000,74900000,0
uso_ChrX2,74000000,75000000,0
uso_ChrX2,74100000,75100000,0
uso_ChrX2,74200000,75200000,0
uso_ChrX2,74300000,75300000,0
uso_ChrX2,74400000,75400000,0.000024
uso_ChrX2,74500000,75500000,0.000024
uso_ChrX2,74600000,75600000,0.000024
uso_ChrX2,74700000,75700000,0.000024
uso_ChrX2,74800000,75800000,0.000024
uso_ChrX2,74900000,75900000,0.000024
uso_ChrX2,75000000,76000000,0.000024
uso_ChrX2,75100000,76100000,0.000024
uso_ChrX2,75200000,76200000,0.000024
uso_ChrX2,75300000,76300000,0.000024
uso_ChrX2,75400000,76400000,0
uso_ChrX2,75500000,76500000,0
uso_ChrX2,75600000,76600000,0
uso_ChrX2,75700000,76700000,0
uso_ChrX2,75800000,76800000,0
uso_ChrX2,75900000,76900000,0
uso_ChrX2,76000000,77000000,0
uso_ChrX2,76100000,77100000,0
uso_ChrX2,76200000,77200000,0
uso_ChrX2,76300000,77300000,0
uso_ChrX2,76400000,77400000,0
uso_ChrX2,76500000,77500000,0
uso_ChrX2,76600000,77600000,0
uso_ChrX2,76700000,77700000,0
uso_ChrX2,76800000,77800000,0
uso_ChrX2,76900000,77900000,0
uso_ChrX2,77000000,78000000,0
uso_ChrX2,77100000,78100000,0
uso_ChrX2,77200000,78200000,0
uso_ChrX2,77300000,78300000,0
uso_ChrX2,77400000,78400000,0
uso_ChrX2,77500000,78500000,0
uso_ChrX2,77600000,78600000,0
uso_ChrX2,77700000,78700000,0
uso_ChrX2,77800000,78800000,0
uso_ChrX2,77900000,78900000,0
uso_ChrX2,78000000,79000000,0
uso_ChrX2,78100000,79100000,0
uso_ChrX2,78200000,79200000,0
uso_ChrX2,78300000,79300000,0
uso_ChrX2,78400000,79400000,0.000021
uso_ChrX2,78500000,79500000,0.000044
uso_ChrX2,78600000,79600000,0.000086
uso_ChrX2,78700000,79700000,0.000086
uso_ChrX2,78800000,79800000,0.000086
uso_ChrX2,78900000,79900000,0.00015
uso_ChrX2,79000000,80000000,0.000171
uso_ChrX2,79100000,80100000,0.000171
uso_ChrX2,79200000,80200000,0.00022
uso_ChrX2,79300000,80300000,0.00022
uso_ChrX2,79400000,80400000,0.000199
uso_ChrX2,79500000,80500000,0.000176
uso_ChrX2,79600000,80600000,0.000134
uso_ChrX2,79700000,80700000,0.000134
uso_ChrX2,79800000,80800000,0.000155
uso_ChrX2,79900000,80900000,0.000091
uso_ChrX2,80000000,81000000,0.00007
uso_ChrX2,80100000,81100000,0.00007
uso_ChrX2,80200000,81200000,0.000021
uso_ChrX2,80300000,81300000,0.000021
uso_ChrX2,80400000,81400000,0.000021
uso_ChrX2,80500000,81500000,0.000042
uso_ChrX2,80600000,81600000,0.000063
uso_ChrX2,80700000,81700000,0.000111
uso_ChrX2,80800000,81800000,0.00009
uso_ChrX2,80900000,81900000,0.00009
uso_ChrX2,81000000,82000000,0.00009
uso_ChrX2,81100000,82100000,0.00009
uso_ChrX2,81200000,82200000,0.000112
uso_ChrX2,81300000,82300000,0.000112
uso_ChrX2,81400000,82400000,0.000133
uso_ChrX2,81500000,82500000,0.000135
uso_ChrX2,81600000,82600000,0.000135
uso_ChrX2,81700000,82700000,0.000087
uso_ChrX2,81800000,82800000,0.000087
uso_ChrX2,81900000,82900000,0.000087
uso_ChrX2,82000000,83000000,0.000087
uso_ChrX2,82100000,83100000,0.000087
uso_ChrX2,82200000,83200000,0.000065
uso_ChrX2,82300000,83300000,0.000065
uso_ChrX2,82400000,83400000,0.000044
uso_ChrX2,82500000,83500000,0.000042
uso_ChrX2,82600000,83600000,0.000042
uso_ChrX2,82700000,83700000,0.000042
uso_ChrX2,82800000,83800000,0.000042
uso_ChrX2,82900000,83900000,0.000065
uso_ChrX2,83000000,84000000,0.000065
uso_ChrX2,83100000,84100000,0.000065
uso_ChrX2,83200000,84200000,0.000087
uso_ChrX2,83300000,84300000,0.000087
uso_ChrX2,83400000,84400000,0.000087
uso_ChrX2,83500000,84500000,0.000066
uso_ChrX2,83600000,84600000,0.000045
uso_ChrX2,83700000,84700000,0.000045
uso_ChrX2,83800000,84800000,0.000045
uso_ChrX2,83900000,84900000,0.000022
uso_ChrX2,84000000,84944898,0.0000233
uso_ChrX2,84100000,84944898,0.000026
uso_ChrX2,84200000,84944898,0
uso_ChrX2,84300000,84944898,0
uso_ChrX2,84400000,84944898,0
uso_ChrX2,84500000,84944898,0
uso_ChrX2,84600000,84944898,0
uso_ChrX2,84700000,84944898,0
uso_ChrX2,84800000,84944898,0
uso_ChrX2,84900000,84944898,0
uso_ChrX1,0,1000000,0.000022
uso_ChrX1,100000,1100000,0.000022
uso_ChrX1,200000,1200000,0.000022
uso_ChrX1,300000,1300000,0.000022
uso_ChrX1,400000,1400000,0.000022
uso_ChrX1,500000,1500000,0.000086
uso_ChrX1,600000,1600000,0.000107
uso_ChrX1,700000,1700000,0.000107
uso_ChrX1,800000,1800000,0.000128
uso_ChrX1,900000,1900000,0.000149
uso_ChrX1,1000000,2000000,0.000127
uso_ChrX1,1100000,2100000,0.000127
uso_ChrX1,1200000,2200000,0.00017
uso_ChrX1,1300000,2300000,0.000191
uso_ChrX1,1400000,2400000,0.000233
uso_ChrX1,1500000,2500000,0.000169
uso_ChrX1,1600000,2600000,0.000148
uso_ChrX1,1700000,2700000,0.000148
uso_ChrX1,1800000,2800000,0.000127
uso_ChrX1,1900000,2900000,0.000127
uso_ChrX1,2000000,3000000,0.000127
uso_ChrX1,2100000,3100000,0.000127
uso_ChrX1,2200000,3200000,0.000084
uso_ChrX1,2300000,3300000,0.000063
uso_ChrX1,2400000,3400000,0.000021
uso_ChrX1,2500000,3500000,0.000021
uso_ChrX1,2600000,3600000,0.000021
uso_ChrX1,2700000,3700000,0.000109
uso_ChrX1,2800000,3800000,0.000109
uso_ChrX1,2900000,3900000,0.00013
uso_ChrX1,3000000,4000000,0.000172
uso_ChrX1,3100000,4100000,0.000193
uso_ChrX1,3200000,4200000,0.000193
uso_ChrX1,3300000,4300000,0.000193
uso_ChrX1,3400000,4400000,0.000193
uso_ChrX1,3500000,4500000,0.000193
uso_ChrX1,3600000,4600000,0.000193
uso_ChrX1,3700000,4700000,0.000147
uso_ChrX1,3800000,4800000,0.000171
uso_ChrX1,3900000,4900000,0.000172
uso_ChrX1,4000000,5000000,0.000172
uso_ChrX1,4100000,5100000,0.000151
uso_ChrX1,4200000,5200000,0.000151
uso_ChrX1,4300000,5300000,0.000172
uso_ChrX1,4400000,5400000,0.000172
uso_ChrX1,4500000,5500000,0.000193
uso_ChrX1,4600000,5600000,0.000193
uso_ChrX1,4700000,5700000,0.000151
uso_ChrX1,4800000,5800000,0.000127
uso_ChrX1,4900000,5900000,0.000084
uso_ChrX1,5000000,6000000,0.000042
uso_ChrX1,5100000,6100000,0.000042
uso_ChrX1,5200000,6200000,0.000042
uso_ChrX1,5300000,6300000,0.000021
uso_ChrX1,5400000,6400000,0.000021
uso_ChrX1,5500000,6500000,0
uso_ChrX1,5600000,6600000,0
uso_ChrX1,5700000,6700000,0.000023
uso_ChrX1,5800000,6800000,0.000023
uso_ChrX1,5900000,6900000,0.000023
uso_ChrX1,6000000,7000000,0.000023
uso_ChrX1,6100000,7100000,0.000023
uso_ChrX1,6200000,7200000,0.000044
uso_ChrX1,6300000,7300000,0.000044
uso_ChrX1,6400000,7400000,0.000044
uso_ChrX1,6500000,7500000,0.000044
uso_ChrX1,6600000,7600000,0.000129
uso_ChrX1,6700000,7700000,0.000149
uso_ChrX1,6800000,7800000,0.000149
uso_ChrX1,6900000,7900000,0.000171
uso_ChrX1,7000000,8000000,0.000192
uso_ChrX1,7100000,8100000,0.000192
uso_ChrX1,7200000,8200000,0.000171
uso_ChrX1,7300000,8300000,0.000192
uso_ChrX1,7400000,8400000,0.000192
uso_ChrX1,7500000,8500000,0.000192
uso_ChrX1,7600000,8600000,0.000128
uso_ChrX1,7700000,8700000,0.000085
uso_ChrX1,7800000,8800000,0.000281
uso_ChrX1,7900000,8900000,0.00028
uso_ChrX1,8000000,9000000,0.000259
uso_ChrX1,8100000,9100000,0.000259
uso_ChrX1,8200000,9200000,0.000259
uso_ChrX1,8300000,9300000,0.000238
uso_ChrX1,8400000,9400000,0.000238
uso_ChrX1,8500000,9500000,0.000238
uso_ChrX1,8600000,9600000,0.000238
uso_ChrX1,8700000,9700000,0.000408
uso_ChrX1,8800000,9800000,0.000307
uso_ChrX1,8900000,9900000,0.000286
uso_ChrX1,9000000,10000000,0.00037
uso_ChrX1,9100000,10100000,0.000391
uso_ChrX1,9200000,10200000,0.000391
uso_ChrX1,9300000,10300000,0.000391
uso_ChrX1,9400000,10400000,0.000454
uso_ChrX1,9500000,10500000,0.000496
uso_ChrX1,9600000,10600000,0.000475
uso_ChrX1,9700000,10700000,0.000326
uso_ChrX1,9800000,10800000,0.000231
uso_ChrX1,9900000,10900000,0.000252
uso_ChrX1,10000000,11000000,0.00021
uso_ChrX1,10100000,11100000,0.000219
uso_ChrX1,10200000,11200000,0.000243
uso_ChrX1,10300000,11300000,0.000461
uso_ChrX1,10400000,11400000,0.000451
uso_ChrX1,10500000,11500000,0.000504
uso_ChrX1,10600000,11600000,0.000504
uso_ChrX1,10700000,11700000,0.000483
uso_ChrX1,10800000,11800000,0.000993
uso_ChrX1,10900000,11900000,0.001043
uso_ChrX1,11000000,12000000,0.001001
uso_ChrX1,11100000,12100000,0.000971
uso_ChrX1,11200000,12200000,0.000947
uso_ChrX1,11300000,12300000,0.000729
uso_ChrX1,11400000,12400000,0.000676
uso_ChrX1,11500000,12500000,0.000581
uso_ChrX1,11600000,12600000,0.000581
uso_ChrX1,11700000,12700000,0.000581
uso_ChrX1,11800000,12800000,0.000094
uso_ChrX1,11900000,12900000,0.000023
uso_ChrX1,12000000,13000000,0.000023
uso_ChrX1,12100000,13100000,0.00011
uso_ChrX1,12200000,13200000,0.000215
uso_ChrX1,12300000,13300000,0.000387
uso_ChrX1,12400000,13400000,0.000583
uso_ChrX1,12500000,13500000,0.000583
uso_ChrX1,12600000,13600000,0.000604
uso_ChrX1,12700000,13700000,0.000625
uso_ChrX1,12800000,13800000,0.000666
uso_ChrX1,12900000,13900000,0.000714
uso_ChrX1,13000000,14000000,0.000888
uso_ChrX1,13100000,14100000,0.001271
uso_ChrX1,13200000,14200000,0.001231
uso_ChrX1,13300000,14300000,0.0017
uso_ChrX1,13400000,14400000,0.00155
uso_ChrX1,13500000,14500000,0.001639
uso_ChrX1,13600000,14600000,0.001618
uso_ChrX1,13700000,14700000,0.001597
uso_ChrX1,13800000,14800000,0.001597
uso_ChrX1,13900000,14900000,0.001612
uso_ChrX1,14000000,15000000,0.001569
uso_ChrX1,14100000,15100000,0.001131
uso_ChrX1,14200000,15200000,0.001066
uso_ChrX1,14300000,15300000,0.000425
uso_ChrX1,14400000,15400000,0.000379
uso_ChrX1,14500000,15500000,0.00029
uso_ChrX1,14600000,15600000,0.00029
uso_ChrX1,14700000,15700000,0.00029
uso_ChrX1,14800000,15800000,0.000251
uso_ChrX1,14900000,15900000,0.000188
uso_ChrX1,15000000,16000000,0.000057
uso_ChrX1,15100000,16100000,0.000046
uso_ChrX1,15200000,16200000,0.000132
uso_ChrX1,15300000,16300000,0.000154
uso_ChrX1,15400000,16400000,0.000154
uso_ChrX1,15500000,16500000,0.000154
uso_ChrX1,15600000,16600000,0.000196
uso_ChrX1,15700000,16700000,0.000221
uso_ChrX1,15800000,16800000,0.000293
uso_ChrX1,15900000,16900000,0.000293
uso_ChrX1,16000000,17000000,0.000377
uso_ChrX1,16100000,17100000,0.00038
uso_ChrX1,16200000,17200000,0.000294
uso_ChrX1,16300000,17300000,0.000312
uso_ChrX1,16400000,17400000,0.000312
uso_ChrX1,16500000,17500000,0.000312
uso_ChrX1,16600000,17600000,0.00027
uso_ChrX1,16700000,17700000,0.000245
uso_ChrX1,16800000,17800000,0.000193
uso_ChrX1,16900000,17900000,0.000193
uso_ChrX1,17000000,18000000,0.000109
uso_ChrX1,17100000,18100000,0.000085
uso_ChrX1,17200000,18200000,0.000085
uso_ChrX1,17300000,18300000,0.000045
uso_ChrX1,17400000,18400000,0.000045
uso_ChrX1,17500000,18500000,0.000045
uso_ChrX1,17600000,18600000,0.000045
uso_ChrX1,17700000,18700000,0.000045
uso_ChrX1,17800000,18800000,0.000023
uso_ChrX1,17900000,18900000,0.000023
uso_ChrX1,18000000,19000000,0.000023
uso_ChrX1,18100000,19100000,0.000086
uso_ChrX1,18200000,19200000,0.000149
uso_ChrX1,18300000,19300000,0.000289
uso_ChrX1,18400000,19400000,0.000289
uso_ChrX1,18500000,19500000,0.000289
uso_ChrX1,18600000,19600000,0.000311
uso_ChrX1,18700000,19700000,0.000311
uso_ChrX1,18800000,19800000,0.000288
uso_ChrX1,18900000,19900000,0.000288
uso_ChrX1,19000000,20000000,0.000288
uso_ChrX1,19100000,20100000,0.000225
uso_ChrX1,19200000,20200000,0.000162
uso_ChrX1,19300000,20300000,0.000022
uso_ChrX1,19400000,20400000,0.000022
uso_ChrX1,19500000,20500000,0.000022
uso_ChrX1,19600000,20600000,0
uso_ChrX1,19700000,20700000,0.000021
uso_ChrX1,19800000,20800000,0.000021
uso_ChrX1,19900000,20900000,0.000021
uso_ChrX1,20000000,21000000,0.000021
uso_ChrX1,20100000,21100000,0.000043
uso_ChrX1,20200000,21200000,0.000085
uso_ChrX1,20300000,21300000,0.000085
uso_ChrX1,20400000,21400000,0.000085
uso_ChrX1,20500000,21500000,0.000085
uso_ChrX1,20600000,21600000,0.000085
uso_ChrX1,20700000,21700000,0.000064
uso_ChrX1,20800000,21800000,0.000064
uso_ChrX1,20900000,21900000,0.000064
uso_ChrX1,21000000,22000000,0.000064
uso_ChrX1,21100000,22100000,0.000042
uso_ChrX1,21200000,22200000,0
uso_ChrX1,21300000,22300000,0
uso_ChrX1,21400000,22400000,0.000084
uso_ChrX1,21500000,22500000,0.000084
uso_ChrX1,21600000,22600000,0.000105
uso_ChrX1,21700000,22700000,0.000126
uso_ChrX1,21800000,22800000,0.000126
uso_ChrX1,21900000,22900000,0.000126
uso_ChrX1,22000000,23000000,0.000126
uso_ChrX1,22100000,23100000,0.000126
uso_ChrX1,22200000,23200000,0.000126
uso_ChrX1,22300000,23300000,0.000126
uso_ChrX1,22400000,23400000,0.000042
uso_ChrX1,22500000,23500000,0.000042
uso_ChrX1,22600000,23600000,0.000042
uso_ChrX1,22700000,23700000,0.000021
uso_ChrX1,22800000,23800000,0.000021
uso_ChrX1,22900000,23900000,0.000021
uso_ChrX1,23000000,24000000,0.000021
uso_ChrX1,23100000,24100000,0.000021
uso_ChrX1,23200000,24200000,0.000021
uso_ChrX1,23300000,24300000,0.000021
uso_ChrX1,23400000,24400000,0.000021
uso_ChrX1,23500000,24500000,0.000085
uso_ChrX1,23600000,24600000,0.000064
uso_ChrX1,23700000,24700000,0.000064
uso_ChrX1,23800000,24800000,0.000064
uso_ChrX1,23900000,24900000,0.000085
uso_ChrX1,24000000,25000000,0.000265
uso_ChrX1,24100000,25100000,0.000376
uso_ChrX1,24200000,25200000,0.000376
uso_ChrX1,24300000,25300000,0.000418
uso_ChrX1,24400000,25400000,0.000418
uso_ChrX1,24500000,25500000,0.000354
uso_ChrX1,24600000,25600000,0.000354
uso_ChrX1,24700000,25700000,0.000354
uso_ChrX1,24800000,25800000,0.000354
uso_ChrX1,24900000,25900000,0.000333
uso_ChrX1,25000000,26000000,0.000153
uso_ChrX1,25100000,26100000,0.000042
uso_ChrX1,25200000,26200000,0.000042
uso_ChrX1,25300000,26300000,0
uso_ChrX1,25400000,26400000,0
uso_ChrX1,25500000,26500000,0
uso_ChrX1,25600000,26600000,0
uso_ChrX1,25700000,26700000,0
uso_ChrX1,25800000,26800000,0
uso_ChrX1,25900000,26900000,0.000021
uso_ChrX1,26000000,27000000,0.000194
uso_ChrX1,26100000,27100000,0.000236
uso_ChrX1,26200000,27200000,0.000236
uso_ChrX1,26300000,27300000,0.000279
uso_ChrX1,26400000,27400000,0.000279
uso_ChrX1,26500000,27500000,0.000279
uso_ChrX1,26600000,27600000,0.0003
uso_ChrX1,26700000,27700000,0.0003
uso_ChrX1,26800000,27800000,0.000384
uso_ChrX1,26900000,27900000,0.000363
uso_ChrX1,27000000,28000000,0.00019
uso_ChrX1,27100000,28100000,0.000148
uso_ChrX1,27200000,28200000,0.000148
uso_ChrX1,27300000,28300000,0.000105
uso_ChrX1,27400000,28400000,0.000105
uso_ChrX1,27500000,28500000,0.000288
uso_ChrX1,27600000,28600000,0.000352
uso_ChrX1,27700000,28700000,0.000532
uso_ChrX1,27800000,28800000,0.000471
uso_ChrX1,27900000,28900000,0.000471
uso_ChrX1,28000000,29000000,0.000516
uso_ChrX1,28100000,29100000,0.000588
uso_ChrX1,28200000,29200000,0.001141
uso_ChrX1,28300000,29300000,0.001141
uso_ChrX1,28400000,29400000,0.001141
uso_ChrX1,28500000,29500000,0.000958
uso_ChrX1,28600000,29600000,0.000873
uso_ChrX1,28700000,29700000,0.000715
uso_ChrX1,28800000,29800000,0.000756
uso_ChrX1,28900000,29900000,0.000777
uso_ChrX1,29000000,30000000,0.000732
uso_ChrX1,29100000,30100000,0.000704
uso_ChrX1,29200000,30200000,0.000151
uso_ChrX1,29300000,30300000,0.000151
uso_ChrX1,29400000,30400000,0.000151
uso_ChrX1,29500000,30500000,0.000151
uso_ChrX1,29600000,30600000,0.000151
uso_ChrX1,29700000,30700000,0.000129
uso_ChrX1,29800000,30800000,0.000065
uso_ChrX1,29900000,30900000,0.000065
uso_ChrX1,30000000,31000000,0.000107
uso_ChrX1,30100000,31100000,0.000087
uso_ChrX1,30200000,31200000,0.000087
uso_ChrX1,30300000,31300000,0.000087
uso_ChrX1,30400000,31400000,0.000087
uso_ChrX1,30500000,31500000,0.000087
uso_ChrX1,30600000,31600000,0.000087
uso_ChrX1,30700000,31700000,0.000087
uso_ChrX1,30800000,31800000,0.000087
uso_ChrX1,30900000,31900000,0.000066
uso_ChrX1,31000000,32000000,0.000024
uso_ChrX1,31100000,32100000,0
uso_ChrX1,31200000,32200000,0
uso_ChrX1,31300000,32300000,0.000021
uso_ChrX1,31400000,32400000,0.000021
uso_ChrX1,31500000,32500000,0.000021
uso_ChrX1,31600000,32600000,0.000021
uso_ChrX1,31700000,32700000,0.000021
uso_ChrX1,31800000,32800000,0.000021
uso_ChrX1,31900000,32900000,0.000021
uso_ChrX1,32000000,33000000,0.000021
uso_ChrX1,32100000,33100000,0.000021
uso_ChrX1,32200000,33200000,0.000021
uso_ChrX1,32300000,33300000,0
uso_ChrX1,32400000,33400000,0
uso_ChrX1,32500000,33500000,0
uso_ChrX1,32600000,33600000,0
uso_ChrX1,32700000,33700000,0
uso_ChrX1,32800000,33800000,0
uso_ChrX1,32900000,33900000,0
uso_ChrX1,33000000,34000000,0
uso_ChrX1,33100000,34100000,0
uso_ChrX1,33200000,34200000,0
uso_ChrX1,33300000,34300000,0
uso_ChrX1,33400000,34400000,0
uso_ChrX1,33500000,34500000,0
uso_ChrX1,33600000,34600000,0
uso_ChrX1,33700000,34700000,0
uso_ChrX1,33800000,34800000,0
uso_ChrX1,33900000,34900000,0
uso_ChrX1,34000000,35000000,0
uso_ChrX1,34100000,35100000,0
uso_ChrX1,34200000,35200000,0
uso_ChrX1,34300000,35300000,0
uso_ChrX1,34400000,35400000,0
uso_ChrX1,34500000,35500000,0
uso_ChrX1,34600000,35600000,0
uso_ChrX1,34700000,35700000,0
uso_ChrX1,34800000,35800000,0
uso_ChrX1,34900000,35900000,0
uso_ChrX1,35000000,36000000,0
uso_ChrX1,35100000,36100000,0
uso_ChrX1,35200000,36200000,0
uso_ChrX1,35300000,36300000,0
uso_ChrX1,35400000,36400000,0
uso_ChrX1,35500000,36500000,0
uso_ChrX1,35600000,36600000,0
uso_ChrX1,35700000,36700000,0
uso_ChrX1,35800000,36800000,0
uso_ChrX1,35900000,36900000,0
uso_ChrX1,36000000,37000000,0
uso_ChrX1,36100000,37100000,0
uso_ChrX1,36200000,37200000,0
uso_ChrX1,36300000,37300000,0
uso_ChrX1,36400000,37400000,0
uso_ChrX1,36500000,37500000,0
uso_ChrX1,36600000,37600000,0
uso_ChrX1,36700000,37700000,0
uso_ChrX1,36800000,37800000,0
uso_ChrX1,36900000,37900000,0
uso_ChrX1,37000000,38000000,0
uso_ChrX1,37100000,38100000,0
uso_ChrX1,37200000,38200000,0
uso_ChrX1,37300000,38300000,0
uso_ChrX1,37400000,38400000,0
uso_ChrX1,37500000,38500000,0
uso_ChrX1,37600000,38600000,0
uso_ChrX1,37700000,38700000,0
uso_ChrX1,37800000,38800000,0
uso_ChrX1,37900000,38900000,0
uso_ChrX1,38000000,39000000,0
uso_ChrX1,38100000,39100000,0
uso_ChrX1,38200000,39200000,0
uso_ChrX1,38300000,39300000,0
uso_ChrX1,38400000,39400000,0
uso_ChrX1,38500000,39500000,0
uso_ChrX1,38600000,39600000,0
uso_ChrX1,38700000,39700000,0
uso_ChrX1,38800000,39800000,0
uso_ChrX1,38900000,39900000,0
uso_ChrX1,39000000,40000000,0
uso_ChrX1,39100000,40100000,0
uso_ChrX1,39200000,40200000,0
uso_ChrX1,39300000,40300000,0
uso_ChrX1,39400000,40400000,0
uso_ChrX1,39500000,40500000,0
uso_ChrX1,39600000,40600000,0
uso_ChrX1,39700000,40700000,0
uso_ChrX1,39800000,40800000,0
uso_ChrX1,39900000,40900000,0
uso_ChrX1,40000000,41000000,0
uso_ChrX1,40100000,41100000,0
uso_ChrX1,40200000,41200000,0
uso_ChrX1,40300000,41300000,0
uso_ChrX1,40400000,41400000,0
uso_ChrX1,40500000,41500000,0
uso_ChrX1,40600000,41600000,0
uso_ChrX1,40700000,41700000,0
uso_ChrX1,40800000,41800000,0
uso_ChrX1,40900000,41900000,0
uso_ChrX1,41000000,42000000,0
uso_ChrX1,41100000,42100000,0
uso_ChrX1,41200000,42200000,0
uso_ChrX1,41300000,42300000,0
uso_ChrX1,41400000,42400000,0
uso_ChrX1,41500000,42500000,0
uso_ChrX1,41600000,42600000,0
uso_ChrX1,41700000,42700000,0
uso_ChrX1,41800000,42800000,0
uso_ChrX1,41900000,42900000,0
uso_ChrX1,42000000,43000000,0
uso_ChrX1,42100000,43100000,0
uso_ChrX1,42200000,43200000,0
uso_ChrX1,42300000,43300000,0
uso_ChrX1,42400000,43400000,0
uso_ChrX1,42500000,43500000,0
uso_ChrX1,42600000,43600000,0
uso_ChrX1,42700000,43700000,0
uso_ChrX1,42800000,43800000,0
uso_ChrX1,42900000,43900000,0
uso_ChrX1,43000000,44000000,0
uso_ChrX1,43100000,44100000,0
uso_ChrX1,43200000,44200000,0
uso_ChrX1,43300000,44300000,0
uso_ChrX1,43400000,44400000,0
uso_ChrX1,43500000,44500000,0
uso_ChrX1,43600000,44600000,0
uso_ChrX1,43700000,44700000,0
uso_ChrX1,43800000,44800000,0
uso_ChrX1,43900000,44900000,0
uso_ChrX1,44000000,45000000,0
uso_ChrX1,44100000,45100000,0
uso_ChrX1,44200000,45200000,0
uso_ChrX1,44300000,45300000,0
uso_ChrX1,44400000,45400000,0
uso_ChrX1,44500000,45500000,0
uso_ChrX1,44600000,45600000,0
uso_ChrX1,44700000,45700000,0
uso_ChrX1,44800000,45800000,0
uso_ChrX1,44900000,45900000,0
uso_ChrX1,45000000,46000000,0
uso_ChrX1,45100000,46100000,0
uso_ChrX1,45200000,46200000,0
uso_ChrX1,45300000,46300000,0
uso_ChrX1,45400000,46400000,0
uso_ChrX1,45500000,46500000,0
uso_ChrX1,45600000,46600000,0
uso_ChrX1,45700000,46700000,0
uso_ChrX1,45800000,46800000,0
uso_ChrX1,45900000,46900000,0
uso_ChrX1,46000000,47000000,0
uso_ChrX1,46100000,47100000,0
uso_ChrX1,46200000,47200000,0
uso_ChrX1,46300000,47300000,0
uso_ChrX1,46400000,47400000,0
uso_ChrX1,46500000,47500000,0
uso_ChrX1,46600000,47600000,0
uso_ChrX1,46700000,47700000,0
uso_ChrX1,46800000,47800000,0
uso_ChrX1,46900000,47900000,0
uso_ChrX1,47000000,48000000,0
uso_ChrX1,47100000,48100000,0
uso_ChrX1,47200000,48200000,0
uso_ChrX1,47300000,48300000,0
uso_ChrX1,47400000,48400000,0
uso_ChrX1,47500000,48500000,0
uso_ChrX1,47600000,48600000,0
uso_ChrX1,47700000,48700000,0
uso_ChrX1,47800000,48800000,0
uso_ChrX1,47900000,48900000,0
uso_ChrX1,48000000,49000000,0
uso_ChrX1,48100000,49100000,0
uso_ChrX1,48200000,49200000,0
uso_ChrX1,48300000,49300000,0
uso_ChrX1,48400000,49400000,0
uso_ChrX1,48500000,49500000,0
uso_ChrX1,48600000,49600000,0
uso_ChrX1,48700000,49700000,0
uso_ChrX1,48800000,49800000,0
uso_ChrX1,48900000,49900000,0
uso_ChrX1,49000000,50000000,0
uso_ChrX1,49100000,50100000,0
uso_ChrX1,49200000,50200000,0
uso_ChrX1,49300000,50300000,0
uso_ChrX1,49400000,50400000,0
uso_ChrX1,49500000,50500000,0
uso_ChrX1,49600000,50600000,0
uso_ChrX1,49700000,50700000,0
uso_ChrX1,49800000,50800000,0
uso_ChrX1,49900000,50900000,0
uso_ChrX1,50000000,51000000,0
uso_ChrX1,50100000,51100000,0
uso_ChrX1,50200000,51200000,0
uso_ChrX1,50300000,51300000,0
uso_ChrX1,50400000,51400000,0
uso_ChrX1,50500000,51500000,0
uso_ChrX1,50600000,51600000,0
uso_ChrX1,50700000,51700000,0
uso_ChrX1,50800000,51800000,0
uso_ChrX1,50900000,51900000,0
uso_ChrX1,51000000,52000000,0
uso_ChrX1,51100000,52100000,0
uso_ChrX1,51200000,52200000,0
uso_ChrX1,51300000,52300000,0
uso_ChrX1,51400000,52400000,0
uso_ChrX1,51500000,52500000,0
uso_ChrX1,51600000,52600000,0
uso_ChrX1,51700000,52700000,0
uso_ChrX1,51800000,52800000,0
uso_ChrX1,51900000,52900000,0
uso_ChrX1,52000000,53000000,0
uso_ChrX1,52100000,53100000,0
uso_ChrX1,52200000,53200000,0
uso_ChrX1,52300000,53300000,0
uso_ChrX1,52400000,53400000,0
uso_ChrX1,52500000,53500000,0
uso_ChrX1,52600000,53600000,0
uso_ChrX1,52700000,53700000,0
uso_ChrX1,52800000,53800000,0
uso_ChrX1,52900000,53900000,0
uso_ChrX1,53000000,54000000,0
uso_ChrX1,53100000,54100000,0
uso_ChrX1,53200000,54200000,0
uso_ChrX1,53300000,54300000,0
uso_ChrX1,53400000,54400000,0
uso_ChrX1,53500000,54500000,0
uso_ChrX1,53600000,54600000,0
uso_ChrX1,53700000,54700000,0
uso_ChrX1,53800000,54800000,0
uso_ChrX1,53900000,54900000,0
uso_ChrX1,54000000,55000000,0
uso_ChrX1,54100000,55100000,0
uso_ChrX1,54200000,55200000,0
uso_ChrX1,54300000,55300000,0
uso_ChrX1,54400000,55400000,0
uso_ChrX1,54500000,55500000,0
uso_ChrX1,54600000,55600000,0
uso_ChrX1,54700000,55700000,0
uso_ChrX1,54800000,55800000,0
uso_ChrX1,54900000,55900000,0
uso_ChrX1,55000000,56000000,0
uso_ChrX1,55100000,56100000,0
uso_ChrX1,55200000,56200000,0
uso_ChrX1,55300000,56300000,0
uso_ChrX1,55400000,56400000,0
uso_ChrX1,55500000,56500000,0
uso_ChrX1,55600000,56600000,0
uso_ChrX1,55700000,56700000,0
uso_ChrX1,55800000,56800000,0
uso_ChrX1,55900000,56900000,0
uso_ChrX1,56000000,57000000,0
uso_ChrX1,56100000,57100000,0
uso_ChrX1,56200000,57200000,0
uso_ChrX1,56300000,57300000,0
uso_ChrX1,56400000,57400000,0
uso_ChrX1,56500000,57500000,0
uso_ChrX1,56600000,57600000,0
uso_ChrX1,56700000,57700000,0
uso_ChrX1,56800000,57800000,0
uso_ChrX1,56900000,57900000,0
uso_ChrX1,57000000,58000000,0
uso_ChrX1,57100000,58100000,0
uso_ChrX1,57200000,58200000,0
uso_ChrX1,57300000,58300000,0
uso_ChrX1,57400000,58400000,0
uso_ChrX1,57500000,58500000,0
uso_ChrX1,57600000,58600000,0
uso_ChrX1,57700000,58700000,0
uso_ChrX1,57800000,58800000,0
uso_ChrX1,57900000,58900000,0
uso_ChrX1,58000000,59000000,0
uso_ChrX1,58100000,59100000,0
uso_ChrX1,58200000,59200000,0
uso_ChrX1,58300000,59300000,0
uso_ChrX1,58400000,59400000,0
uso_ChrX1,58500000,59500000,0
uso_ChrX1,58600000,59600000,0
uso_ChrX1,58700000,59700000,0
uso_ChrX1,58800000,59800000,0
uso_ChrX1,58900000,59900000,0
uso_ChrX1,59000000,60000000,0
uso_ChrX1,59100000,60100000,0
uso_ChrX1,59200000,60200000,0
uso_ChrX1,59300000,60300000,0
uso_ChrX1,59400000,60400000,0
uso_ChrX1,59500000,60500000,0
uso_ChrX1,59600000,60600000,0
uso_ChrX1,59700000,60700000,0
uso_ChrX1,59800000,60800000,0
uso_ChrX1,59900000,60900000,0
uso_ChrX1,60000000,61000000,0
uso_ChrX1,60100000,61100000,0
uso_ChrX1,60200000,61200000,0
uso_ChrX1,60300000,61300000,0
uso_ChrX1,60400000,61400000,0
uso_ChrX1,60500000,61500000,0
uso_ChrX1,60600000,61600000,0
uso_ChrX1,60700000,61700000,0
uso_ChrX1,60800000,61800000,0
uso_ChrX1,60900000,61900000,0
uso_ChrX1,61000000,62000000,0
uso_ChrX1,61100000,62100000,0
uso_ChrX1,61200000,62200000,0
uso_ChrX1,61300000,62300000,0
uso_ChrX1,61400000,62400000,0
uso_ChrX1,61500000,62500000,0
uso_ChrX1,61600000,62600000,0
uso_ChrX1,61700000,62700000,0
uso_ChrX1,61800000,62800000,0
uso_ChrX1,61900000,62900000,0
uso_ChrX1,62000000,63000000,0
uso_ChrX1,62100000,63100000,0
uso_ChrX1,62200000,63200000,0
uso_ChrX1,62300000,63300000,0
uso_ChrX1,62400000,63400000,0
uso_ChrX1,62500000,63500000,0
uso_ChrX1,62600000,63600000,0
uso_ChrX1,62700000,63700000,0
uso_ChrX1,62800000,63800000,0
uso_ChrX1,62900000,63900000,0
uso_ChrX1,63000000,64000000,0
uso_ChrX1,63100000,64100000,0
uso_ChrX1,63200000,64200000,0
uso_ChrX1,63300000,64300000,0
uso_ChrX1,63400000,64400000,0
uso_ChrX1,63500000,64500000,0
uso_ChrX1,63600000,64600000,0
uso_ChrX1,63700000,64700000,0
uso_ChrX1,63800000,64800000,0
uso_ChrX1,63900000,64900000,0
uso_ChrX1,64000000,65000000,0
uso_ChrX1,64100000,65100000,0
uso_ChrX1,64200000,65200000,0
uso_ChrX1,64300000,65300000,0
uso_ChrX1,64400000,65400000,0
uso_ChrX1,64500000,65500000,0
uso_ChrX1,64600000,65600000,0
uso_ChrX1,64700000,65700000,0
uso_ChrX1,64800000,65800000,0
uso_ChrX1,64900000,65900000,0
uso_ChrX1,65000000,66000000,0
uso_ChrX1,65100000,66100000,0
uso_ChrX1,65200000,66200000,0
uso_ChrX1,65300000,66300000,0
uso_ChrX1,65400000,66400000,0
uso_ChrX1,65500000,66500000,0
uso_ChrX1,65600000,66600000,0
uso_ChrX1,65700000,66700000,0
uso_ChrX1,65800000,66800000,0
uso_ChrX1,65900000,66900000,0
uso_ChrX1,66000000,67000000,0
uso_ChrX1,66100000,67100000,0
uso_ChrX1,66200000,67200000,0
uso_ChrX1,66300000,67300000,0
uso_ChrX1,66400000,67400000,0
uso_ChrX1,66500000,67500000,0
uso_ChrX1,66600000,67600000,0
uso_ChrX1,66700000,67700000,0
uso_ChrX1,66800000,67800000,0
uso_ChrX1,66900000,67900000,0.000023
uso_ChrX1,67000000,68000000,0.000023
uso_ChrX1,67100000,68100000,0.000044
uso_ChrX1,67200000,68200000,0.000044
uso_ChrX1,67300000,68300000,0.000044
uso_ChrX1,67400000,68400000,0.000044
uso_ChrX1,67500000,68500000,0.000067
uso_ChrX1,67600000,68600000,0.000067
uso_ChrX1,67700000,68700000,0.000187
uso_ChrX1,67800000,68800000,0.000209
uso_ChrX1,67900000,68900000,0.000186
uso_ChrX1,68000000,69000000,0.000186
uso_ChrX1,68100000,69100000,0.000188
uso_ChrX1,68200000,69200000,0.000209
uso_ChrX1,68300000,69300000,0.000209
uso_ChrX1,68400000,69400000,0.000209
uso_ChrX1,68500000,69500000,0.000186
uso_ChrX1,68600000,69600000,0.000186
uso_ChrX1,68700000,69700000,0.000066
uso_ChrX1,68800000,69800000,0.000044
uso_ChrX1,68900000,69900000,0.000044
uso_ChrX1,69000000,70000000,0.000044
uso_ChrX1,69100000,70100000,0.000021
uso_ChrX1,69200000,70200000,0
uso_ChrX1,69300000,70300000,0
uso_ChrX1,69400000,70400000,0
uso_ChrX1,69500000,70500000,0
uso_ChrX1,69600000,70600000,0
uso_ChrX1,69700000,70700000,0
uso_ChrX1,69800000,70800000,0
uso_ChrX1,69900000,70900000,0
uso_ChrX1,70000000,71000000,0
uso_ChrX1,70100000,71100000,0
uso_ChrX1,70200000,71200000,0
uso_ChrX1,70300000,71300000,0
uso_ChrX1,70400000,71400000,0
uso_ChrX1,70500000,71500000,0
uso_ChrX1,70600000,71600000,0
uso_ChrX1,70700000,71700000,0
uso_ChrX1,70800000,71800000,0
uso_ChrX1,70900000,71900000,0
uso_ChrX1,71000000,72000000,0
uso_ChrX1,71100000,72100000,0
uso_ChrX1,71200000,72200000,0
uso_ChrX1,71300000,72300000,0
uso_ChrX1,71400000,72400000,0
uso_ChrX1,71500000,72500000,0
uso_ChrX1,71600000,72600000,0
uso_ChrX1,71700000,72700000,0
uso_ChrX1,71800000,72800000,0
uso_ChrX1,71900000,72900000,0
uso_ChrX1,72000000,73000000,0
uso_ChrX1,72100000,73100000,0
uso_ChrX1,72200000,73200000,0
uso_ChrX1,72300000,73300000,0
uso_ChrX1,72400000,73400000,0
uso_ChrX1,72500000,73500000,0
uso_ChrX1,72600000,73600000,0
uso_ChrX1,72700000,73700000,0
uso_ChrX1,72800000,73800000,0
uso_ChrX1,72900000,73900000,0
uso_ChrX1,73000000,74000000,0
uso_ChrX1,73100000,74100000,0
uso_ChrX1,73200000,74200000,0
uso_ChrX1,73300000,74300000,0
uso_ChrX1,73400000,74400000,0
uso_ChrX1,73500000,74500000,0
uso_ChrX1,73600000,74600000,0
uso_ChrX1,73700000,74700000,0
uso_ChrX1,73800000,74800000,0
uso_ChrX1,73900000,74900000,0
uso_ChrX1,74000000,75000000,0
uso_ChrX1,74100000,75100000,0
uso_ChrX1,74200000,75200000,0
uso_ChrX1,74300000,75300000,0
uso_ChrX1,74400000,75400000,0
uso_ChrX1,74500000,75500000,0
uso_ChrX1,74600000,75600000,0
uso_ChrX1,74700000,75700000,0.000024
uso_ChrX1,74800000,75800000,0.000024
uso_ChrX1,74900000,75900000,0.000024
uso_ChrX1,75000000,76000000,0.000024
uso_ChrX1,75100000,76100000,0.000024
uso_ChrX1,75200000,76200000,0.000024
uso_ChrX1,75300000,76300000,0.000024
uso_ChrX1,75400000,76400000,0.000024
uso_ChrX1,75500000,76500000,0.000024
uso_ChrX1,75600000,76600000,0.000024
uso_ChrX1,75700000,76700000,0
uso_ChrX1,75800000,76800000,0
uso_ChrX1,75900000,76900000,0
uso_ChrX1,76000000,77000000,0
uso_ChrX1,76100000,77100000,0
uso_ChrX1,76200000,77200000,0
uso_ChrX1,76300000,77300000,0
uso_ChrX1,76400000,77400000,0
uso_ChrX1,76500000,77500000,0
uso_ChrX1,76600000,77600000,0
uso_ChrX1,76700000,77700000,0
uso_ChrX1,76800000,77800000,0
uso_ChrX1,76900000,77900000,0
uso_ChrX1,77000000,78000000,0
uso_ChrX1,77100000,78100000,0
uso_ChrX1,77200000,78200000,0
uso_ChrX1,77300000,78300000,0
uso_ChrX1,77400000,78400000,0
uso_ChrX1,77500000,78500000,0
uso_ChrX1,77600000,78600000,0
uso_ChrX1,77700000,78700000,0
uso_ChrX1,77800000,78800000,0
uso_ChrX1,77900000,78900000,0
uso_ChrX1,78000000,79000000,0
uso_ChrX1,78100000,79100000,0
uso_ChrX1,78200000,79200000,0
uso_ChrX1,78300000,79300000,0
uso_ChrX1,78400000,79400000,0
uso_ChrX1,78500000,79500000,0
uso_ChrX1,78600000,79600000,0
uso_ChrX1,78700000,79700000,0.000021
uso_ChrX1,78800000,79800000,0.000021
uso_ChrX1,78900000,79900000,0.000086
uso_ChrX1,79000000,80000000,0.000086
uso_ChrX1,79100000,80100000,0.000086
uso_ChrX1,79200000,80200000,0.000128
uso_ChrX1,79300000,80300000,0.00015
uso_ChrX1,79400000,80400000,0.00015
uso_ChrX1,79500000,80500000,0.00015
uso_ChrX1,79600000,80600000,0.00015
uso_ChrX1,79700000,80700000,0.000129
uso_ChrX1,79800000,80800000,0.000129
uso_ChrX1,79900000,80900000,0.000064
uso_ChrX1,80000000,81000000,0.000064
uso_ChrX1,80100000,81100000,0.000064
uso_ChrX1,80200000,81200000,0.000043
uso_ChrX1,80300000,81300000,0.000021
uso_ChrX1,80400000,81400000,0.000021
uso_ChrX1,80500000,81500000,0.000042
uso_ChrX1,80600000,81600000,0.000042
uso_ChrX1,80700000,81700000,0.000042
uso_ChrX1,80800000,81800000,0.000042
uso_ChrX1,80900000,81900000,0.000042
uso_ChrX1,81000000,82000000,0.000084
uso_ChrX1,81100000,82100000,0.000084
uso_ChrX1,81200000,82200000,0.000111
uso_ChrX1,81300000,82300000,0.000111
uso_ChrX1,81400000,82400000,0.000111
uso_ChrX1,81500000,82500000,0.00009
uso_ChrX1,81600000,82600000,0.00009
uso_ChrX1,81700000,82700000,0.00009
uso_ChrX1,81800000,82800000,0.00009
uso_ChrX1,81900000,82900000,0.000111
uso_ChrX1,82000000,83000000,0.000069
uso_ChrX1,82100000,83100000,0.000069
uso_ChrX1,82200000,83200000,0.000021
uso_ChrX1,82300000,83300000,0.000021
uso_ChrX1,82400000,83400000,0.000021
uso_ChrX1,82500000,83500000,0.000021
uso_ChrX1,82600000,83600000,0.000042
uso_ChrX1,82700000,83700000,0.000042
uso_ChrX1,82800000,83800000,0.000042
uso_ChrX1,82900000,83900000,0.000021
uso_ChrX1,83000000,84000000,0.000021
uso_ChrX1,83100000,84100000,0.000043
uso_ChrX1,83200000,84200000,0.000043
uso_ChrX1,83300000,84300000,0.000043
uso_ChrX1,83400000,84400000,0.000043
uso_ChrX1,83500000,84500000,0.000043
uso_ChrX1,83600000,84600000,0.000022
uso_ChrX1,83700000,84700000,0.000022
uso_ChrX1,83800000,84800000,0.000022
uso_ChrX1,83900000,84824538,0.0000238
uso_ChrX1,84000000,84824538,0.0000267
uso_ChrX1,84100000,84824538,0
uso_ChrX1,84200000,84824538,0
uso_ChrX1,84300000,84824538,0
uso_ChrX1,84400000,84824538,0
uso_ChrX1,84500000,84824538,0
uso_ChrX1,84600000,84824538,0
uso_ChrX1,84700000,84824538,0
uso_ChrX1,84800000,84824538,0
otto_ChrX,0,1000000,0
otto_ChrX,100000,1100000,0
otto_ChrX,200000,1200000,0
otto_ChrX,300000,1300000,0
otto_ChrX,400000,1400000,0
otto_ChrX,500000,1500000,0
otto_ChrX,600000,1600000,0
otto_ChrX,700000,1700000,0
otto_ChrX,800000,1800000,0.000034
otto_ChrX,900000,1900000,0.000055
otto_ChrX,1000000,2000000,0.000055
otto_ChrX,1100000,2100000,0.000076
otto_ChrX,1200000,2200000,0.000076
otto_ChrX,1300000,2300000,0.000118
otto_ChrX,1400000,2400000,0.000118
otto_ChrX,1500000,2500000,0.000118
otto_ChrX,1600000,2600000,0.000118
otto_ChrX,1700000,2700000,0.000118
otto_ChrX,1800000,2800000,0.000168
otto_ChrX,1900000,2900000,0.000169
otto_ChrX,2000000,3000000,0.000169
otto_ChrX,2100000,3100000,0.000148
otto_ChrX,2200000,3200000,0.000148
otto_ChrX,2300000,3300000,0.000127
otto_ChrX,2400000,3400000,0.000127
otto_ChrX,2500000,3500000,0.000177
otto_ChrX,2600000,3600000,0.000177
otto_ChrX,2700000,3700000,0.000177
otto_ChrX,2800000,3800000,0.000093
otto_ChrX,2900000,3900000,0.000092
otto_ChrX,3000000,4000000,0.000092
otto_ChrX,3100000,4100000,0.000092
otto_ChrX,3200000,4200000,0.000092
otto_ChrX,3300000,4300000,0.000071
otto_ChrX,3400000,4400000,0.000092
otto_ChrX,3500000,4500000,0.000042
otto_ChrX,3600000,4600000,0.000042
otto_ChrX,3700000,4700000,0.000042
otto_ChrX,3800000,4800000,0.000063
otto_ChrX,3900000,4900000,0.000064
otto_ChrX,4000000,5000000,0.000064
otto_ChrX,4100000,5100000,0.000064
otto_ChrX,4200000,5200000,0.000085
otto_ChrX,4300000,5300000,0.000085
otto_ChrX,4400000,5400000,0.000151
otto_ChrX,4500000,5500000,0.000185
otto_ChrX,4600000,5600000,0.000185
otto_ChrX,4700000,5700000,0.000185
otto_ChrX,4800000,5800000,0.000164
otto_ChrX,4900000,5900000,0.000142
otto_ChrX,5000000,6000000,0.000142
otto_ChrX,5100000,6100000,0.000142
otto_ChrX,5200000,6200000,0.000121
otto_ChrX,5300000,6300000,0.000121
otto_ChrX,5400000,6400000,0.000034
otto_ChrX,5500000,6500000,0.000021
otto_ChrX,5600000,6600000,0.000021
otto_ChrX,5700000,6700000,0.000021
otto_ChrX,5800000,6800000,0.000021
otto_ChrX,5900000,6900000,0.000021
otto_ChrX,6000000,7000000,0.000021
otto_ChrX,6100000,7100000,0.000021
otto_ChrX,6200000,7200000,0.000021
otto_ChrX,6300000,7300000,0.000021
otto_ChrX,6400000,7400000,0.000021
otto_ChrX,6500000,7500000,0
otto_ChrX,6600000,7600000,0
otto_ChrX,6700000,7700000,0.000042
otto_ChrX,6800000,7800000,0.000042
otto_ChrX,6900000,7900000,0.000042
otto_ChrX,7000000,8000000,0.000065
otto_ChrX,7100000,8100000,0.000107
otto_ChrX,7200000,8200000,0.000128
otto_ChrX,7300000,8300000,0.000128
otto_ChrX,7400000,8400000,0.000128
otto_ChrX,7500000,8500000,0.000216
otto_ChrX,7600000,8600000,0.000216
otto_ChrX,7700000,8700000,0.000174
otto_ChrX,7800000,8800000,0.000174
otto_ChrX,7900000,8900000,0.000174
otto_ChrX,8000000,9000000,0.000219
otto_ChrX,8100000,9100000,0.00022
otto_ChrX,8200000,9200000,0.000266
otto_ChrX,8300000,9300000,0.000266
otto_ChrX,8400000,9400000,0.000266
otto_ChrX,8500000,9500000,0.000204
otto_ChrX,8600000,9600000,0.000228
otto_ChrX,8700000,9700000,0.000392
otto_ChrX,8800000,9800000,0.000392
otto_ChrX,8900000,9900000,0.000413
otto_ChrX,9000000,10000000,0.000366
otto_ChrX,9100000,10100000,0.000323
otto_ChrX,9200000,10200000,0.000256
otto_ChrX,9300000,10300000,0.000256
otto_ChrX,9400000,10400000,0.000256
otto_ChrX,9500000,10500000,0.000387
otto_ChrX,9600000,10600000,0.000448
otto_ChrX,9700000,10700000,0.000371
otto_ChrX,9800000,10800000,0.000371
otto_ChrX,9900000,10900000,0.00035
otto_ChrX,10000000,11000000,0.00035
otto_ChrX,10100000,11100000,0.00035
otto_ChrX,10200000,11200000,0.000371
otto_ChrX,10300000,11300000,0.000371
otto_ChrX,10400000,11400000,0.000371
otto_ChrX,10500000,11500000,0.000214
otto_ChrX,10600000,11600000,0.000129
otto_ChrX,10700000,11700000,0.000042
otto_ChrX,10800000,11800000,0.000042
otto_ChrX,10900000,11900000,0.000042
otto_ChrX,11000000,12000000,0.00012
otto_ChrX,11100000,12100000,0.000232
otto_ChrX,11200000,12200000,0.000482
otto_ChrX,11300000,12300000,0.000482
otto_ChrX,11400000,12400000,0.000482
otto_ChrX,11500000,12500000,0.000482
otto_ChrX,11600000,12600000,0.000524
otto_ChrX,11700000,12700000,0.000591
otto_ChrX,11800000,12800000,0.000813
otto_ChrX,11900000,12900000,0.000855
otto_ChrX,12000000,13000000,0.0008
otto_ChrX,12100000,13100000,0.000848
otto_ChrX,12200000,13200000,0.00064
otto_ChrX,12300000,13300000,0.00064
otto_ChrX,12400000,13400000,0.00064
otto_ChrX,12500000,13500000,0.000935
otto_ChrX,12600000,13600000,0.000977
otto_ChrX,12700000,13700000,0.000931
otto_ChrX,12800000,13800000,0.00073
otto_ChrX,12900000,13900000,0.000709
otto_ChrX,13000000,14000000,0.000665
otto_ChrX,13100000,14100000,0.000571
otto_ChrX,13200000,14200000,0.000508
otto_ChrX,13300000,14300000,0.000508
otto_ChrX,13400000,14400000,0.000508
otto_ChrX,13500000,14500000,0.000276
otto_ChrX,13600000,14600000,0.000235
otto_ChrX,13700000,14700000,0.000256
otto_ChrX,13800000,14800000,0.000302
otto_ChrX,13900000,14900000,0.000323
otto_ChrX,14000000,15000000,0.000323
otto_ChrX,14100000,15100000,0.0003
otto_ChrX,14200000,15200000,0.0003
otto_ChrX,14300000,15300000,0.0003
otto_ChrX,14400000,15400000,0.000363
otto_ChrX,14500000,15500000,0.000342
otto_ChrX,14600000,15600000,0.000321
otto_ChrX,14700000,15700000,0.000321
otto_ChrX,14800000,15800000,0.000319
otto_ChrX,14900000,15900000,0.000319
otto_ChrX,15000000,16000000,0.000319
otto_ChrX,15100000,16100000,0.000411
otto_ChrX,15200000,16200000,0.000498
otto_ChrX,15300000,16300000,0.000498
otto_ChrX,15400000,16400000,0.000435
otto_ChrX,15500000,16500000,0.000393
otto_ChrX,15600000,16600000,0.000371
otto_ChrX,15700000,16700000,0.000381
otto_ChrX,15800000,16800000,0.000316
otto_ChrX,15900000,16900000,0.000274
otto_ChrX,16000000,17000000,0.000467
otto_ChrX,16100000,17100000,0.000353
otto_ChrX,16200000,17200000,0.000308
otto_ChrX,16300000,17300000,0.000393
otto_ChrX,16400000,17400000,0.00052
otto_ChrX,16500000,17500000,0.000583
otto_ChrX,16600000,17600000,0.000604
otto_ChrX,16700000,17700000,0.000596
otto_ChrX,16800000,17800000,0.000638
otto_ChrX,16900000,17900000,0.000638
otto_ChrX,17000000,18000000,0.000577
otto_ChrX,17100000,18100000,0.00064
otto_ChrX,17200000,18200000,0.000619
otto_ChrX,17300000,18300000,0.000601
otto_ChrX,17400000,18400000,0.000623
otto_ChrX,17500000,18500000,0.000731
otto_ChrX,17600000,18600000,0.00071
otto_ChrX,17700000,18700000,0.000666
otto_ChrX,17800000,18800000,0.000624
otto_ChrX,17900000,18900000,0.000624
otto_ChrX,18000000,19000000,0.000492
otto_ChrX,18100000,19100000,0.000408
otto_ChrX,18200000,19200000,0.000387
otto_ChrX,18300000,19300000,0.00032
otto_ChrX,18400000,19400000,0.000171
otto_ChrX,18500000,19500000,0.000048
otto_ChrX,18600000,19600000,0.00009
otto_ChrX,18700000,19700000,0.00009
otto_ChrX,18800000,19800000,0.000113
otto_ChrX,18900000,19900000,0.000113
otto_ChrX,19000000,20000000,0.000155
otto_ChrX,19100000,20100000,0.00022
otto_ChrX,19200000,20200000,0.000358
otto_ChrX,19300000,20300000,0.000702
otto_ChrX,19400000,20400000,0.000908
otto_ChrX,19500000,20500000,0.00086
otto_ChrX,19600000,20600000,0.000818
otto_ChrX,19700000,20700000,0.000818
otto_ChrX,19800000,20800000,0.000795
otto_ChrX,19900000,20900000,0.000795
otto_ChrX,20000000,21000000,0.000753
otto_ChrX,20100000,21100000,0.000688
otto_ChrX,20200000,21200000,0.000571
otto_ChrX,20300000,21300000,0.000227
otto_ChrX,20400000,21400000,0.000042
otto_ChrX,20500000,21500000,0.000152
otto_ChrX,20600000,21600000,0.000321
otto_ChrX,20700000,21700000,0.00043
otto_ChrX,20800000,21800000,0.000498
otto_ChrX,20900000,21900000,0.000564
otto_ChrX,21000000,22000000,0.000564
otto_ChrX,21100000,22100000,0.000587
otto_ChrX,21200000,22200000,0.000566
otto_ChrX,21300000,22300000,0.000566
otto_ChrX,21400000,22400000,0.000545
otto_ChrX,21500000,22500000,0.000435
otto_ChrX,21600000,22600000,0.000266
otto_ChrX,21700000,22700000,0.000157
otto_ChrX,21800000,22800000,0.000133
otto_ChrX,21900000,22900000,0.000067
otto_ChrX,22000000,23000000,0.000067
otto_ChrX,22100000,23100000,0.000044
otto_ChrX,22200000,23200000,0.000044
otto_ChrX,22300000,23300000,0.000044
otto_ChrX,22400000,23400000,0.000065
otto_ChrX,22500000,23500000,0.000088
otto_ChrX,22600000,23600000,0.000088
otto_ChrX,22700000,23700000,0.000088
otto_ChrX,22800000,23800000,0.000044
otto_ChrX,22900000,23900000,0.000044
otto_ChrX,23000000,24000000,0.000044
otto_ChrX,23100000,24100000,0.000044
otto_ChrX,23200000,24200000,0.000092
otto_ChrX,23300000,24300000,0.000113
otto_ChrX,23400000,24400000,0.000114
otto_ChrX,23500000,24500000,0.000091
otto_ChrX,23600000,24600000,0.000091
otto_ChrX,23700000,24700000,0.000091
otto_ChrX,23800000,24800000,0.000091
otto_ChrX,23900000,24900000,0.000091
otto_ChrX,24000000,25000000,0.000091
otto_ChrX,24100000,25100000,0.000091
otto_ChrX,24200000,25200000,0.000043
otto_ChrX,24300000,25300000,0.000022
otto_ChrX,24400000,25400000,0
otto_ChrX,24500000,25500000,0
otto_ChrX,24600000,25600000,0
otto_ChrX,24700000,25700000,0
otto_ChrX,24800000,25800000,0
otto_ChrX,24900000,25900000,0
otto_ChrX,25000000,26000000,0.000021
otto_ChrX,25100000,26100000,0.000021
otto_ChrX,25200000,26200000,0.000021
otto_ChrX,25300000,26300000,0.000021
otto_ChrX,25400000,26400000,0.000021
otto_ChrX,25500000,26500000,0.000021
otto_ChrX,25600000,26600000,0.000021
otto_ChrX,25700000,26700000,0.000021
otto_ChrX,25800000,26800000,0.000021
otto_ChrX,25900000,26900000,0.000021
otto_ChrX,26000000,27000000,0
otto_ChrX,26100000,27100000,0
otto_ChrX,26200000,27200000,0
otto_ChrX,26300000,27300000,0
otto_ChrX,26400000,27400000,0
otto_ChrX,26500000,27500000,0
otto_ChrX,26600000,27600000,0
otto_ChrX,26700000,27700000,0
otto_ChrX,26800000,27800000,0
otto_ChrX,26900000,27900000,0
otto_ChrX,27000000,28000000,0
otto_ChrX,27100000,28100000,0
otto_ChrX,27200000,28200000,0
otto_ChrX,27300000,28300000,0
otto_ChrX,27400000,28400000,0
otto_ChrX,27500000,28500000,0
otto_ChrX,27600000,28600000,0
otto_ChrX,27700000,28700000,0
otto_ChrX,27800000,28800000,0
otto_ChrX,27900000,28900000,0
otto_ChrX,28000000,29000000,0
otto_ChrX,28100000,29100000,0
otto_ChrX,28200000,29200000,0
otto_ChrX,28300000,29300000,0
otto_ChrX,28400000,29400000,0
otto_ChrX,28500000,29500000,0
otto_ChrX,28600000,29600000,0
otto_ChrX,28700000,29700000,0
otto_ChrX,28800000,29800000,0
otto_ChrX,28900000,29900000,0
otto_ChrX,29000000,30000000,0
otto_ChrX,29100000,30100000,0
otto_ChrX,29200000,30200000,0
otto_ChrX,29300000,30300000,0
otto_ChrX,29400000,30400000,0
otto_ChrX,29500000,30500000,0
otto_ChrX,29600000,30600000,0
otto_ChrX,29700000,30700000,0
otto_ChrX,29800000,30800000,0
otto_ChrX,29900000,30900000,0
otto_ChrX,30000000,31000000,0
otto_ChrX,30100000,31100000,0
otto_ChrX,30200000,31200000,0
otto_ChrX,30300000,31300000,0
otto_ChrX,30400000,31400000,0
otto_ChrX,30500000,31500000,0
otto_ChrX,30600000,31600000,0
otto_ChrX,30700000,31700000,0
otto_ChrX,30800000,31800000,0
otto_ChrX,30900000,31900000,0
otto_ChrX,31000000,32000000,0
otto_ChrX,31100000,32100000,0
otto_ChrX,31200000,32200000,0
otto_ChrX,31300000,32300000,0
otto_ChrX,31400000,32400000,0
otto_ChrX,31500000,32500000,0
otto_ChrX,31600000,32600000,0
otto_ChrX,31700000,32700000,0
otto_ChrX,31800000,32800000,0
otto_ChrX,31900000,32900000,0
otto_ChrX,32000000,33000000,0
otto_ChrX,32100000,33100000,0
otto_ChrX,32200000,33200000,0
otto_ChrX,32300000,33300000,0
otto_ChrX,32400000,33400000,0
otto_ChrX,32500000,33500000,0
otto_ChrX,32600000,33600000,0
otto_ChrX,32700000,33700000,0
otto_ChrX,32800000,33800000,0
otto_ChrX,32900000,33900000,0
otto_ChrX,33000000,34000000,0
otto_ChrX,33100000,34100000,0
otto_ChrX,33200000,34200000,0
otto_ChrX,33300000,34300000,0
otto_ChrX,33400000,34400000,0
otto_ChrX,33500000,34500000,0
otto_ChrX,33600000,34600000,0
otto_ChrX,33700000,34700000,0
otto_ChrX,33800000,34800000,0
otto_ChrX,33900000,34900000,0
otto_ChrX,34000000,35000000,0
otto_ChrX,34100000,35100000,0
otto_ChrX,34200000,35200000,0.000021
otto_ChrX,34300000,35300000,0.000021
otto_ChrX,34400000,35400000,0.000021
otto_ChrX,34500000,35500000,0.000021
otto_ChrX,34600000,35600000,0.000021
otto_ChrX,34700000,35700000,0.000042
otto_ChrX,34800000,35800000,0.000066
otto_ChrX,34900000,35900000,0.000066
otto_ChrX,35000000,36000000,0.000066
otto_ChrX,35100000,36100000,0.000066
otto_ChrX,35200000,36200000,0.000045
otto_ChrX,35300000,36300000,0.000045
otto_ChrX,35400000,36400000,0.000045
otto_ChrX,35500000,36500000,0.000045
otto_ChrX,35600000,36600000,0.000045
otto_ChrX,35700000,36700000,0.000024
otto_ChrX,35800000,36800000,0.000021
otto_ChrX,35900000,36900000,0.000065
otto_ChrX,36000000,37000000,0.000086
otto_ChrX,36100000,37100000,0.000086
otto_ChrX,36200000,37200000,0.000128
otto_ChrX,36300000,37300000,0.000149
otto_ChrX,36400000,37400000,0.000149
otto_ChrX,36500000,37500000,0.000149
otto_ChrX,36600000,37600000,0.000149
otto_ChrX,36700000,37700000,0.000149
otto_ChrX,36800000,37800000,0.000128
otto_ChrX,36900000,37900000,0.000084
otto_ChrX,37000000,38000000,0.000063
otto_ChrX,37100000,38100000,0.000063
otto_ChrX,37200000,38200000,0.000021
otto_ChrX,37300000,38300000,0
otto_ChrX,37400000,38400000,0
otto_ChrX,37500000,38500000,0
otto_ChrX,37600000,38600000,0
otto_ChrX,37700000,38700000,0
otto_ChrX,37800000,38800000,0
otto_ChrX,37900000,38900000,0
otto_ChrX,38000000,39000000,0.000021
otto_ChrX,38100000,39100000,0.000021
otto_ChrX,38200000,39200000,0.000021
otto_ChrX,38300000,39300000,0.000021
otto_ChrX,38400000,39400000,0.000021
otto_ChrX,38500000,39500000,0.000021
otto_ChrX,38600000,39600000,0.000021
otto_ChrX,38700000,39700000,0.000021
otto_ChrX,38800000,39800000,0.000021
otto_ChrX,38900000,39900000,0.000021
otto_ChrX,39000000,40000000,0
otto_ChrX,39100000,40100000,0
otto_ChrX,39200000,40200000,0
otto_ChrX,39300000,40300000,0
otto_ChrX,39400000,40400000,0
otto_ChrX,39500000,40500000,0
otto_ChrX,39600000,40600000,0
otto_ChrX,39700000,40700000,0
otto_ChrX,39800000,40800000,0
otto_ChrX,39900000,40900000,0
otto_ChrX,40000000,41000000,0
otto_ChrX,40100000,41100000,0
otto_ChrX,40200000,41200000,0
otto_ChrX,40300000,41300000,0
otto_ChrX,40400000,41400000,0
otto_ChrX,40500000,41500000,0
otto_ChrX,40600000,41600000,0
otto_ChrX,40700000,41700000,0
otto_ChrX,40800000,41800000,0
otto_ChrX,40900000,41900000,0
otto_ChrX,41000000,42000000,0
otto_ChrX,41100000,42100000,0
otto_ChrX,41200000,42200000,0
otto_ChrX,41300000,42300000,0
otto_ChrX,41400000,42400000,0
otto_ChrX,41500000,42500000,0
otto_ChrX,41600000,42600000,0.000021
otto_ChrX,41700000,42700000,0.000021
otto_ChrX,41800000,42800000,0.000021
otto_ChrX,41900000,42900000,0.000021
otto_ChrX,42000000,43000000,0.000021
otto_ChrX,42100000,43100000,0.000021
otto_ChrX,42200000,43200000,0.000021
otto_ChrX,42300000,43300000,0.000021
otto_ChrX,42400000,43400000,0.000021
otto_ChrX,42500000,43500000,0.000021
otto_ChrX,42600000,43600000,0
otto_ChrX,42700000,43700000,0
otto_ChrX,42800000,43800000,0
otto_ChrX,42900000,43900000,0
otto_ChrX,43000000,44000000,0
otto_ChrX,43100000,44100000,0
otto_ChrX,43200000,44200000,0
otto_ChrX,43300000,44300000,0
otto_ChrX,43400000,44400000,0
otto_ChrX,43500000,44500000,0
otto_ChrX,43600000,44600000,0
otto_ChrX,43700000,44700000,0.000023
otto_ChrX,43800000,44800000,0.000023
otto_ChrX,43900000,44900000,0.000023
otto_ChrX,44000000,45000000,0.000023
otto_ChrX,44100000,45100000,0.000023
otto_ChrX,44200000,45200000,0.000023
otto_ChrX,44300000,45300000,0.000023
otto_ChrX,44400000,45400000,0.000046
otto_ChrX,44500000,45500000,0.000046
otto_ChrX,44600000,45600000,0.000046
otto_ChrX,44700000,45700000,0.000023
otto_ChrX,44800000,45800000,0.000023
otto_ChrX,44900000,45900000,0.000023
otto_ChrX,45000000,46000000,0.000023
otto_ChrX,45100000,46100000,0.000023
otto_ChrX,45200000,46200000,0.000023
otto_ChrX,45300000,46300000,0.000023
otto_ChrX,45400000,46400000,0
otto_ChrX,45500000,46500000,0
otto_ChrX,45600000,46600000,0
otto_ChrX,45700000,46700000,0
otto_ChrX,45800000,46800000,0
otto_ChrX,45900000,46900000,0
otto_ChrX,46000000,47000000,0
otto_ChrX,46100000,47100000,0
otto_ChrX,46200000,47200000,0
otto_ChrX,46300000,47300000,0
otto_ChrX,46400000,47400000,0
otto_ChrX,46500000,47500000,0
otto_ChrX,46600000,47600000,0
otto_ChrX,46700000,47700000,0
otto_ChrX,46800000,47800000,0
otto_ChrX,46900000,47900000,0
otto_ChrX,47000000,48000000,0
otto_ChrX,47100000,48100000,0
otto_ChrX,47200000,48200000,0
otto_ChrX,47300000,48300000,0
otto_ChrX,47400000,48400000,0
otto_ChrX,47500000,48500000,0
otto_ChrX,47600000,48600000,0
otto_ChrX,47700000,48700000,0
otto_ChrX,47800000,48800000,0
otto_ChrX,47900000,48900000,0
otto_ChrX,48000000,49000000,0
otto_ChrX,48100000,49100000,0
otto_ChrX,48200000,49200000,0
otto_ChrX,48300000,49300000,0
otto_ChrX,48400000,49400000,0
otto_ChrX,48500000,49500000,0
otto_ChrX,48600000,49600000,0
otto_ChrX,48700000,49700000,0
otto_ChrX,48800000,49800000,0
otto_ChrX,48900000,49900000,0
otto_ChrX,49000000,50000000,0
otto_ChrX,49100000,50100000,0
otto_ChrX,49200000,50200000,0
otto_ChrX,49300000,50300000,0
otto_ChrX,49400000,50400000,0
otto_ChrX,49500000,50500000,0
otto_ChrX,49600000,50600000,0
otto_ChrX,49700000,50700000,0
otto_ChrX,49800000,50800000,0
otto_ChrX,49900000,50900000,0
otto_ChrX,50000000,51000000,0
otto_ChrX,50100000,51100000,0
otto_ChrX,50200000,51200000,0
otto_ChrX,50300000,51300000,0
otto_ChrX,50400000,51400000,0
otto_ChrX,50500000,51500000,0
otto_ChrX,50600000,51600000,0
otto_ChrX,50700000,51700000,0
otto_ChrX,50800000,51800000,0
otto_ChrX,50900000,51900000,0
otto_ChrX,51000000,52000000,0
otto_ChrX,51100000,52100000,0
otto_ChrX,51200000,52200000,0
otto_ChrX,51300000,52300000,0
otto_ChrX,51400000,52400000,0
otto_ChrX,51500000,52500000,0
otto_ChrX,51600000,52600000,0
otto_ChrX,51700000,52700000,0
otto_ChrX,51800000,52800000,0
otto_ChrX,51900000,52900000,0
otto_ChrX,52000000,53000000,0
otto_ChrX,52100000,53100000,0
otto_ChrX,52200000,53200000,0
otto_ChrX,52300000,53300000,0
otto_ChrX,52400000,53400000,0
otto_ChrX,52500000,53500000,0
otto_ChrX,52600000,53600000,0
otto_ChrX,52700000,53700000,0
otto_ChrX,52800000,53800000,0
otto_ChrX,52900000,53900000,0
otto_ChrX,53000000,54000000,0
otto_ChrX,53100000,54100000,0
otto_ChrX,53200000,54200000,0
otto_ChrX,53300000,54300000,0
otto_ChrX,53400000,54400000,0
otto_ChrX,53500000,54500000,0
otto_ChrX,53600000,54600000,0
otto_ChrX,53700000,54700000,0
otto_ChrX,53800000,54800000,0
otto_ChrX,53900000,54900000,0
otto_ChrX,54000000,55000000,0
otto_ChrX,54100000,55100000,0
otto_ChrX,54200000,55200000,0
otto_ChrX,54300000,55300000,0
otto_ChrX,54400000,55400000,0
otto_ChrX,54500000,55500000,0
otto_ChrX,54600000,55600000,0
otto_ChrX,54700000,55700000,0
otto_ChrX,54800000,55800000,0
otto_ChrX,54900000,55900000,0
otto_ChrX,55000000,56000000,0
otto_ChrX,55100000,56100000,0
otto_ChrX,55200000,56200000,0
otto_ChrX,55300000,56300000,0
otto_ChrX,55400000,56400000,0
otto_ChrX,55500000,56500000,0
otto_ChrX,55600000,56600000,0
otto_ChrX,55700000,56700000,0
otto_ChrX,55800000,56800000,0
otto_ChrX,55900000,56900000,0
otto_ChrX,56000000,57000000,0
otto_ChrX,56100000,57100000,0
otto_ChrX,56200000,57200000,0
otto_ChrX,56300000,57300000,0
otto_ChrX,56400000,57400000,0
otto_ChrX,56500000,57500000,0
otto_ChrX,56600000,57600000,0
otto_ChrX,56700000,57700000,0
otto_ChrX,56800000,57800000,0
otto_ChrX,56900000,57900000,0
otto_ChrX,57000000,58000000,0
otto_ChrX,57100000,58100000,0
otto_ChrX,57200000,58200000,0
otto_ChrX,57300000,58300000,0
otto_ChrX,57400000,58400000,0
otto_ChrX,57500000,58500000,0
otto_ChrX,57600000,58600000,0
otto_ChrX,57700000,58700000,0
otto_ChrX,57800000,58800000,0
otto_ChrX,57900000,58900000,0
otto_ChrX,58000000,59000000,0
otto_ChrX,58100000,59100000,0
otto_ChrX,58200000,59200000,0
otto_ChrX,58300000,59300000,0
otto_ChrX,58400000,59400000,0
otto_ChrX,58500000,59500000,0
otto_ChrX,58600000,59600000,0
otto_ChrX,58700000,59700000,0
otto_ChrX,58800000,59800000,0
otto_ChrX,58900000,59900000,0
otto_ChrX,59000000,60000000,0
otto_ChrX,59100000,60100000,0
otto_ChrX,59200000,60200000,0
otto_ChrX,59300000,60300000,0
otto_ChrX,59400000,60400000,0
otto_ChrX,59500000,60500000,0
otto_ChrX,59600000,60600000,0
otto_ChrX,59700000,60700000,0
otto_ChrX,59800000,60800000,0
otto_ChrX,59900000,60900000,0
otto_ChrX,60000000,61000000,0
otto_ChrX,60100000,61100000,0
otto_ChrX,60200000,61200000,0
otto_ChrX,60300000,61300000,0
otto_ChrX,60400000,61400000,0
otto_ChrX,60500000,61500000,0
otto_ChrX,60600000,61600000,0
otto_ChrX,60700000,61700000,0
otto_ChrX,60800000,61800000,0
otto_ChrX,60900000,61900000,0
otto_ChrX,61000000,62000000,0
otto_ChrX,61100000,62100000,0
otto_ChrX,61200000,62200000,0
otto_ChrX,61300000,62300000,0
otto_ChrX,61400000,62400000,0
otto_ChrX,61500000,62500000,0
otto_ChrX,61600000,62600000,0
otto_ChrX,61700000,62700000,0
otto_ChrX,61800000,62800000,0
otto_ChrX,61900000,62900000,0
otto_ChrX,62000000,63000000,0.000022
otto_ChrX,62100000,63100000,0.000022
otto_ChrX,62200000,63200000,0.000022
otto_ChrX,62300000,63300000,0.000022
otto_ChrX,62400000,63400000,0.000022
otto_ChrX,62500000,63500000,0.000022
otto_ChrX,62600000,63600000,0.000022
otto_ChrX,62700000,63700000,0.000022
otto_ChrX,62800000,63800000,0.000022
otto_ChrX,62900000,63900000,0.000022
otto_ChrX,63000000,64000000,0
otto_ChrX,63100000,64100000,0
otto_ChrX,63200000,64200000,0
otto_ChrX,63300000,64300000,0
otto_ChrX,63400000,64400000,0
otto_ChrX,63500000,64500000,0
otto_ChrX,63600000,64600000,0
otto_ChrX,63700000,64700000,0
otto_ChrX,63800000,64800000,0
otto_ChrX,63900000,64900000,0
otto_ChrX,64000000,65000000,0
otto_ChrX,64100000,65100000,0
otto_ChrX,64200000,65200000,0
otto_ChrX,64300000,65300000,0
otto_ChrX,64400000,65400000,0
otto_ChrX,64500000,65500000,0
otto_ChrX,64600000,65600000,0
otto_ChrX,64700000,65700000,0
otto_ChrX,64800000,65800000,0
otto_ChrX,64900000,65900000,0
otto_ChrX,65000000,66000000,0.000044
otto_ChrX,65100000,66100000,0.000065
otto_ChrX,65200000,66200000,0.000065
otto_ChrX,65300000,66300000,0.000065
otto_ChrX,65400000,66400000,0.000065
otto_ChrX,65500000,66500000,0.000065
otto_ChrX,65600000,66600000,0.000065
otto_ChrX,65700000,66700000,0.000065
otto_ChrX,65800000,66800000,0.000065
otto_ChrX,65900000,66900000,0.000065
otto_ChrX,66000000,67000000,0.000021
otto_ChrX,66100000,67100000,0
otto_ChrX,66200000,67200000,0
otto_ChrX,66300000,67300000,0
otto_ChrX,66400000,67400000,0
otto_ChrX,66500000,67500000,0
otto_ChrX,66600000,67600000,0
otto_ChrX,66700000,67700000,0
otto_ChrX,66800000,67800000,0
otto_ChrX,66900000,67900000,0
otto_ChrX,67000000,68000000,0
otto_ChrX,67100000,68100000,0
otto_ChrX,67200000,68200000,0
otto_ChrX,67300000,68300000,0
otto_ChrX,67400000,68400000,0
otto_ChrX,67500000,68500000,0
otto_ChrX,67600000,68600000,0
otto_ChrX,67700000,68700000,0
otto_ChrX,67800000,68800000,0
otto_ChrX,67900000,68900000,0
otto_ChrX,68000000,69000000,0
otto_ChrX,68100000,69100000,0
otto_ChrX,68200000,69200000,0
otto_ChrX,68300000,69300000,0
otto_ChrX,68400000,69400000,0
otto_ChrX,68500000,69500000,0
otto_ChrX,68600000,69600000,0
otto_ChrX,68700000,69700000,0
otto_ChrX,68800000,69800000,0
otto_ChrX,68900000,69900000,0
otto_ChrX,69000000,70000000,0
otto_ChrX,69100000,70100000,0
otto_ChrX,69200000,70200000,0
otto_ChrX,69300000,70300000,0
otto_ChrX,69400000,70400000,0
otto_ChrX,69500000,70500000,0
otto_ChrX,69600000,70600000,0
otto_ChrX,69700000,70700000,0
otto_ChrX,69800000,70800000,0
otto_ChrX,69900000,70900000,0
otto_ChrX,70000000,71000000,0
otto_ChrX,70100000,71100000,0
otto_ChrX,70200000,71200000,0
otto_ChrX,70300000,71300000,0
otto_ChrX,70400000,71400000,0
otto_ChrX,70500000,71500000,0
otto_ChrX,70600000,71600000,0
otto_ChrX,70700000,71700000,0
otto_ChrX,70800000,71800000,0
otto_ChrX,70900000,71900000,0
otto_ChrX,71000000,72000000,0
otto_ChrX,71100000,72100000,0
otto_ChrX,71200000,72200000,0
otto_ChrX,71300000,72300000,0
otto_ChrX,71400000,72400000,0
otto_ChrX,71500000,72500000,0
otto_ChrX,71600000,72600000,0
otto_ChrX,71700000,72700000,0
otto_ChrX,71800000,72800000,0
otto_ChrX,71900000,72900000,0
otto_ChrX,72000000,73000000,0
otto_ChrX,72100000,73100000,0
otto_ChrX,72200000,73200000,0
otto_ChrX,72300000,73300000,0
otto_ChrX,72400000,73400000,0
otto_ChrX,72500000,73500000,0
otto_ChrX,72600000,73600000,0
otto_ChrX,72700000,73700000,0
otto_ChrX,72800000,73800000,0
otto_ChrX,72900000,73900000,0
otto_ChrX,73000000,74000000,0
otto_ChrX,73100000,74100000,0
otto_ChrX,73200000,74200000,0
otto_ChrX,73300000,74300000,0
otto_ChrX,73400000,74400000,0
otto_ChrX,73500000,74500000,0
otto_ChrX,73600000,74600000,0
otto_ChrX,73700000,74700000,0
otto_ChrX,73800000,74800000,0
otto_ChrX,73900000,74900000,0
otto_ChrX,74000000,75000000,0
otto_ChrX,74100000,75100000,0
otto_ChrX,74200000,75200000,0
otto_ChrX,74300000,75300000,0
otto_ChrX,74400000,75400000,0
otto_ChrX,74500000,75500000,0
otto_ChrX,74600000,75600000,0
otto_ChrX,74700000,75700000,0
otto_ChrX,74800000,75800000,0
otto_ChrX,74900000,75900000,0
otto_ChrX,75000000,76000000,0
otto_ChrX,75100000,76100000,0
otto_ChrX,75200000,76200000,0
otto_ChrX,75300000,76300000,0
otto_ChrX,75400000,76400000,0
otto_ChrX,75500000,76500000,0
otto_ChrX,75600000,76600000,0
otto_ChrX,75700000,76700000,0
otto_ChrX,75800000,76800000,0
otto_ChrX,75900000,76900000,0
otto_ChrX,76000000,77000000,0.000145
otto_ChrX,76100000,77100000,0.000189
otto_ChrX,76200000,77200000,0.00021
otto_ChrX,76300000,77300000,0.000233
otto_ChrX,76400000,77400000,0.000233
otto_ChrX,76500000,77500000,0.000233
otto_ChrX,76600000,77600000,0.000233
otto_ChrX,76700000,77700000,0.000233
otto_ChrX,76800000,77800000,0.000254
otto_ChrX,76900000,77900000,0.000254
otto_ChrX,77000000,78000000,0.00013
otto_ChrX,77100000,78100000,0.000086
otto_ChrX,77200000,78200000,0.000065
otto_ChrX,77300000,78300000,0.000042
otto_ChrX,77400000,78400000,0.000042
otto_ChrX,77500000,78500000,0.000042
otto_ChrX,77600000,78600000,0.000042
otto_ChrX,77700000,78700000,0.000065
otto_ChrX,77800000,78800000,0.000088
otto_ChrX,77900000,78900000,0.000151
otto_ChrX,78000000,79000000,0.00013
otto_ChrX,78100000,79100000,0.00013
otto_ChrX,78200000,79200000,0.000153
otto_ChrX,78300000,79300000,0.000153
otto_ChrX,78400000,79400000,0.000153
otto_ChrX,78500000,79500000,0.000153
otto_ChrX,78600000,79600000,0.000153
otto_ChrX,78700000,79700000,0.00013
otto_ChrX,78800000,79800000,0.000086
otto_ChrX,78900000,79900000,0.000023
otto_ChrX,79000000,80000000,0.000023
otto_ChrX,79100000,80100000,0.000023
otto_ChrX,79200000,80200000,0
otto_ChrX,79300000,80300000,0
otto_ChrX,79400000,80400000,0
otto_ChrX,79500000,80500000,0
otto_ChrX,79600000,80600000,0
otto_ChrX,79700000,80700000,0
otto_ChrX,79800000,80800000,0
otto_ChrX,79900000,80900000,0
otto_ChrX,80000000,81000000,0
otto_ChrX,80100000,81100000,0
otto_ChrX,80200000,81200000,0
otto_ChrX,80300000,81300000,0
otto_ChrX,80400000,81400000,0
otto_ChrX,80500000,81500000,0
otto_ChrX,80600000,81600000,0
otto_ChrX,80700000,81700000,0
otto_ChrX,80800000,81800000,0
otto_ChrX,80900000,81900000,0
otto_ChrX,81000000,82000000,0
otto_ChrX,81100000,82100000,0
otto_ChrX,81200000,82200000,0
otto_ChrX,81300000,82300000,0
otto_ChrX,81400000,82400000,0
otto_ChrX,81500000,82500000,0
otto_ChrX,81600000,82600000,0
otto_ChrX,81700000,82700000,0
otto_ChrX,81800000,82800000,0
otto_ChrX,81900000,82900000,0
otto_ChrX,82000000,83000000,0
otto_ChrX,82100000,83100000,0
otto_ChrX,82200000,83200000,0
otto_ChrX,82300000,83300000,0
otto_ChrX,82400000,83400000,0
otto_ChrX,82500000,83500000,0
otto_ChrX,82600000,83600000,0
otto_ChrX,82700000,83700000,0
otto_ChrX,82800000,83800000,0
otto_ChrX,82900000,83900000,0
otto_ChrX,83000000,84000000,0
otto_ChrX,83100000,84100000,0
otto_ChrX,83200000,84200000,0.000021
otto_ChrX,83300000,84300000,0.000084
otto_ChrX,83400000,84400000,0.000084
otto_ChrX,83500000,84500000,0.000084
otto_ChrX,83600000,84600000,0.000084
otto_ChrX,83700000,84700000,0.000084
otto_ChrX,83800000,84800000,0.000084
otto_ChrX,83900000,84900000,0.000084
otto_ChrX,84000000,85000000,0.000084
otto_ChrX,84100000,85100000,0.000084
otto_ChrX,84200000,85200000,0.000063
otto_ChrX,84300000,85300000,0
otto_ChrX,84400000,85400000,0
otto_ChrX,84500000,85500000,0
otto_ChrX,84600000,85600000,0
otto_ChrX,84700000,85700000,0
otto_ChrX,84800000,85800000,0
otto_ChrX,84900000,85900000,0
otto_ChrX,85000000,86000000,0
otto_ChrX,85100000,86100000,0
otto_ChrX,85200000,86200000,0
otto_ChrX,85300000,86300000,0
otto_ChrX,85400000,86400000,0
otto_ChrX,85500000,86500000,0
otto_ChrX,85600000,86600000,0
otto_ChrX,85700000,86700000,0
otto_ChrX,85800000,86800000,0
otto_ChrX,85900000,86900000,0
otto_ChrX,86000000,87000000,0
otto_ChrX,86100000,87100000,0
otto_ChrX,86200000,87200000,0
otto_ChrX,86300000,87300000,0
otto_ChrX,86400000,87400000,0
otto_ChrX,86500000,87408075,0
otto_ChrX,86600000,87408075,0
otto_ChrX,86700000,87408075,0
otto_ChrX,86800000,87408075,0
otto_ChrX,86900000,87408075,0
otto_ChrX,87000000,87408075,0
otto_ChrX,87100000,87408075,0
otto_ChrX,87200000,87408075,0
otto_ChrX,87300000,87408075,0
otto_ChrX,87400000,87408075,0
otto_ChrY,0,1000000,0
otto_ChrY,100000,1100000,0
otto_ChrY,200000,1200000,0
otto_ChrY,300000,1300000,0
otto_ChrY,400000,1400000,0.000021
otto_ChrY,500000,1500000,0.000021
otto_ChrY,600000,1600000,0.000021
otto_ChrY,700000,1700000,0.000021
otto_ChrY,800000,1800000,0.000021
otto_ChrY,900000,1900000,0.000021
otto_ChrY,1000000,2000000,0.000021
otto_ChrY,1100000,2100000,0.000021
otto_ChrY,1200000,2200000,0.000063
otto_ChrY,1300000,2300000,0.000063
otto_ChrY,1400000,2400000,0.000135
otto_ChrY,1500000,2500000,0.000135
otto_ChrY,1600000,2600000,0.000156
otto_ChrY,1700000,2700000,0.000156
otto_ChrY,1800000,2800000,0.000156
otto_ChrY,1900000,2900000,0.000177
otto_ChrY,2000000,3000000,0.000198
otto_ChrY,2100000,3100000,0.000198
otto_ChrY,2200000,3200000,0.000156
otto_ChrY,2300000,3300000,0.000156
otto_ChrY,2400000,3400000,0.000063
otto_ChrY,2500000,3500000,0.000063
otto_ChrY,2600000,3600000,0.000063
otto_ChrY,2700000,3700000,0.000129
otto_ChrY,2800000,3800000,0.000129
otto_ChrY,2900000,3900000,0.000108
otto_ChrY,3000000,4000000,0.000087
otto_ChrY,3100000,4100000,0.000108
otto_ChrY,3200000,4200000,0.000108
otto_ChrY,3300000,4300000,0.000108
otto_ChrY,3400000,4400000,0.000108
otto_ChrY,3500000,4500000,0.000129
otto_ChrY,3600000,4600000,0.000108
otto_ChrY,3700000,4700000,0.000084
otto_ChrY,3800000,4800000,0.000105
otto_ChrY,3900000,4900000,0.000105
otto_ChrY,4000000,5000000,0.000105
otto_ChrY,4100000,5100000,0.000126
otto_ChrY,4200000,5200000,0.000126
otto_ChrY,4300000,5300000,0.000126
otto_ChrY,4400000,5400000,0.000126
otto_ChrY,4500000,5500000,0.000105
otto_ChrY,4600000,5600000,0.000105
otto_ChrY,4700000,5700000,0.000063
otto_ChrY,4800000,5800000,0.00038
otto_ChrY,4900000,5900000,0.000401
otto_ChrY,5000000,6000000,0.000401
otto_ChrY,5100000,6100000,0.000359
otto_ChrY,5200000,6200000,0.000359
otto_ChrY,5300000,6300000,0.000359
otto_ChrY,5400000,6400000,0.000359
otto_ChrY,5500000,6500000,0.00038
otto_ChrY,5600000,6600000,0.00038
otto_ChrY,5700000,6700000,0.000422
otto_ChrY,5800000,6800000,0.000084
otto_ChrY,5900000,6900000,0.000063
otto_ChrY,6000000,7000000,0.000063
otto_ChrY,6100000,7100000,0.000063
otto_ChrY,6200000,7200000,0.000063
otto_ChrY,6300000,7300000,0.000084
otto_ChrY,6400000,7400000,0.000084
otto_ChrY,6500000,7500000,0.000063
otto_ChrY,6600000,7600000,0.000063
otto_ChrY,6700000,7700000,0.000042
otto_ChrY,6800000,7800000,0.000042
otto_ChrY,6900000,7900000,0.000042
otto_ChrY,7000000,8000000,0.000084
otto_ChrY,7100000,8100000,0.000084
otto_ChrY,7200000,8200000,0.000084
otto_ChrY,7300000,8300000,0.000084
otto_ChrY,7400000,8400000,0.000109
otto_ChrY,7500000,8500000,0.000215
otto_ChrY,7600000,8600000,0.000237
otto_ChrY,7700000,8700000,0.000216
otto_ChrY,7800000,8800000,0.000216
otto_ChrY,7900000,8900000,0.000237
otto_ChrY,8000000,9000000,0.000195
otto_ChrY,8100000,9100000,0.000195
otto_ChrY,8200000,9200000,0.000218
otto_ChrY,8300000,9300000,0.000218
otto_ChrY,8400000,9400000,0.000236
otto_ChrY,8500000,9500000,0.00013
otto_ChrY,8600000,9600000,0.000108
otto_ChrY,8700000,9700000,0.000182
otto_ChrY,8800000,9800000,0.000203
otto_ChrY,8900000,9900000,0.000203
otto_ChrY,9000000,10000000,0.00034
otto_ChrY,9100000,10100000,0.000447
otto_ChrY,9200000,10200000,0.000424
otto_ChrY,9300000,10300000,0.000427
otto_ChrY,9400000,10400000,0.000406
otto_ChrY,9500000,10500000,0.00061
otto_ChrY,9600000,10600000,0.00061
otto_ChrY,9700000,10700000,0.000687
otto_ChrY,9800000,10800000,0.000687
otto_ChrY,9900000,10900000,0.000687
otto_ChrY,10000000,11000000,0.000647
otto_ChrY,10100000,11100000,0.000562
otto_ChrY,10200000,11200000,0.000562
otto_ChrY,10300000,11300000,0.000559
otto_ChrY,10400000,11400000,0.000558
otto_ChrY,10500000,11500000,0.000354
otto_ChrY,10600000,11600000,0.000377
otto_ChrY,10700000,11700000,0.000226
otto_ChrY,10800000,11800000,0.000205
otto_ChrY,10900000,11900000,0.000184
otto_ChrY,11000000,12000000,0.000108
otto_ChrY,11100000,12100000,0.000171
otto_ChrY,11200000,12200000,0.000193
otto_ChrY,11300000,12300000,0.000193
otto_ChrY,11400000,12400000,0.000172
otto_ChrY,11500000,12500000,0.000193
otto_ChrY,11600000,12600000,0.000233
otto_ChrY,11700000,12700000,0.000319
otto_ChrY,11800000,12800000,0.000403
otto_ChrY,11900000,12900000,0.000459
otto_ChrY,12000000,13000000,0.000599
otto_ChrY,12100000,13100000,0.000514
otto_ChrY,12200000,13200000,0.000492
otto_ChrY,12300000,13300000,0.000514
otto_ChrY,12400000,13400000,0.000771
otto_ChrY,12500000,13500000,0.000794
otto_ChrY,12600000,13600000,0.000773
otto_ChrY,12700000,13700000,0.000711
otto_ChrY,12800000,13800000,0.000648
otto_ChrY,12900000,13900000,0.000677
otto_ChrY,13000000,14000000,0.000558
otto_ChrY,13100000,14100000,0.000623
otto_ChrY,13200000,14200000,0.000665
otto_ChrY,13300000,14300000,0.000622
otto_ChrY,13400000,14400000,0.000365
otto_ChrY,13500000,14500000,0.000321
otto_ChrY,13600000,14600000,0.000321
otto_ChrY,13700000,14700000,0.000297
otto_ChrY,13800000,14800000,0.000345
otto_ChrY,13900000,14900000,0.000302
otto_ChrY,14000000,15000000,0.00026
otto_ChrY,14100000,15100000,0.000303
otto_ChrY,14200000,15200000,0.000307
otto_ChrY,14300000,15300000,0.000393
otto_ChrY,14400000,15400000,0.000563
otto_ChrY,14500000,15500000,0.000563
otto_ChrY,14600000,15600000,0.000607
otto_ChrY,14700000,15700000,0.000659
otto_ChrY,14800000,15800000,0.000633
otto_ChrY,14900000,15900000,0.000655
otto_ChrY,15000000,16000000,0.000698
otto_ChrY,15100000,16100000,0.00059
otto_ChrY,15200000,16200000,0.000682
otto_ChrY,15300000,16300000,0.00066
otto_ChrY,15400000,16400000,0.000612
otto_ChrY,15500000,16500000,0.00066
otto_ChrY,15600000,16600000,0.000574
otto_ChrY,15700000,16700000,0.000572
otto_ChrY,15800000,16800000,0.0007
otto_ChrY,15900000,16900000,0.000636
otto_ChrY,16000000,17000000,0.00066
otto_ChrY,16100000,17100000,0.001805
otto_ChrY,16200000,17200000,0.001688
otto_ChrY,16300000,17300000,0.001817
otto_ChrY,16400000,17400000,0.00174
otto_ChrY,16500000,17500000,0.00178
otto_ChrY,16600000,17600000,0.001847
otto_ChrY,16700000,17700000,0.001863
otto_ChrY,16800000,17800000,0.00178
otto_ChrY,16900000,17900000,0.00246
otto_ChrY,17000000,18000000,0.003021
otto_ChrY,17100000,18100000,0.0019
otto_ChrY,17200000,18200000,0.002801
otto_ChrY,17300000,18300000,0.002653
otto_ChrY,17400000,18400000,0.003012
otto_ChrY,17500000,18500000,0.003282
otto_ChrY,17600000,18600000,0.003302
otto_ChrY,17700000,18700000,0.003257
otto_ChrY,17800000,18800000,0.003169
otto_ChrY,17900000,18900000,0.002489
otto_ChrY,18000000,19000000,0.001906
otto_ChrY,18100000,19100000,0.001903
otto_ChrY,18200000,19200000,0.000981
otto_ChrY,18300000,19300000,0.000936
otto_ChrY,18400000,19400000,0.000532
otto_ChrY,18500000,19500000,0.000323
otto_ChrY,18600000,19600000,0.000377
otto_ChrY,18700000,19700000,0.001401
otto_ChrY,18800000,19800000,0.001489
otto_ChrY,18900000,19900000,0.001489
otto_ChrY,19000000,20000000,0.001444
otto_ChrY,19100000,20100000,0.001444
otto_ChrY,19200000,20200000,0.001486
otto_ChrY,19300000,20300000,0.001575
otto_ChrY,19400000,20400000,0.001639
otto_ChrY,19500000,20500000,0.001527
otto_ChrY,19600000,20600000,0.001514
otto_ChrY,19700000,20700000,0.000469
otto_ChrY,19800000,20800000,0.000465
otto_ChrY,19900000,20900000,0.000465
otto_ChrY,20000000,21000000,0.000539
otto_ChrY,20100000,21100000,0.000518
otto_ChrY,20200000,21200000,0.000476
otto_ChrY,20300000,21300000,0.000429
otto_ChrY,20400000,21400000,0.000431
otto_ChrY,20500000,21500000,0.000394
otto_ChrY,20600000,21600000,0.00029
otto_ChrY,20700000,21700000,0.000431
otto_ChrY,20800000,21800000,0.000454
otto_ChrY,20900000,21900000,0.000454
otto_ChrY,21000000,22000000,0.00038
otto_ChrY,21100000,22100000,0.000402
otto_ChrY,21200000,22200000,0.000402
otto_ChrY,21300000,22300000,0.000382
otto_ChrY,21400000,22400000,0.000316
otto_ChrY,21500000,22500000,0.000316
otto_ChrY,21600000,22600000,0.000313
otto_ChrY,21700000,22700000,0.000193
otto_ChrY,21800000,22800000,0.000128
otto_ChrY,21900000,22900000,0.000151
otto_ChrY,22000000,23000000,0.000151
otto_ChrY,22100000,23100000,0.000192
otto_ChrY,22200000,23200000,0.000256
otto_ChrY,22300000,23300000,0.000234
otto_ChrY,22400000,23400000,0.000258
otto_ChrY,22500000,23500000,0.000354
otto_ChrY,22600000,23600000,0.000376
otto_ChrY,22700000,23700000,0.000355
otto_ChrY,22800000,23800000,0.00042
otto_ChrY,22900000,23900000,0.000397
otto_ChrY,23000000,24000000,0.000397
otto_ChrY,23100000,24100000,0.000334
otto_ChrY,23200000,24200000,0.000375
otto_ChrY,23300000,24300000,0.000417
otto_ChrY,23400000,24400000,0.000414
otto_ChrY,23500000,24500000,0.000363
otto_ChrY,23600000,24600000,0.00032
otto_ChrY,23700000,24700000,0.000343
otto_ChrY,23800000,24800000,0.000236
otto_ChrY,23900000,24900000,0.000236
otto_ChrY,24000000,25000000,0.000278
otto_ChrY,24100000,25100000,0.000351
otto_ChrY,24200000,25200000,0.000298
otto_ChrY,24300000,25300000,0.000256
otto_ChrY,24400000,25400000,0.000362
otto_ChrY,24500000,25500000,0.000339
otto_ChrY,24600000,25600000,0.000339
otto_ChrY,24700000,25700000,0.000316
otto_ChrY,24800000,25800000,0.000424
otto_ChrY,24900000,25900000,0.000424
otto_ChrY,25000000,26000000,0.000405
otto_ChrY,25100000,26100000,0.000431
otto_ChrY,25200000,26200000,0.000379
otto_ChrY,25300000,26300000,0.000379
otto_ChrY,25400000,26400000,0.000329
otto_ChrY,25500000,26500000,0.000307
otto_ChrY,25600000,26600000,0.000307
otto_ChrY,25700000,26700000,0.000505
otto_ChrY,25800000,26800000,0.000526
otto_ChrY,25900000,26900000,0.000706
otto_ChrY,26000000,27000000,0.000773
otto_ChrY,26100000,27100000,0.000674
otto_ChrY,26200000,27200000,0.00105
otto_ChrY,26300000,27300000,0.001159
otto_ChrY,26400000,27400000,0.001082
otto_ChrY,26500000,27500000,0.001082
otto_ChrY,26600000,27600000,0.001082
otto_ChrY,26700000,27700000,0.000884
otto_ChrY,26800000,27800000,0.000755
otto_ChrY,26900000,27900000,0.000575
otto_ChrY,27000000,28000000,0.000611
otto_ChrY,27100000,28100000,0.000653
otto_ChrY,27200000,28200000,0.000298
otto_ChrY,27300000,28300000,0.001118
otto_ChrY,27400000,28400000,0.001118
otto_ChrY,27500000,28500000,0.001264
otto_ChrY,27600000,28600000,0.001306
otto_ChrY,27700000,28700000,0.001394
otto_ChrY,27800000,28800000,0.001415
otto_ChrY,27900000,28900000,0.001437
otto_ChrY,28000000,29000000,0.001433
otto_ChrY,28100000,29100000,0.001435
otto_ChrY,28200000,29200000,0.001478
otto_ChrY,28300000,29300000,0.00057
otto_ChrY,28400000,29400000,0.000805
otto_ChrY,28500000,29500000,0.000659
otto_ChrY,28600000,29600000,0.000643
otto_ChrY,28700000,29700000,0.000767
otto_ChrY,28800000,29800000,0.000746
otto_ChrY,28900000,29900000,0.000724
otto_ChrY,29000000,30000000,0.000602
otto_ChrY,29100000,30100000,0.000558
otto_ChrY,29200000,30200000,0.000494
otto_ChrY,29300000,30300000,0.000473
otto_ChrY,29400000,30400000,0.000238
otto_ChrY,29500000,30500000,0.000262
otto_ChrY,29600000,30600000,0.000257
otto_ChrY,29700000,30700000,0.000459
otto_ChrY,29800000,30800000,0.000829
otto_ChrY,29900000,30900000,0.001031
otto_ChrY,30000000,31000000,0.001326
otto_ChrY,30100000,31100000,0.001623
otto_ChrY,30200000,31200000,0.001644
otto_ChrY,30300000,31300000,0.001644
otto_ChrY,30400000,31400000,0.001935
otto_ChrY,30500000,31500000,0.003908
otto_ChrY,30600000,31600000,0.017646
otto_ChrY,30700000,31700000,0.033966
otto_ChrY,30800000,31800000,0.049758
otto_ChrY,30900000,31900000,0.079917
otto_ChrY,31000000,32000000,0.098553
otto_ChrY,31100000,32100000,0.12039
otto_ChrY,31200000,32200000,0.135522
otto_ChrY,31300000,32300000,0.149733
otto_ChrY,31400000,32400000,0.181132
otto_ChrY,31500000,32500000,0.200064
otto_ChrY,31600000,32600000,0.206874
otto_ChrY,31700000,32700000,0.216831
otto_ChrY,31800000,32800000,0.233277
otto_ChrY,31900000,32900000,0.220707
otto_ChrY,32000000,33000000,0.212873
otto_ChrY,32100000,33100000,0.202891
otto_ChrY,32200000,33200000,0.219564
otto_ChrY,32300000,33300000,0.22115
otto_ChrY,32400000,33400000,0.19738
otto_ChrY,32500000,33500000,0.180643
otto_ChrY,32600000,33600000,0.170298
otto_ChrY,32700000,33700000,0.168316
otto_ChrY,32800000,33800000,0.143853
otto_ChrY,32900000,33900000,0.139583
otto_ChrY,33000000,34000000,0.149489
otto_ChrY,33100000,34100000,0.162321
otto_ChrY,33200000,34200000,0.155391
otto_ChrY,33300000,34300000,0.172862
otto_ChrY,33400000,34400000,0.201349
otto_ChrY,33500000,34500000,0.230005
otto_ChrY,33600000,34600000,0.237441
otto_ChrY,33700000,34700000,0.225882
otto_ChrY,33800000,34800000,0.237963
otto_ChrY,33900000,34900000,0.23271
otto_ChrY,34000000,35000000,0.223744
otto_ChrY,34100000,35100000,0.20947
otto_ChrY,34200000,35200000,0.215635
otto_ChrY,34300000,35300000,0.21514
otto_ChrY,34400000,35400000,0.210455
otto_ChrY,34500000,35500000,0.197669
otto_ChrY,34600000,35600000,0.197941
otto_ChrY,34700000,35700000,0.21095
otto_ChrY,34800000,35800000,0.200368
otto_ChrY,34900000,35900000,0.19808
otto_ChrY,35000000,36000000,0.205531
otto_ChrY,35100000,36100000,0.216929
otto_ChrY,35200000,36200000,0.208837
otto_ChrY,35300000,36300000,0.193181
otto_ChrY,35400000,36400000,0.201244
otto_ChrY,35500000,36500000,0.202692
otto_ChrY,35600000,36600000,0.204064
otto_ChrY,35700000,36700000,0.202589
otto_ChrY,35800000,36800000,0.220288
otto_ChrY,35900000,36900000,0.227637
otto_ChrY,36000000,37000000,0.217242
otto_ChrY,36100000,37100000,0.200806
otto_ChrY,36200000,37200000,0.191081
otto_ChrY,36300000,37300000,0.185241
otto_ChrY,36400000,37400000,0.158281
otto_ChrY,36500000,37500000,0.146186
otto_ChrY,36600000,37600000,0.139774
otto_ChrY,36700000,37700000,0.134149
otto_ChrY,36800000,37800000,0.123186
otto_ChrY,36900000,37900000,0.128897
otto_ChrY,37000000,38000000,0.132657
otto_ChrY,37100000,38100000,0.145996
otto_ChrY,37200000,38200000,0.150343
otto_ChrY,37300000,38300000,0.160311
otto_ChrY,37400000,38400000,0.178805
otto_ChrY,37500000,38500000,0.189184
otto_ChrY,37600000,38600000,0.192799
otto_ChrY,37700000,38700000,0.189726
otto_ChrY,37800000,38800000,0.1839
otto_ChrY,37900000,38900000,0.17924
otto_ChrY,38000000,39000000,0.189408
otto_ChrY,38100000,39100000,0.178957
otto_ChrY,38200000,39200000,0.182575
otto_ChrY,38300000,39300000,0.169107
otto_ChrY,38400000,39400000,0.180411
otto_ChrY,38500000,39500000,0.172379
otto_ChrY,38600000,39600000,0.156559
otto_ChrY,38700000,39700000,0.140931
otto_ChrY,38800000,39800000,0.131964
otto_ChrY,38900000,39900000,0.118467
otto_ChrY,39000000,40000000,0.096319
otto_ChrY,39100000,40100000,0.088657
otto_ChrY,39200000,40200000,0.06858
otto_ChrY,39300000,40300000,0.061865
otto_ChrY,39400000,40400000,0.020168
otto_ChrY,39500000,40500000,0.008951
otto_ChrY,39600000,40600000,0.00922
otto_ChrY,39700000,40700000,0.009644
otto_ChrY,39800000,40800000,0.008859
otto_ChrY,39900000,40900000,0.013796
otto_ChrY,40000000,41000000,0.025571
otto_ChrY,40100000,41100000,0.045861
otto_ChrY,40200000,41200000,0.065952
otto_ChrY,40300000,41300000,0.10128
otto_ChrY,40400000,41400000,0.127482
otto_ChrY,40500000,41500000,0.141743
otto_ChrY,40600000,41600000,0.146861
otto_ChrY,40700000,41700000,0.18009
otto_ChrY,40800000,41800000,0.196859
otto_ChrY,40900000,41900000,0.213338
otto_ChrY,41000000,42000000,0.215481
otto_ChrY,41100000,42100000,0.201679
otto_ChrY,41200000,42200000,0.196594
otto_ChrY,41300000,42300000,0.174732
otto_ChrY,41400000,42400000,0.162792
otto_ChrY,41500000,42500000,0.16527
otto_ChrY,41600000,42600000,0.176237
otto_ChrY,41700000,42700000,0.16926
otto_ChrY,41800000,42800000,0.167772
otto_ChrY,41900000,42900000,0.163822
otto_ChrY,42000000,43000000,0.172406
otto_ChrY,42100000,43100000,0.195898
otto_ChrY,42200000,43200000,0.223196
otto_ChrY,42300000,43300000,0.228324
otto_ChrY,42400000,43400000,0.225716
otto_ChrY,42500000,43500000,0.238188
otto_ChrY,42600000,43600000,0.241109
otto_ChrY,42700000,43700000,0.232968
otto_ChrY,42800000,43800000,0.226071
otto_ChrY,42900000,43900000,0.213042
otto_ChrY,43000000,44000000,0.196158
otto_ChrY,43100000,44100000,0.189701
otto_ChrY,43200000,44200000,0.160947
otto_ChrY,43300000,44300000,0.158491
otto_ChrY,43400000,44400000,0.159699
otto_ChrY,43500000,44500000,0.146951
otto_ChrY,43600000,44600000,0.151365
otto_ChrY,43700000,44700000,0.148215
otto_ChrY,43800000,44800000,0.153747
otto_ChrY,43900000,44900000,0.161019
otto_ChrY,44000000,45000000,0.164764
otto_ChrY,44100000,45100000,0.156841
otto_ChrY,44200000,45200000,0.148029
otto_ChrY,44300000,45300000,0.148258
otto_ChrY,44400000,45400000,0.136761
otto_ChrY,44500000,45500000,0.124839
otto_ChrY,44600000,45600000,0.103932
otto_ChrY,44700000,45700000,0.099507
otto_ChrY,44800000,45800000,0.092333
otto_ChrY,44900000,45900000,0.081662
otto_ChrY,45000000,46000000,0.082731
otto_ChrY,45100000,46100000,0.073498
otto_ChrY,45200000,46200000,0.072196
otto_ChrY,45300000,46300000,0.067092
otto_ChrY,45400000,46400000,0.07567
otto_ChrY,45500000,46500000,0.085528
otto_ChrY,45600000,46600000,0.086452
otto_ChrY,45700000,46700000,0.091614
otto_ChrY,45800000,46800000,0.102188
otto_ChrY,45900000,46900000,0.116308
otto_ChrY,46000000,47000000,0.115419
otto_ChrY,46100000,47100000,0.113217
otto_ChrY,46200000,47200000,0.122342
otto_ChrY,46300000,47300000,0.129331
otto_ChrY,46400000,47400000,0.158917
otto_ChrY,46500000,47500000,0.159623
otto_ChrY,46600000,47600000,0.166036
otto_ChrY,46700000,47700000,0.161211
otto_ChrY,46800000,47800000,0.166162
otto_ChrY,46900000,47900000,0.167139
otto_ChrY,47000000,48000000,0.181641
otto_ChrY,47100000,48100000,0.193525
otto_ChrY,47200000,48200000,0.19842
otto_ChrY,47300000,48300000,0.207793
otto_ChrY,47400000,48400000,0.176018
otto_ChrY,47500000,48500000,0.185982
otto_ChrY,47600000,48600000,0.18347
otto_ChrY,47700000,48700000,0.176367
otto_ChrY,47800000,48800000,0.159867
otto_ChrY,47900000,48900000,0.151609
otto_ChrY,48000000,49000000,0.135721
otto_ChrY,48100000,49100000,0.129875
otto_ChrY,48200000,49200000,0.117204
otto_ChrY,48300000,49300000,0.119899
otto_ChrY,48400000,49400000,0.12414
otto_ChrY,48500000,49500000,0.103619
otto_ChrY,48600000,49600000,0.105869
otto_ChrY,48700000,49700000,0.11507
otto_ChrY,48800000,49800000,0.12229
otto_ChrY,48900000,49900000,0.122097
otto_ChrY,49000000,50000000,0.127772
otto_ChrY,49100000,50100000,0.133108
otto_ChrY,49200000,50200000,0.149648
otto_ChrY,49300000,50300000,0.128088
otto_ChrY,49400000,50400000,0.127147
otto_ChrY,49500000,50500000,0.134511
otto_ChrY,49600000,50600000,0.148005
otto_ChrY,49700000,50700000,0.150558
otto_ChrY,49800000,50800000,0.145703
otto_ChrY,49900000,50900000,0.168167
otto_ChrY,50000000,51000000,0.16721
otto_ChrY,50100000,51100000,0.162612
otto_ChrY,50200000,51200000,0.15638
otto_ChrY,50300000,51300000,0.173238
otto_ChrY,50400000,51400000,0.187564
otto_ChrY,50500000,51500000,0.201552
otto_ChrY,50600000,51600000,0.192513
otto_ChrY,50700000,51700000,0.195433
otto_ChrY,50800000,51800000,0.210784
otto_ChrY,50900000,51900000,0.196677
otto_ChrY,51000000,52000000,0.191321
otto_ChrY,51100000,52100000,0.200247
otto_ChrY,51200000,52200000,0.198523
otto_ChrY,51300000,52300000,0.184223
otto_ChrY,51400000,52400000,0.173737
otto_ChrY,51500000,52500000,0.164357
otto_ChrY,51600000,52600000,0.157394
otto_ChrY,51700000,52700000,0.155528
otto_ChrY,51800000,52800000,0.148383
otto_ChrY,51900000,52900000,0.142082
otto_ChrY,52000000,53000000,0.139076
otto_ChrY,52100000,53100000,0.135607
otto_ChrY,52200000,53200000,0.146274
otto_ChrY,52300000,53300000,0.157508
otto_ChrY,52400000,53400000,0.155654
otto_ChrY,52500000,53500000,0.148154
otto_ChrY,52600000,53600000,0.170798
otto_ChrY,52700000,53700000,0.167505
otto_ChrY,52800000,53800000,0.162511
otto_ChrY,52900000,53900000,0.163448
otto_ChrY,53000000,54000000,0.180152
otto_ChrY,53100000,54100000,0.178107
otto_ChrY,53200000,54200000,0.166138
otto_ChrY,53300000,54300000,0.161728
otto_ChrY,53400000,54400000,0.163355
otto_ChrY,53500000,54500000,0.169395
otto_ChrY,53600000,54600000,0.149744
otto_ChrY,53700000,54700000,0.141692
otto_ChrY,53800000,54800000,0.138014
otto_ChrY,53900000,54900000,0.137203
otto_ChrY,54000000,55000000,0.129573
otto_ChrY,54100000,55100000,0.131688
otto_ChrY,54200000,55200000,0.135064
otto_ChrY,54300000,55300000,0.127834
otto_ChrY,54400000,55400000,0.130426
otto_ChrY,54500000,55500000,0.144461
otto_ChrY,54600000,55600000,0.167344
otto_ChrY,54700000,55700000,0.172595
otto_ChrY,54800000,55800000,0.193899
otto_ChrY,54900000,55900000,0.195933
otto_ChrY,55000000,56000000,0.1986
otto_ChrY,55100000,56100000,0.191929
otto_ChrY,55200000,56200000,0.185603
otto_ChrY,55300000,56300000,0.183039
otto_ChrY,55400000,56400000,0.177805
otto_ChrY,55500000,56500000,0.158856
otto_ChrY,55600000,56600000,0.134999
otto_ChrY,55700000,56700000,0.133695
otto_ChrY,55800000,56800000,0.113725
otto_ChrY,55900000,56900000,0.113569
otto_ChrY,56000000,57000000,0.103994
otto_ChrY,56100000,57100000,0.105531
otto_ChrY,56200000,57200000,0.11449
otto_ChrY,56300000,57300000,0.124441
otto_ChrY,56400000,57400000,0.12609
otto_ChrY,56500000,57500000,0.146264
otto_ChrY,56600000,57600000,0.16675
otto_ChrY,56700000,57700000,0.173472
otto_ChrY,56800000,57800000,0.181028
otto_ChrY,56900000,57900000,0.180167
otto_ChrY,57000000,58000000,0.208886
otto_ChrY,57100000,58100000,0.217155
otto_ChrY,57200000,58200000,0.224228
otto_ChrY,57300000,58300000,0.221942
otto_ChrY,57400000,58400000,0.221288
otto_ChrY,57500000,58500000,0.202785
otto_ChrY,57600000,58600000,0.180957
otto_ChrY,57700000,58700000,0.171779
otto_ChrY,57800000,58800000,0.177873
otto_ChrY,57900000,58900000,0.184289
otto_ChrY,58000000,59000000,0.16684
otto_ChrY,58100000,59100000,0.165798
otto_ChrY,58200000,59200000,0.161088
otto_ChrY,58300000,59300000,0.167699
otto_ChrY,58400000,59400000,0.168509
otto_ChrY,58500000,59500000,0.182364
otto_ChrY,58600000,59600000,0.189881
otto_ChrY,58700000,59700000,0.189599
otto_ChrY,58800000,59800000,0.196652
otto_ChrY,58900000,59900000,0.198218
otto_ChrY,59000000,60000000,0.197049
otto_ChrY,59100000,60100000,0.193618
otto_ChrY,59200000,60200000,0.197033
otto_ChrY,59300000,60300000,0.182334
otto_ChrY,59400000,60400000,0.17492
otto_ChrY,59500000,60500000,0.163857
otto_ChrY,59600000,60600000,0.164058
otto_ChrY,59700000,60700000,0.169612
otto_ChrY,59800000,60800000,0.15216
otto_ChrY,59900000,60900000,0.149895
otto_ChrY,60000000,61000000,0.145082
otto_ChrY,60100000,61100000,0.142214
otto_ChrY,60200000,61200000,0.135118
otto_ChrY,60300000,61300000,0.139597
otto_ChrY,60400000,61400000,0.148295
otto_ChrY,60500000,61500000,0.16859
otto_ChrY,60600000,61600000,0.166419
otto_ChrY,60700000,61700000,0.168719
otto_ChrY,60800000,61800000,0.175821
otto_ChrY,60900000,61900000,0.184157
otto_ChrY,61000000,62000000,0.191192
otto_ChrY,61100000,62100000,0.192192
otto_ChrY,61200000,62200000,0.183106
otto_ChrY,61300000,62300000,0.189648
otto_ChrY,61400000,62400000,0.189203
otto_ChrY,61500000,62500000,0.172371
otto_ChrY,61600000,62600000,0.169893
otto_ChrY,61700000,62700000,0.164857
otto_ChrY,61800000,62800000,0.165815
otto_ChrY,61900000,62900000,0.16221
otto_ChrY,62000000,63000000,0.157236
otto_ChrY,62100000,63100000,0.16026
otto_ChrY,62200000,63200000,0.169509
otto_ChrY,62300000,63300000,0.169179
otto_ChrY,62400000,63400000,0.177754
otto_ChrY,62500000,63500000,0.169382
otto_ChrY,62600000,63600000,0.17336
otto_ChrY,62700000,63700000,0.181379
otto_ChrY,62800000,63800000,0.176604
otto_ChrY,62900000,63900000,0.168937
otto_ChrY,63000000,64000000,0.180899
otto_ChrY,63100000,64100000,0.183024
otto_ChrY,63200000,64200000,0.186875
otto_ChrY,63300000,64300000,0.175595
otto_ChrY,63400000,64400000,0.168313
otto_ChrY,63500000,64500000,0.171511
otto_ChrY,63600000,64600000,0.180081
otto_ChrY,63700000,64700000,0.166409
otto_ChrY,63800000,64800000,0.153524
otto_ChrY,63900000,64900000,0.150967
otto_ChrY,64000000,65000000,0.132139
otto_ChrY,64100000,65100000,0.131395
otto_ChrY,64200000,65200000,0.136774
otto_ChrY,64300000,65300000,0.146817
otto_ChrY,64400000,65400000,0.158283
otto_ChrY,64500000,65500000,0.160576
otto_ChrY,64600000,65600000,0.151686
otto_ChrY,64700000,65700000,0.184033
otto_ChrY,64800000,65800000,0.193892
otto_ChrY,64900000,65900000,0.193284
otto_ChrY,65000000,66000000,0.201455
otto_ChrY,65100000,66100000,0.208996
otto_ChrY,65200000,66200000,0.205146
otto_ChrY,65300000,66300000,0.191252
otto_ChrY,65400000,66400000,0.177987
otto_ChrY,65500000,66500000,0.194751
otto_ChrY,65600000,66600000,0.199905
otto_ChrY,65700000,66700000,0.187771
otto_ChrY,65800000,66800000,0.207038
otto_ChrY,65900000,66900000,0.217632
otto_ChrY,66000000,67000000,0.208313
otto_ChrY,66100000,67100000,0.195736
otto_ChrY,66200000,67200000,0.190763
otto_ChrY,66300000,67300000,0.202179
otto_ChrY,66400000,67400000,0.215959
otto_ChrY,66500000,67500000,0.194386
otto_ChrY,66600000,67600000,0.196193
otto_ChrY,66700000,67700000,0.202313
otto_ChrY,66800000,67800000,0.19609
otto_ChrY,66900000,67900000,0.205924
otto_ChrY,67000000,68000000,0.219666
otto_ChrY,67100000,68100000,0.214891
otto_ChrY,67200000,68200000,0.227783
otto_ChrY,67300000,68300000,0.237163
otto_ChrY,67400000,68400000,0.23468
otto_ChrY,67500000,68500000,0.239723
otto_ChrY,67600000,68600000,0.231586
otto_ChrY,67700000,68700000,0.213734
otto_ChrY,67800000,68800000,0.207805
otto_ChrY,67900000,68900000,0.192602
otto_ChrY,68000000,69000000,0.181836
otto_ChrY,68100000,69100000,0.196669
otto_ChrY,68200000,69200000,0.182158
otto_ChrY,68300000,69300000,0.168036
otto_ChrY,68400000,69400000,0.158283
otto_ChrY,68500000,69500000,0.175345
otto_ChrY,68600000,69600000,0.169895
otto_ChrY,68700000,69700000,0.162802
otto_ChrY,68800000,69800000,0.156408
otto_ChrY,68900000,69900000,0.146557
otto_ChrY,69000000,70000000,0.153782
otto_ChrY,69100000,70100000,0.140185
otto_ChrY,69200000,70200000,0.135561
otto_ChrY,69300000,70300000,0.1313
otto_ChrY,69400000,70400000,0.123511
otto_ChrY,69500000,70500000,0.118331
otto_ChrY,69600000,70600000,0.131409
otto_ChrY,69700000,70700000,0.14631
otto_ChrY,69800000,70800000,0.14782
otto_ChrY,69900000,70900000,0.155976
otto_ChrY,70000000,71000000,0.160927
otto_ChrY,70100000,71100000,0.163559
otto_ChrY,70200000,71200000,0.178259
otto_ChrY,70300000,71300000,0.177187
otto_ChrY,70400000,71400000,0.186884
otto_ChrY,70500000,71500000,0.169304
otto_ChrY,70600000,71600000,0.176388
otto_ChrY,70700000,71700000,0.171522
otto_ChrY,70800000,71800000,0.177292
otto_ChrY,70900000,71900000,0.190975
otto_ChrY,71000000,72000000,0.186616
otto_ChrY,71100000,72100000,0.189241
otto_ChrY,71200000,72200000,0.166081
otto_ChrY,71300000,72300000,0.179973
otto_ChrY,71400000,72400000,0.179993
otto_ChrY,71500000,72500000,0.191092
otto_ChrY,71600000,72600000,0.174417
otto_ChrY,71700000,72700000,0.177007
otto_ChrY,71800000,72800000,0.162078
otto_ChrY,71900000,72900000,0.139805
otto_ChrY,72000000,73000000,0.142525
otto_ChrY,72100000,73100000,0.160044
otto_ChrY,72200000,73200000,0.172843
otto_ChrY,72300000,73300000,0.171627
otto_ChrY,72400000,73400000,0.158351
otto_ChrY,72500000,73500000,0.155024
otto_ChrY,72600000,73600000,0.161659
otto_ChrY,72700000,73700000,0.162276
otto_ChrY,72800000,73800000,0.183193
otto_ChrY,72900000,73900000,0.205219
otto_ChrY,73000000,74000000,0.199362
otto_ChrY,73100000,74100000,0.188255
otto_ChrY,73200000,74200000,0.199718
otto_ChrY,73300000,74300000,0.192837
otto_ChrY,73400000,74400000,0.196589
otto_ChrY,73500000,74500000,0.190255
otto_ChrY,73600000,74600000,0.181774
otto_ChrY,73700000,74700000,0.173816
otto_ChrY,73800000,74800000,0.170273
otto_ChrY,73900000,74900000,0.165854
otto_ChrY,74000000,75000000,0.167098
otto_ChrY,74100000,75100000,0.1684
otto_ChrY,74200000,75200000,0.164505
otto_ChrY,74300000,75300000,0.166256
otto_ChrY,74400000,75400000,0.173511
otto_ChrY,74500000,75500000,0.192659
otto_ChrY,74600000,75600000,0.201309
otto_ChrY,74700000,75700000,0.220344
otto_ChrY,74800000,75800000,0.227477
otto_ChrY,74900000,75900000,0.220523
otto_ChrY,75000000,76000000,0.220081
otto_ChrY,75100000,76100000,0.206445
otto_ChrY,75200000,76200000,0.214443
otto_ChrY,75300000,76300000,0.227882
otto_ChrY,75400000,76400000,0.233594
otto_ChrY,75500000,76500000,0.212702
otto_ChrY,75600000,76600000,0.236016
otto_ChrY,75700000,76700000,0.234308
otto_ChrY,75800000,76800000,0.216925
otto_ChrY,75900000,76900000,0.212324
otto_ChrY,76000000,77000000,0.207556
otto_ChrY,76100000,77100000,0.22069
otto_ChrY,76200000,77200000,0.207009
otto_ChrY,76300000,77300000,0.195811
otto_ChrY,76400000,77400000,0.199248
otto_ChrY,76500000,77500000,0.207768
otto_ChrY,76600000,77600000,0.18967
otto_ChrY,76700000,77700000,0.198619
otto_ChrY,76800000,77800000,0.223135
otto_ChrY,76900000,77900000,0.24427
otto_ChrY,77000000,78000000,0.259861
otto_ChrY,77100000,78100000,0.272899
otto_ChrY,77200000,78200000,0.270614
otto_ChrY,77300000,78300000,0.271735
otto_ChrY,77400000,78400000,0.265259
otto_ChrY,77500000,78500000,0.263034
otto_ChrY,77600000,78600000,0.253839
otto_ChrY,77700000,78700000,0.227854
otto_ChrY,77800000,78800000,0.200716
otto_ChrY,77900000,78900000,0.18821
otto_ChrY,78000000,79000000,0.177461
otto_ChrY,78100000,79100000,0.163425
otto_ChrY,78200000,79200000,0.181276
otto_ChrY,78300000,79300000,0.185906
otto_ChrY,78400000,79400000,0.182029
otto_ChrY,78500000,79500000,0.191919
otto_ChrY,78600000,79600000,0.187817
otto_ChrY,78700000,79700000,0.195102
otto_ChrY,78800000,79800000,0.188857
otto_ChrY,78900000,79900000,0.174991
otto_ChrY,79000000,80000000,0.168859
otto_ChrY,79100000,80100000,0.163889
otto_ChrY,79200000,80200000,0.153949
otto_ChrY,79300000,80300000,0.148684
otto_ChrY,79400000,80400000,0.152023
otto_ChrY,79500000,80500000,0.158711
otto_ChrY,79600000,80600000,0.174687
otto_ChrY,79700000,80700000,0.165828
otto_ChrY,79800000,80800000,0.182115
otto_ChrY,79900000,80900000,0.214436
otto_ChrY,80000000,81000000,0.213852
otto_ChrY,80100000,81100000,0.211267
otto_ChrY,80200000,81200000,0.207284
otto_ChrY,80300000,81300000,0.205978
otto_ChrY,80400000,81400000,0.210227
otto_ChrY,80500000,81500000,0.20484
otto_ChrY,80600000,81600000,0.187402
otto_ChrY,80700000,81700000,0.223927
otto_ChrY,80800000,81800000,0.222924
otto_ChrY,80900000,81900000,0.205497
otto_ChrY,81000000,82000000,0.212481
otto_ChrY,81100000,82100000,0.216372
otto_ChrY,81200000,82200000,0.221772
otto_ChrY,81300000,82300000,0.240824
otto_ChrY,81400000,82400000,0.230974
otto_ChrY,81500000,82500000,0.224672
otto_ChrY,81600000,82600000,0.236516
otto_ChrY,81700000,82700000,0.216342
otto_ChrY,81800000,82800000,0.210635
otto_ChrY,81900000,82900000,0.211501
otto_ChrY,82000000,83000000,0.205054
otto_ChrY,82100000,83100000,0.204225
otto_ChrY,82200000,83200000,0.215337
otto_ChrY,82300000,83300000,0.191236
otto_ChrY,82400000,83400000,0.202295
otto_ChrY,82500000,83500000,0.203155
otto_ChrY,82600000,83600000,0.195408
otto_ChrY,82700000,83700000,0.188666
otto_ChrY,82800000,83800000,0.188227
otto_ChrY,82900000,83900000,0.179438
otto_ChrY,83000000,84000000,0.186672
otto_ChrY,83100000,84100000,0.178261
otto_ChrY,83200000,84200000,0.163566
otto_ChrY,83300000,84300000,0.172544
otto_ChrY,83400000,84400000,0.175196
otto_ChrY,83500000,84500000,0.189526
otto_ChrY,83600000,84600000,0.191075
otto_ChrY,83700000,84700000,0.181373
otto_ChrY,83800000,84800000,0.186702
otto_ChrY,83900000,84900000,0.199256
otto_ChrY,84000000,85000000,0.202305
otto_ChrY,84100000,85100000,0.224896
otto_ChrY,84200000,85200000,0.216385
otto_ChrY,84300000,85300000,0.220709
otto_ChrY,84400000,85400000,0.208507
otto_ChrY,84500000,85500000,0.182697
otto_ChrY,84600000,85600000,0.169373
otto_ChrY,84700000,85700000,0.192479
otto_ChrY,84800000,85800000,0.183187
otto_ChrY,84900000,85900000,0.177468
otto_ChrY,85000000,86000000,0.173077
otto_ChrY,85100000,86100000,0.155526
otto_ChrY,85200000,86200000,0.156705
otto_ChrY,85300000,86300000,0.150595
otto_ChrY,85400000,86400000,0.14584
otto_ChrY,85500000,86500000,0.139008
otto_ChrY,85600000,86600000,0.14072
otto_ChrY,85700000,86700000,0.146275
otto_ChrY,85800000,86800000,0.165076
otto_ChrY,85900000,86900000,0.15171
otto_ChrY,86000000,87000000,0.153405
otto_ChrY,86100000,87100000,0.154857
otto_ChrY,86200000,87200000,0.165031
otto_ChrY,86300000,87300000,0.158652
otto_ChrY,86400000,87400000,0.174211
otto_ChrY,86500000,87500000,0.187926
otto_ChrY,86600000,87600000,0.210937
otto_ChrY,86700000,87700000,0.183366
otto_ChrY,86800000,87800000,0.175422
otto_ChrY,86900000,87900000,0.198337
otto_ChrY,87000000,88000000,0.214515
otto_ChrY,87100000,88100000,0.223365
otto_ChrY,87200000,88200000,0.222045
otto_ChrY,87300000,88300000,0.228186
otto_ChrY,87400000,88400000,0.217898
otto_ChrY,87500000,88500000,0.216476
otto_ChrY,87600000,88600000,0.209825
otto_ChrY,87700000,88700000,0.229776
otto_ChrY,87800000,88800000,0.232473
otto_ChrY,87900000,88900000,0.215739
otto_ChrY,88000000,89000000,0.196538
otto_ChrY,88100000,89100000,0.200422
otto_ChrY,88200000,89200000,0.206857
otto_ChrY,88300000,89300000,0.200398
otto_ChrY,88400000,89400000,0.209492
otto_ChrY,88500000,89500000,0.209589
otto_ChrY,88600000,89600000,0.211696
otto_ChrY,88700000,89700000,0.192027
otto_ChrY,88800000,89800000,0.191727
otto_ChrY,88900000,89900000,0.19209
otto_ChrY,89000000,90000000,0.192644
otto_ChrY,89100000,90100000,0.192199
otto_ChrY,89200000,90200000,0.184322
otto_ChrY,89300000,90300000,0.188092
otto_ChrY,89400000,90400000,0.176003
otto_ChrY,89500000,90500000,0.179747
otto_ChrY,89600000,90600000,0.174735
otto_ChrY,89700000,90700000,0.178703
otto_ChrY,89800000,90800000,0.161246
otto_ChrY,89900000,90900000,0.148651
otto_ChrY,90000000,91000000,0.136412
otto_ChrY,90100000,91100000,0.111401
otto_ChrY,90200000,91200000,0.090105
otto_ChrY,90300000,91300000,0.098472
otto_ChrY,90400000,91400000,0.103209
otto_ChrY,90500000,91500000,0.11162
otto_ChrY,90600000,91600000,0.107948
otto_ChrY,90700000,91700000,0.116456
otto_ChrY,90800000,91800000,0.129796
otto_ChrY,90900000,91900000,0.1511
otto_ChrY,91000000,92000000,0.169187
otto_ChrY,91100000,92100000,0.189844
otto_ChrY,91200000,92200000,0.203739
otto_ChrY,91300000,92300000,0.19203
otto_ChrY,91400000,92400000,0.186847
otto_ChrY,91500000,92500000,0.201307
otto_ChrY,91600000,92600000,0.192234
otto_ChrY,91700000,92700000,0.174112
otto_ChrY,91800000,92800000,0.161105
otto_ChrY,91900000,92900000,0.148692
otto_ChrY,92000000,93000000,0.139105
otto_ChrY,92100000,93100000,0.127899
otto_ChrY,92200000,93200000,0.123303
otto_ChrY,92300000,93300000,0.127691
otto_ChrY,92400000,93400000,0.143427
otto_ChrY,92500000,93500000,0.115356
otto_ChrY,92600000,93600000,0.133674
otto_ChrY,92700000,93700000,0.149214
otto_ChrY,92800000,93800000,0.153144
otto_ChrY,92900000,93900000,0.153043
otto_ChrY,93000000,94000000,0.168381
otto_ChrY,93100000,94100000,0.168381
otto_ChrY,93200000,94200000,0.173511
otto_ChrY,93300000,94300000,0.180557
otto_ChrY,93400000,94400000,0.170611
otto_ChrY,93500000,94500000,0.158936
otto_ChrY,93600000,94600000,0.14796
otto_ChrY,93700000,94700000,0.145291
otto_ChrY,93800000,94800000,0.151141
otto_ChrY,93900000,94900000,0.152062
otto_ChrY,94000000,95000000,0.142094
otto_ChrY,94100000,95100000,0.146151
otto_ChrY,94200000,95200000,0.141016
otto_ChrY,94300000,95300000,0.135871
otto_ChrY,94400000,95400000,0.13091
otto_ChrY,94500000,95500000,0.151551
otto_ChrY,94600000,95600000,0.162765
otto_ChrY,94700000,95700000,0.16742
otto_ChrY,94800000,95800000,0.169997
otto_ChrY,94900000,95900000,0.18929
otto_ChrY,95000000,96000000,0.206917
otto_ChrY,95100000,96100000,0.209466
otto_ChrY,95200000,96200000,0.21129
otto_ChrY,95300000,96300000,0.247937
otto_ChrY,95400000,96400000,0.25345
otto_ChrY,95500000,96500000,0.250339
otto_ChrY,95600000,96600000,0.236307
otto_ChrY,95700000,96700000,0.220784
otto_ChrY,95800000,96800000,0.211769
otto_ChrY,95900000,96900000,0.191449
otto_ChrY,96000000,97000000,0.176119
otto_ChrY,96100000,97100000,0.174777
otto_ChrY,96200000,97200000,0.184048
otto_ChrY,96300000,97300000,0.152855
otto_ChrY,96400000,97400000,0.150796
otto_ChrY,96500000,97500000,0.149576
otto_ChrY,96600000,97600000,0.1521
otto_ChrY,96700000,97700000,0.180472
otto_ChrY,96800000,97800000,0.194757
otto_ChrY,96900000,97900000,0.195884
otto_ChrY,97000000,98000000,0.191992
otto_ChrY,97100000,98100000,0.18814
otto_ChrY,97200000,98200000,0.190091
otto_ChrY,97300000,98300000,0.206984
otto_ChrY,97400000,98400000,0.206396
otto_ChrY,97500000,98500000,0.209482
otto_ChrY,97600000,98600000,0.214177
otto_ChrY,97700000,98700000,0.195401
otto_ChrY,97800000,98800000,0.191998
otto_ChrY,97900000,98900000,0.199082
otto_ChrY,98000000,99000000,0.198774
otto_ChrY,98100000,99100000,0.204064
otto_ChrY,98200000,99200000,0.199748
otto_ChrY,98300000,99300000,0.170971
otto_ChrY,98400000,99400000,0.186371
otto_ChrY,98500000,99500000,0.178442
otto_ChrY,98600000,99600000,0.223474
otto_ChrY,98700000,99700000,0.209768
otto_ChrY,98800000,99800000,0.209354
otto_ChrY,98900000,99900000,0.208094
otto_ChrY,99000000,100000000,0.209433
otto_ChrY,99100000,100100000,0.200633
otto_ChrY,99200000,100200000,0.199025
otto_ChrY,99300000,100300000,0.206644
otto_ChrY,99400000,100400000,0.190791
otto_ChrY,99500000,100500000,0.184051
otto_ChrY,99600000,100600000,0.134172
otto_ChrY,99700000,100700000,0.150124
otto_ChrY,99800000,100800000,0.142528
otto_ChrY,99900000,100900000,0.174504
otto_ChrY,100000000,101000000,0.174986
otto_ChrY,100100000,101100000,0.182327
otto_ChrY,100200000,101200000,0.165746
otto_ChrY,100300000,101300000,0.153244
otto_ChrY,100400000,101400000,0.147142
otto_ChrY,100500000,101500000,0.151839
otto_ChrY,100600000,101600000,0.163768
otto_ChrY,100700000,101700000,0.157274
otto_ChrY,100800000,101800000,0.160901
otto_ChrY,100900000,101900000,0.125541
otto_ChrY,101000000,102000000,0.12348
otto_ChrY,101100000,102100000,0.122468
otto_ChrY,101200000,102200000,0.152999
otto_ChrY,101300000,102300000,0.162893
otto_ChrY,101400000,102400000,0.179047
otto_ChrY,101500000,102500000,0.179933
otto_ChrY,101600000,102600000,0.168754
otto_ChrY,101700000,102700000,0.17356
otto_ChrY,101800000,102800000,0.170222
otto_ChrY,101900000,102900000,0.169446
otto_ChrY,102000000,103000000,0.177837
otto_ChrY,102100000,103100000,0.177317
otto_ChrY,102200000,103200000,0.169057
otto_ChrY,102300000,103300000,0.169668
otto_ChrY,102400000,103400000,0.166481
otto_ChrY,102500000,103500000,0.173825
otto_ChrY,102600000,103600000,0.192135
otto_ChrY,102700000,103700000,0.18604
otto_ChrY,102800000,103800000,0.191432
otto_ChrY,102900000,103900000,0.199528
otto_ChrY,103000000,104000000,0.214351
otto_ChrY,103100000,104100000,0.220724
otto_ChrY,103200000,104200000,0.205102
otto_ChrY,103300000,104300000,0.209602
otto_ChrY,103400000,104400000,0.202452
otto_ChrY,103500000,104500000,0.206872
otto_ChrY,103600000,104600000,0.207681
otto_ChrY,103700000,104700000,0.22207
otto_ChrY,103800000,104800000,0.21484
otto_ChrY,103900000,104900000,0.231926
otto_ChrY,104000000,105000000,0.220232
otto_ChrY,104100000,105100000,0.228063
otto_ChrY,104200000,105200000,0.242926
otto_ChrY,104300000,105300000,0.237457
otto_ChrY,104400000,105400000,0.234699
otto_ChrY,104500000,105500000,0.229322
otto_ChrY,104600000,105600000,0.228692
otto_ChrY,104700000,105700000,0.231534
otto_ChrY,104800000,105800000,0.239692
otto_ChrY,104900000,105900000,0.222555
otto_ChrY,105000000,106000000,0.222818
otto_ChrY,105100000,106100000,0.211723
otto_ChrY,105200000,106200000,0.208024
otto_ChrY,105300000,106300000,0.2265
otto_ChrY,105400000,106400000,0.248182
otto_ChrY,105500000,106500000,0.251118
otto_ChrY,105600000,106600000,0.230365
otto_ChrY,105700000,106700000,0.222789
otto_ChrY,105800000,106800000,0.246494
otto_ChrY,105900000,106900000,0.264661
otto_ChrY,106000000,107000000,0.264305
otto_ChrY,106100000,107100000,0.266155
otto_ChrY,106200000,107200000,0.256668
otto_ChrY,106300000,107300000,0.246253
otto_ChrY,106400000,107400000,0.238235
otto_ChrY,106500000,107500000,0.22879
otto_ChrY,106600000,107600000,0.220015
otto_ChrY,106700000,107700000,0.221309
otto_ChrY,106800000,107800000,0.206716
otto_ChrY,106900000,107900000,0.190405
otto_ChrY,107000000,108000000,0.210683
otto_ChrY,107100000,108100000,0.217737
otto_ChrY,107200000,108200000,0.22776
otto_ChrY,107300000,108300000,0.22727
otto_ChrY,107400000,108400000,0.226159
otto_ChrY,107500000,108500000,0.224229
otto_ChrY,107600000,108600000,0.236415
otto_ChrY,107700000,108700000,0.248611
otto_ChrY,107800000,108800000,0.264113
otto_ChrY,107900000,108900000,0.274556
otto_ChrY,108000000,109000000,0.247761
otto_ChrY,108100000,109100000,0.23118
otto_ChrY,108200000,109200000,0.234805
otto_ChrY,108300000,109300000,0.226842
otto_ChrY,108400000,109400000,0.212932
otto_ChrY,108500000,109500000,0.209719
otto_ChrY,108600000,109600000,0.216972
otto_ChrY,108700000,109700000,0.193081
otto_ChrY,108800000,109800000,0.164295
otto_ChrY,108900000,109900000,0.147227
otto_ChrY,109000000,110000000,0.142809
otto_ChrY,109100000,110100000,0.148074
otto_ChrY,109200000,110200000,0.147918
otto_ChrY,109300000,110300000,0.152568
otto_ChrY,109400000,110400000,0.16016
otto_ChrY,109500000,110500000,0.163926
otto_ChrY,109600000,110600000,0.159405
otto_ChrY,109700000,110700000,0.166096
otto_ChrY,109800000,110800000,0.174098
otto_ChrY,109900000,110900000,0.176306
otto_ChrY,110000000,111000000,0.19909
otto_ChrY,110100000,111100000,0.195591
otto_ChrY,110200000,111200000,0.190187
otto_ChrY,110300000,111300000,0.200578
otto_ChrY,110400000,111400000,0.211212
otto_ChrY,110500000,111500000,0.218173
otto_ChrY,110600000,111600000,0.211106
otto_ChrY,110700000,111700000,0.209264
otto_ChrY,110800000,111800000,0.195815
otto_ChrY,110900000,111900000,0.190684
otto_ChrY,111000000,112000000,0.167365
otto_ChrY,111100000,112100000,0.163822
otto_ChrY,111200000,112200000,0.162054
otto_ChrY,111300000,112300000,0.1549
otto_ChrY,111400000,112400000,0.13804
otto_ChrY,111500000,112500000,0.150981
otto_ChrY,111600000,112600000,0.160886
otto_ChrY,111700000,112700000,0.179585
otto_ChrY,111800000,112800000,0.200133
otto_ChrY,111900000,112900000,0.199096
otto_ChrY,112000000,113000000,0.192801
otto_ChrY,112100000,113100000,0.187265
otto_ChrY,112200000,113200000,0.189097
otto_ChrY,112300000,113300000,0.1914
otto_ChrY,112400000,113400000,0.218672
otto_ChrY,112500000,113500000,0.213609
otto_ChrY,112600000,113600000,0.212218
otto_ChrY,112700000,113700000,0.201184
otto_ChrY,112800000,113800000,0.188618
otto_ChrY,112900000,113900000,0.20349
otto_ChrY,113000000,113917345,0.2168181
otto_ChrY,113100000,113917345,0.2389309
otto_ChrY,113200000,113917345,0.2485429
otto_ChrY,113300000,113917345,0.2482437
otto_ChrY,113400000,113917345,0.2210556
otto_ChrY,113500000,113917345,0.2102697
otto_ChrY,113600000,113917345,0.2220832
otto_ChrY,113700000,113917345,0.2173319
otto_ChrY,113800000,113917345,0.2565427
otto_ChrY,113900000,113917345,0.16806
futura_ChrX2,0,1000000,0.000043
futura_ChrX2,100000,1100000,0.000064
futura_ChrX2,200000,1200000,0.000064
futura_ChrX2,300000,1300000,0.000064
futura_ChrX2,400000,1400000,0.000128
futura_ChrX2,500000,1500000,0.000128
futura_ChrX2,600000,1600000,0.000128
futura_ChrX2,700000,1700000,0.000128
futura_ChrX2,800000,1800000,0.00017
futura_ChrX2,900000,1900000,0.000149
futura_ChrX2,1000000,2000000,0.00019
futura_ChrX2,1100000,2100000,0.000419
futura_ChrX2,1200000,2200000,0.00044
futura_ChrX2,1300000,2300000,0.00044
futura_ChrX2,1400000,2400000,0.000398
futura_ChrX2,1500000,2500000,0.000398
futura_ChrX2,1600000,2600000,0.000398
futura_ChrX2,1700000,2700000,0.000419
futura_ChrX2,1800000,2800000,0.000398
futura_ChrX2,1900000,2900000,0.000398
futura_ChrX2,2000000,3000000,0.000335
futura_ChrX2,2100000,3100000,0.000085
futura_ChrX2,2200000,3200000,0.000064
futura_ChrX2,2300000,3300000,0.000064
futura_ChrX2,2400000,3400000,0.000042
futura_ChrX2,2500000,3500000,0.000042
futura_ChrX2,2600000,3600000,0.00013
futura_ChrX2,2700000,3700000,0.00013
futura_ChrX2,2800000,3800000,0.00013
futura_ChrX2,2900000,3900000,0.00013
futura_ChrX2,3000000,4000000,0.000151
futura_ChrX2,3100000,4100000,0.000242
futura_ChrX2,3200000,4200000,0.000242
futura_ChrX2,3300000,4300000,0.000242
futura_ChrX2,3400000,4400000,0.000242
futura_ChrX2,3500000,4500000,0.000242
futura_ChrX2,3600000,4600000,0.000154
futura_ChrX2,3700000,4700000,0.000133
futura_ChrX2,3800000,4800000,0.000154
futura_ChrX2,3900000,4900000,0.000154
futura_ChrX2,4000000,5000000,0.000133
futura_ChrX2,4100000,5100000,0.000042
futura_ChrX2,4200000,5200000,0.000063
futura_ChrX2,4300000,5300000,0.000063
futura_ChrX2,4400000,5400000,0.000063
futura_ChrX2,4500000,5500000,0.000063
futura_ChrX2,4600000,5600000,0.000063
futura_ChrX2,4700000,5700000,0.000063
futura_ChrX2,4800000,5800000,0.000021
futura_ChrX2,4900000,5900000,0.000021
futura_ChrX2,5000000,6000000,0.000021
futura_ChrX2,5100000,6100000,0.000064
futura_ChrX2,5200000,6200000,0.000064
futura_ChrX2,5300000,6300000,0.000064
futura_ChrX2,5400000,6400000,0.000064
futura_ChrX2,5500000,6500000,0.000064
futura_ChrX2,5600000,6600000,0.000064
futura_ChrX2,5700000,6700000,0.000064
futura_ChrX2,5800000,6800000,0.000064
futura_ChrX2,5900000,6900000,0.000064
futura_ChrX2,6000000,7000000,0.000107
futura_ChrX2,6100000,7100000,0.000085
futura_ChrX2,6200000,7200000,0.000064
futura_ChrX2,6300000,7300000,0.000064
futura_ChrX2,6400000,7400000,0.000064
futura_ChrX2,6500000,7500000,0.000064
futura_ChrX2,6600000,7600000,0.000064
futura_ChrX2,6700000,7700000,0.000108
futura_ChrX2,6800000,7800000,0.00013
futura_ChrX2,6900000,7900000,0.00013
futura_ChrX2,7000000,8000000,0.000087
futura_ChrX2,7100000,8100000,0.000066
futura_ChrX2,7200000,8200000,0.000066
futura_ChrX2,7300000,8300000,0.000066
futura_ChrX2,7400000,8400000,0.000087
futura_ChrX2,7500000,8500000,0.000087
futura_ChrX2,7600000,8600000,0.000087
futura_ChrX2,7700000,8700000,0.000043
futura_ChrX2,7800000,8800000,0.000021
futura_ChrX2,7900000,8900000,0.000042
futura_ChrX2,8000000,9000000,0.000042
futura_ChrX2,8100000,9100000,0.000064
futura_ChrX2,8200000,9200000,0.000107
futura_ChrX2,8300000,9300000,0.000177
futura_ChrX2,8400000,9400000,0.000156
futura_ChrX2,8500000,9500000,0.000371
futura_ChrX2,8600000,9600000,0.000371
futura_ChrX2,8700000,9700000,0.000371
futura_ChrX2,8800000,9800000,0.000413
futura_ChrX2,8900000,9900000,0.000392
futura_ChrX2,9000000,10000000,0.000521
futura_ChrX2,9100000,10100000,0.000499
futura_ChrX2,9200000,10200000,0.000456
futura_ChrX2,9300000,10300000,0.00043
futura_ChrX2,9400000,10400000,0.000493
futura_ChrX2,9500000,10500000,0.000278
futura_ChrX2,9600000,10600000,0.00032
futura_ChrX2,9700000,10700000,0.00032
futura_ChrX2,9800000,10800000,0.000278
futura_ChrX2,9900000,10900000,0.000299
futura_ChrX2,10000000,11000000,0.000254
futura_ChrX2,10100000,11100000,0.000254
futura_ChrX2,10200000,11200000,0.000284
futura_ChrX2,10300000,11300000,0.000319
futura_ChrX2,10400000,11400000,0.000407
futura_ChrX2,10500000,11500000,0.000407
futura_ChrX2,10600000,11600000,0.000365
futura_ChrX2,10700000,11700000,0.000365
futura_ChrX2,10800000,11800000,0.001088
futura_ChrX2,10900000,11900000,0.001529
futura_ChrX2,11000000,12000000,0.001509
futura_ChrX2,11100000,12100000,0.001509
futura_ChrX2,11200000,12200000,0.001479
futura_ChrX2,11300000,12300000,0.0014
futura_ChrX2,11400000,12400000,0.001249
futura_ChrX2,11500000,12500000,0.001291
futura_ChrX2,11600000,12600000,0.001312
futura_ChrX2,11700000,12700000,0.001312
futura_ChrX2,11800000,12800000,0.000589
futura_ChrX2,11900000,12900000,0.000171
futura_ChrX2,12000000,13000000,0.000128
futura_ChrX2,12100000,13100000,0.000263
futura_ChrX2,12200000,13200000,0.000284
futura_ChrX2,12300000,13300000,0.000306
futura_ChrX2,12400000,13400000,0.000306
futura_ChrX2,12500000,13500000,0.000264
futura_ChrX2,12600000,13600000,0.000243
futura_ChrX2,12700000,13700000,0.000243
futura_ChrX2,12800000,13800000,0.000265
futura_ChrX2,12900000,13900000,0.000221
futura_ChrX2,13000000,14000000,0.0002
futura_ChrX2,13100000,14100000,0.000194
futura_ChrX2,13200000,14200000,0.000496
futura_ChrX2,13300000,14300000,0.000497
futura_ChrX2,13400000,14400000,0.000564
futura_ChrX2,13500000,14500000,0.000564
futura_ChrX2,13600000,14600000,0.000607
futura_ChrX2,13700000,14700000,0.000651
futura_ChrX2,13800000,14800000,0.000671
futura_ChrX2,13900000,14900000,0.000671
futura_ChrX2,14000000,15000000,0.000671
futura_ChrX2,14100000,15100000,0.000618
futura_ChrX2,14200000,15200000,0.000338
futura_ChrX2,14300000,15300000,0.000446
futura_ChrX2,14400000,15400000,0.000407
futura_ChrX2,14500000,15500000,0.000407
futura_ChrX2,14600000,15600000,0.000364
futura_ChrX2,14700000,15700000,0.00032
futura_ChrX2,14800000,15800000,0.000278
futura_ChrX2,14900000,15900000,0.000278
futura_ChrX2,15000000,16000000,0.000299
futura_ChrX2,15100000,16100000,0.000223
futura_ChrX2,15200000,16200000,0.000201
futura_ChrX2,15300000,16300000,0.00007
futura_ChrX2,15400000,16400000,0.000042
futura_ChrX2,15500000,16500000,0.000064
futura_ChrX2,15600000,16600000,0.000064
futura_ChrX2,15700000,16700000,0.000085
futura_ChrX2,15800000,16800000,0.000106
futura_ChrX2,15900000,16900000,0.000106
futura_ChrX2,16000000,17000000,0.000085
futura_ChrX2,16100000,17100000,0.000085
futura_ChrX2,16200000,17200000,0.000108
futura_ChrX2,16300000,17300000,0.000129
futura_ChrX2,16400000,17400000,0.000129
futura_ChrX2,16500000,17500000,0.000107
futura_ChrX2,16600000,17600000,0.000107
futura_ChrX2,16700000,17700000,0.000107
futura_ChrX2,16800000,17800000,0.000128
futura_ChrX2,16900000,17900000,0.000173
futura_ChrX2,17000000,18000000,0.000173
futura_ChrX2,17100000,18100000,0.000217
futura_ChrX2,17200000,18200000,0.000236
futura_ChrX2,17300000,18300000,0.000279
futura_ChrX2,17400000,18400000,0.000279
futura_ChrX2,17500000,18500000,0.0003
futura_ChrX2,17600000,18600000,0.0003
futura_ChrX2,17700000,18700000,0.000321
futura_ChrX2,17800000,18800000,0.000279
futura_ChrX2,17900000,18900000,0.0003
futura_ChrX2,18000000,19000000,0.000321
futura_ChrX2,18100000,19100000,0.000277
futura_ChrX2,18200000,19200000,0.000256
futura_ChrX2,18300000,19300000,0.000234
futura_ChrX2,18400000,19400000,0.000458
futura_ChrX2,18500000,19500000,0.000559
futura_ChrX2,18600000,19600000,0.000595
futura_ChrX2,18700000,19700000,0.000553
futura_ChrX2,18800000,19800000,0.000702
futura_ChrX2,18900000,19900000,0.000636
futura_ChrX2,19000000,20000000,0.000615
futura_ChrX2,19100000,20100000,0.000615
futura_ChrX2,19200000,20200000,0.000594
futura_ChrX2,19300000,20300000,0.000552
futura_ChrX2,19400000,20400000,0.000328
futura_ChrX2,19500000,20500000,0.000206
futura_ChrX2,19600000,20600000,0.00017
futura_ChrX2,19700000,20700000,0.00017
futura_ChrX2,19800000,20800000,0.000021
futura_ChrX2,19900000,20900000,0.000042
futura_ChrX2,20000000,21000000,0.000042
futura_ChrX2,20100000,21100000,0.000042
futura_ChrX2,20200000,21200000,0.000042
futura_ChrX2,20300000,21300000,0.000084
futura_ChrX2,20400000,21400000,0.000084
futura_ChrX2,20500000,21500000,0.000084
futura_ChrX2,20600000,21600000,0.000084
futura_ChrX2,20700000,21700000,0.000084
futura_ChrX2,20800000,21800000,0.000084
futura_ChrX2,20900000,21900000,0.000203
futura_ChrX2,21000000,22000000,0.000395
futura_ChrX2,21100000,22100000,0.000395
futura_ChrX2,21200000,22200000,0.000374
futura_ChrX2,21300000,22300000,0.000332
futura_ChrX2,21400000,22400000,0.000353
futura_ChrX2,21500000,22500000,0.000353
futura_ChrX2,21600000,22600000,0.000353
futura_ChrX2,21700000,22700000,0.00051
futura_ChrX2,21800000,22800000,0.000618
futura_ChrX2,21900000,22900000,0.000626
futura_ChrX2,22000000,23000000,0.000434
futura_ChrX2,22100000,23100000,0.000434
futura_ChrX2,22200000,23200000,0.000434
futura_ChrX2,22300000,23300000,0.000434
futura_ChrX2,22400000,23400000,0.000413
futura_ChrX2,22500000,23500000,0.000413
futura_ChrX2,22600000,23600000,0.000413
futura_ChrX2,22700000,23700000,0.000256
futura_ChrX2,22800000,23800000,0.000148
futura_ChrX2,22900000,23900000,0
futura_ChrX2,23000000,24000000,0
futura_ChrX2,23100000,24100000,0
futura_ChrX2,23200000,24200000,0.000042
futura_ChrX2,23300000,24300000,0.000042
futura_ChrX2,23400000,24400000,0.000042
futura_ChrX2,23500000,24500000,0.000042
futura_ChrX2,23600000,24600000,0.000042
futura_ChrX2,23700000,24700000,0.000131
futura_ChrX2,23800000,24800000,0.000131
futura_ChrX2,23900000,24900000,0.000469
futura_ChrX2,24000000,25000000,0.000469
futura_ChrX2,24100000,25100000,0.000469
futura_ChrX2,24200000,25200000,0.000749
futura_ChrX2,24300000,25300000,0.000802
futura_ChrX2,24400000,25400000,0.000823
futura_ChrX2,24500000,25500000,0.000904
futura_ChrX2,24600000,25600000,0.000904
futura_ChrX2,24700000,25700000,0.000815
futura_ChrX2,24800000,25800000,0.000815
futura_ChrX2,24900000,25900000,0.000477
futura_ChrX2,25000000,26000000,0.000477
futura_ChrX2,25100000,26100000,0.000477
futura_ChrX2,25200000,26200000,0.000155
futura_ChrX2,25300000,26300000,0.000102
futura_ChrX2,25400000,26400000,0.000081
futura_ChrX2,25500000,26500000,0
futura_ChrX2,25600000,26600000,0
futura_ChrX2,25700000,26700000,0
futura_ChrX2,25800000,26800000,0
futura_ChrX2,25900000,26900000,0
futura_ChrX2,26000000,27000000,0
futura_ChrX2,26100000,27100000,0
futura_ChrX2,26200000,27200000,0.000021
futura_ChrX2,26300000,27300000,0.000084
futura_ChrX2,26400000,27400000,0.000105
futura_ChrX2,26500000,27500000,0.000105
futura_ChrX2,26600000,27600000,0.000105
futura_ChrX2,26700000,27700000,0.000148
futura_ChrX2,26800000,27800000,0.000278
futura_ChrX2,26900000,27900000,0.000299
futura_ChrX2,27000000,28000000,0.000299
futura_ChrX2,27100000,28100000,0.000299
futura_ChrX2,27200000,28200000,0.000278
futura_ChrX2,27300000,28300000,0.000343
futura_ChrX2,27400000,28400000,0.000343
futura_ChrX2,27500000,28500000,0.000364
futura_ChrX2,27600000,28600000,0.00049
futura_ChrX2,27700000,28700000,0.000928
futura_ChrX2,27800000,28800000,0.001321
futura_ChrX2,27900000,28900000,0.001321
futura_ChrX2,28000000,29000000,0.001344
futura_ChrX2,28100000,29100000,0.001676
futura_ChrX2,28200000,29200000,0.001812
futura_ChrX2,28300000,29300000,0.00179
futura_ChrX2,28400000,29400000,0.002518
futura_ChrX2,28500000,29500000,0.002584
futura_ChrX2,28600000,29600000,0.002546
futura_ChrX2,28700000,29700000,0.002506
futura_ChrX2,28800000,29800000,0.002112
futura_ChrX2,28900000,29900000,0.002091
futura_ChrX2,29000000,30000000,0.002132
futura_ChrX2,29100000,30100000,0.001821
futura_ChrX2,29200000,30200000,0.001685
futura_ChrX2,29300000,30300000,0.001623
futura_ChrX2,29400000,30400000,0.000874
futura_ChrX2,29500000,30500000,0.000787
futura_ChrX2,29600000,30600000,0.000699
futura_ChrX2,29700000,30700000,0.000258
futura_ChrX2,29800000,30800000,0.000129
futura_ChrX2,29900000,30900000,0.000152
futura_ChrX2,30000000,31000000,0.000088
futura_ChrX2,30100000,31100000,0.000067
futura_ChrX2,30200000,31200000,0.000067
futura_ChrX2,30300000,31300000,0.000023
futura_ChrX2,30400000,31400000,0.000023
futura_ChrX2,30500000,31500000,0.000023
futura_ChrX2,30600000,31600000,0.000023
futura_ChrX2,30700000,31700000,0.000023
futura_ChrX2,30800000,31800000,0.000023
futura_ChrX2,30900000,31900000,0.000022
futura_ChrX2,31000000,32000000,0.000022
futura_ChrX2,31100000,32100000,0.000022
futura_ChrX2,31200000,32200000,0.000043
futura_ChrX2,31300000,32300000,0.000043
futura_ChrX2,31400000,32400000,0.000043
futura_ChrX2,31500000,32500000,0.000064
futura_ChrX2,31600000,32600000,0.000137
futura_ChrX2,31700000,32700000,0.000137
futura_ChrX2,31800000,32800000,0.000137
futura_ChrX2,31900000,32900000,0.000115
futura_ChrX2,32000000,33000000,0.000115
futura_ChrX2,32100000,33100000,0.000115
futura_ChrX2,32200000,33200000,0.000094
futura_ChrX2,32300000,33300000,0.000094
futura_ChrX2,32400000,33400000,0.000094
futura_ChrX2,32500000,33500000,0.000073
futura_ChrX2,32600000,33600000,0
futura_ChrX2,32700000,33700000,0
futura_ChrX2,32800000,33800000,0
futura_ChrX2,32900000,33900000,0
futura_ChrX2,33000000,34000000,0
futura_ChrX2,33100000,34100000,0
futura_ChrX2,33200000,34200000,0
futura_ChrX2,33300000,34300000,0
futura_ChrX2,33400000,34400000,0
futura_ChrX2,33500000,34500000,0
futura_ChrX2,33600000,34600000,0
futura_ChrX2,33700000,34700000,0
futura_ChrX2,33800000,34800000,0
futura_ChrX2,33900000,34900000,0
futura_ChrX2,34000000,35000000,0
futura_ChrX2,34100000,35100000,0
futura_ChrX2,34200000,35200000,0
futura_ChrX2,34300000,35300000,0
futura_ChrX2,34400000,35400000,0
futura_ChrX2,34500000,35500000,0
futura_ChrX2,34600000,35600000,0
futura_ChrX2,34700000,35700000,0
futura_ChrX2,34800000,35800000,0
futura_ChrX2,34900000,35900000,0
futura_ChrX2,35000000,36000000,0
futura_ChrX2,35100000,36100000,0
futura_ChrX2,35200000,36200000,0
futura_ChrX2,35300000,36300000,0
futura_ChrX2,35400000,36400000,0
futura_ChrX2,35500000,36500000,0
futura_ChrX2,35600000,36600000,0
futura_ChrX2,35700000,36700000,0
futura_ChrX2,35800000,36800000,0
futura_ChrX2,35900000,36900000,0
futura_ChrX2,36000000,37000000,0
futura_ChrX2,36100000,37100000,0
futura_ChrX2,36200000,37200000,0
futura_ChrX2,36300000,37300000,0
futura_ChrX2,36400000,37400000,0
futura_ChrX2,36500000,37500000,0
futura_ChrX2,36600000,37600000,0
futura_ChrX2,36700000,37700000,0
futura_ChrX2,36800000,37800000,0
futura_ChrX2,36900000,37900000,0
futura_ChrX2,37000000,38000000,0
futura_ChrX2,37100000,38100000,0
futura_ChrX2,37200000,38200000,0
futura_ChrX2,37300000,38300000,0
futura_ChrX2,37400000,38400000,0
futura_ChrX2,37500000,38500000,0
futura_ChrX2,37600000,38600000,0
futura_ChrX2,37700000,38700000,0
futura_ChrX2,37800000,38800000,0.000021
futura_ChrX2,37900000,38900000,0.000021
futura_ChrX2,38000000,39000000,0.000021
futura_ChrX2,38100000,39100000,0.000042
futura_ChrX2,38200000,39200000,0.000042
futura_ChrX2,38300000,39300000,0.000042
futura_ChrX2,38400000,39400000,0.000042
futura_ChrX2,38500000,39500000,0.000042
futura_ChrX2,38600000,39600000,0.000065
futura_ChrX2,38700000,39700000,0.000065
futura_ChrX2,38800000,39800000,0.000044
futura_ChrX2,38900000,39900000,0.000044
futura_ChrX2,39000000,40000000,0.000044
futura_ChrX2,39100000,40100000,0.000044
futura_ChrX2,39200000,40200000,0.000044
futura_ChrX2,39300000,40300000,0.000044
futura_ChrX2,39400000,40400000,0.000044
futura_ChrX2,39500000,40500000,0.000044
futura_ChrX2,39600000,40600000,0.000021
futura_ChrX2,39700000,40700000,0.000042
futura_ChrX2,39800000,40800000,0.000042
futura_ChrX2,39900000,40900000,0.000042
futura_ChrX2,40000000,41000000,0.000042
futura_ChrX2,40100000,41100000,0.000021
futura_ChrX2,40200000,41200000,0.000021
futura_ChrX2,40300000,41300000,0.000021
futura_ChrX2,40400000,41400000,0.000046
futura_ChrX2,40500000,41500000,0.000046
futura_ChrX2,40600000,41600000,0.000046
futura_ChrX2,40700000,41700000,0.000025
futura_ChrX2,40800000,41800000,0.000025
futura_ChrX2,40900000,41900000,0.000025
futura_ChrX2,41000000,42000000,0.000025
futura_ChrX2,41100000,42100000,0.000025
futura_ChrX2,41200000,42200000,0.00006
futura_ChrX2,41300000,42300000,0.00006
futura_ChrX2,41400000,42400000,0.000035
futura_ChrX2,41500000,42500000,0.000035
futura_ChrX2,41600000,42600000,0.000035
futura_ChrX2,41700000,42700000,0.000035
futura_ChrX2,41800000,42800000,0.000035
futura_ChrX2,41900000,42900000,0.000035
futura_ChrX2,42000000,43000000,0.000035
futura_ChrX2,42100000,43100000,0.000035
futura_ChrX2,42200000,43200000,0.000022
futura_ChrX2,42300000,43300000,0.000022
futura_ChrX2,42400000,43400000,0.000022
futura_ChrX2,42500000,43500000,0.000022
futura_ChrX2,42600000,43600000,0.000022
futura_ChrX2,42700000,43700000,0.000022
futura_ChrX2,42800000,43800000,0.000045
futura_ChrX2,42900000,43900000,0.000045
futura_ChrX2,43000000,44000000,0.000067
futura_ChrX2,43100000,44100000,0.000067
futura_ChrX2,43200000,44200000,0.000045
futura_ChrX2,43300000,44300000,0.000045
futura_ChrX2,43400000,44400000,0.000045
futura_ChrX2,43500000,44500000,0.000045
futura_ChrX2,43600000,44600000,0.000045
futura_ChrX2,43700000,44700000,0.000045
futura_ChrX2,43800000,44800000,0.000022
futura_ChrX2,43900000,44900000,0.000022
futura_ChrX2,44000000,45000000,0
futura_ChrX2,44100000,45100000,0
futura_ChrX2,44200000,45200000,0
futura_ChrX2,44300000,45300000,0
futura_ChrX2,44400000,45400000,0
futura_ChrX2,44500000,45500000,0
futura_ChrX2,44600000,45600000,0
futura_ChrX2,44700000,45700000,0
futura_ChrX2,44800000,45800000,0
futura_ChrX2,44900000,45900000,0
futura_ChrX2,45000000,46000000,0
futura_ChrX2,45100000,46100000,0
futura_ChrX2,45200000,46200000,0
futura_ChrX2,45300000,46300000,0
futura_ChrX2,45400000,46400000,0
futura_ChrX2,45500000,46500000,0
futura_ChrX2,45600000,46600000,0
futura_ChrX2,45700000,46700000,0
futura_ChrX2,45800000,46800000,0.000021
futura_ChrX2,45900000,46900000,0.000042
futura_ChrX2,46000000,47000000,0.000042
futura_ChrX2,46100000,47100000,0.000042
futura_ChrX2,46200000,47200000,0.000129
futura_ChrX2,46300000,47300000,0.000171
futura_ChrX2,46400000,47400000,0.000171
futura_ChrX2,46500000,47500000,0.000258
futura_ChrX2,46600000,47600000,0.000279
futura_ChrX2,46700000,47700000,0.000279
futura_ChrX2,46800000,47800000,0.000321
futura_ChrX2,46900000,47900000,0.000343
futura_ChrX2,47000000,48000000,0.0009
futura_ChrX2,47100000,48100000,0.001476
futura_ChrX2,47200000,48200000,0.001788
futura_ChrX2,47300000,48300000,0.001926
futura_ChrX2,47400000,48400000,0.001991
futura_ChrX2,47500000,48500000,0.002031
futura_ChrX2,47600000,48600000,0.002186
futura_ChrX2,47700000,48700000,0.002186
futura_ChrX2,47800000,48800000,0.002123
futura_ChrX2,47900000,48900000,0.00208
futura_ChrX2,48000000,49000000,0.001523
futura_ChrX2,48100000,49100000,0.000947
futura_ChrX2,48200000,49200000,0.000548
futura_ChrX2,48300000,49300000,0.000368
futura_ChrX2,48400000,49400000,0.000303
futura_ChrX2,48500000,49500000,0.000176
futura_ChrX2,48600000,49600000,0
futura_ChrX2,48700000,49700000,0
futura_ChrX2,48800000,49800000,0
futura_ChrX2,48900000,49900000,0
futura_ChrX2,49000000,50000000,0
futura_ChrX2,49100000,50100000,0
futura_ChrX2,49200000,50200000,0
futura_ChrX2,49300000,50300000,0
futura_ChrX2,49400000,50400000,0
futura_ChrX2,49500000,50500000,0
futura_ChrX2,49600000,50600000,0
futura_ChrX2,49700000,50700000,0
futura_ChrX2,49800000,50800000,0
futura_ChrX2,49900000,50900000,0
futura_ChrX2,50000000,51000000,0
futura_ChrX2,50100000,51100000,0
futura_ChrX2,50200000,51200000,0
futura_ChrX2,50300000,51300000,0
futura_ChrX2,50400000,51400000,0
futura_ChrX2,50500000,51500000,0
futura_ChrX2,50600000,51600000,0
futura_ChrX2,50700000,51700000,0.000021
futura_ChrX2,50800000,51800000,0.000046
futura_ChrX2,50900000,51900000,0.000046
futura_ChrX2,51000000,52000000,0.000088
futura_ChrX2,51100000,52100000,0.000088
futura_ChrX2,51200000,52200000,0.000088
futura_ChrX2,51300000,52300000,0.000088
futura_ChrX2,51400000,52400000,0.000088
futura_ChrX2,51500000,52500000,0.000088
futura_ChrX2,51600000,52600000,0.000088
futura_ChrX2,51700000,52700000,0.000067
futura_ChrX2,51800000,52800000,0.000042
futura_ChrX2,51900000,52900000,0.000042
futura_ChrX2,52000000,53000000,0
futura_ChrX2,52100000,53100000,0
futura_ChrX2,52200000,53200000,0
futura_ChrX2,52300000,53300000,0
futura_ChrX2,52400000,53400000,0
futura_ChrX2,52500000,53500000,0
futura_ChrX2,52600000,53600000,0
futura_ChrX2,52700000,53700000,0
futura_ChrX2,52800000,53800000,0
futura_ChrX2,52900000,53900000,0
futura_ChrX2,53000000,54000000,0
futura_ChrX2,53100000,54100000,0
futura_ChrX2,53200000,54200000,0
futura_ChrX2,53300000,54300000,0
futura_ChrX2,53400000,54400000,0
futura_ChrX2,53500000,54500000,0
futura_ChrX2,53600000,54600000,0
futura_ChrX2,53700000,54700000,0
futura_ChrX2,53800000,54800000,0
futura_ChrX2,53900000,54900000,0
futura_ChrX2,54000000,55000000,0
futura_ChrX2,54100000,55100000,0
futura_ChrX2,54200000,55200000,0.000021
futura_ChrX2,54300000,55300000,0.000021
futura_ChrX2,54400000,55400000,0.000043
futura_ChrX2,54500000,55500000,0.000043
futura_ChrX2,54600000,55600000,0.000043
futura_ChrX2,54700000,55700000,0.000043
futura_ChrX2,54800000,55800000,0.000065
futura_ChrX2,54900000,55900000,0.00043
futura_ChrX2,55000000,56000000,0.000496
futura_ChrX2,55100000,56100000,0.000538
futura_ChrX2,55200000,56200000,0.000622
futura_ChrX2,55300000,56300000,0.000729
futura_ChrX2,55400000,56400000,0.000878
futura_ChrX2,55500000,56500000,0.000967
futura_ChrX2,55600000,56600000,0.001058
futura_ChrX2,55700000,56700000,0.001446
futura_ChrX2,55800000,56800000,0.001642
futura_ChrX2,55900000,56900000,0.001448
futura_ChrX2,56000000,57000000,0.001382
futura_ChrX2,56100000,57100000,0.001405
futura_ChrX2,56200000,57200000,0.001321
futura_ChrX2,56300000,57300000,0.001354
futura_ChrX2,56400000,57400000,0.001225
futura_ChrX2,56500000,57500000,0.001136
futura_ChrX2,56600000,57600000,0.001045
futura_ChrX2,56700000,57700000,0.000657
futura_ChrX2,56800000,57800000,0.000439
futura_ChrX2,56900000,57900000,0.000268
futura_ChrX2,57000000,58000000,0.000268
futura_ChrX2,57100000,58100000,0.000246
futura_ChrX2,57200000,58200000,0.000356
futura_ChrX2,57300000,58300000,0.000258
futura_ChrX2,57400000,58400000,0.000258
futura_ChrX2,57500000,58500000,0.000279
futura_ChrX2,57600000,58600000,0.000322
futura_ChrX2,57700000,58700000,0.000322
futura_ChrX2,57800000,58800000,0.000343
futura_ChrX2,57900000,58900000,0.000343
futura_ChrX2,58000000,59000000,0.000343
futura_ChrX2,58100000,59100000,0.000342
futura_ChrX2,58200000,59200000,0.000211
futura_ChrX2,58300000,59300000,0.000211
futura_ChrX2,58400000,59400000,0.00019
futura_ChrX2,58500000,59500000,0.000169
futura_ChrX2,58600000,59600000,0.000126
futura_ChrX2,58700000,59700000,0.000126
futura_ChrX2,58800000,59800000,0.000105
futura_ChrX2,58900000,59900000,0.000105
futura_ChrX2,59000000,60000000,0.000105
futura_ChrX2,59100000,60100000,0.000063
futura_ChrX2,59200000,60200000,0.000063
futura_ChrX2,59300000,60300000,0.000021
futura_ChrX2,59400000,60400000,0
futura_ChrX2,59500000,60500000,0
futura_ChrX2,59600000,60600000,0
futura_ChrX2,59700000,60700000,0
futura_ChrX2,59800000,60800000,0
futura_ChrX2,59900000,60900000,0
futura_ChrX2,60000000,61000000,0
futura_ChrX2,60100000,61100000,0
futura_ChrX2,60200000,61200000,0
futura_ChrX2,60300000,61300000,0
futura_ChrX2,60400000,61400000,0
futura_ChrX2,60500000,61500000,0
futura_ChrX2,60600000,61600000,0
futura_ChrX2,60700000,61700000,0
futura_ChrX2,60800000,61800000,0
futura_ChrX2,60900000,61900000,0
futura_ChrX2,61000000,62000000,0
futura_ChrX2,61100000,62100000,0
futura_ChrX2,61200000,62200000,0
futura_ChrX2,61300000,62300000,0
futura_ChrX2,61400000,62400000,0
futura_ChrX2,61500000,62500000,0
futura_ChrX2,61600000,62600000,0
futura_ChrX2,61700000,62700000,0
futura_ChrX2,61800000,62800000,0
futura_ChrX2,61900000,62900000,0
futura_ChrX2,62000000,63000000,0
futura_ChrX2,62100000,63100000,0
futura_ChrX2,62200000,63200000,0
futura_ChrX2,62300000,63300000,0
futura_ChrX2,62400000,63400000,0
futura_ChrX2,62500000,63500000,0
futura_ChrX2,62600000,63600000,0
futura_ChrX2,62700000,63700000,0
futura_ChrX2,62800000,63800000,0
futura_ChrX2,62900000,63900000,0
futura_ChrX2,63000000,64000000,0
futura_ChrX2,63100000,64100000,0
futura_ChrX2,63200000,64200000,0
futura_ChrX2,63300000,64300000,0.000021
futura_ChrX2,63400000,64400000,0.000021
futura_ChrX2,63500000,64500000,0.000021
futura_ChrX2,63600000,64600000,0.000021
futura_ChrX2,63700000,64700000,0.000021
futura_ChrX2,63800000,64800000,0.000021
futura_ChrX2,63900000,64900000,0.000021
futura_ChrX2,64000000,65000000,0.000021
futura_ChrX2,64100000,65100000,0.000021
futura_ChrX2,64200000,65200000,0.000021
futura_ChrX2,64300000,65300000,0
futura_ChrX2,64400000,65400000,0
futura_ChrX2,64500000,65500000,0
futura_ChrX2,64600000,65600000,0
futura_ChrX2,64700000,65700000,0
futura_ChrX2,64800000,65800000,0
futura_ChrX2,64900000,65900000,0
futura_ChrX2,65000000,66000000,0
futura_ChrX2,65100000,66100000,0
futura_ChrX2,65200000,66200000,0
futura_ChrX2,65300000,66300000,0
futura_ChrX2,65400000,66400000,0.000022
futura_ChrX2,65500000,66500000,0.000022
futura_ChrX2,65600000,66600000,0.000022
futura_ChrX2,65700000,66700000,0.000022
futura_ChrX2,65800000,66800000,0.000022
futura_ChrX2,65900000,66900000,0.000022
futura_ChrX2,66000000,67000000,0.000045
futura_ChrX2,66100000,67100000,0.000045
futura_ChrX2,66200000,67200000,0.000045
futura_ChrX2,66300000,67300000,0.000045
futura_ChrX2,66400000,67400000,0.000023
futura_ChrX2,66500000,67500000,0.000023
futura_ChrX2,66600000,67600000,0.000023
futura_ChrX2,66700000,67700000,0.000023
futura_ChrX2,66800000,67800000,0.000023
futura_ChrX2,66900000,67900000,0.000023
futura_ChrX2,67000000,68000000,0
futura_ChrX2,67100000,68100000,0
futura_ChrX2,67200000,68200000,0
futura_ChrX2,67300000,68300000,0
futura_ChrX2,67400000,68400000,0
futura_ChrX2,67500000,68500000,0
futura_ChrX2,67600000,68600000,0
futura_ChrX2,67700000,68700000,0
futura_ChrX2,67800000,68800000,0
futura_ChrX2,67900000,68900000,0
futura_ChrX2,68000000,69000000,0
futura_ChrX2,68100000,69100000,0
futura_ChrX2,68200000,69200000,0.000063
futura_ChrX2,68300000,69300000,0.000148
futura_ChrX2,68400000,69400000,0.000169
futura_ChrX2,68500000,69500000,0.000169
futura_ChrX2,68600000,69600000,0.000169
futura_ChrX2,68700000,69700000,0.000169
futura_ChrX2,68800000,69800000,0.000169
futura_ChrX2,68900000,69900000,0.000169
futura_ChrX2,69000000,70000000,0.000169
futura_ChrX2,69100000,70100000,0.000191
futura_ChrX2,69200000,70200000,0.000128
futura_ChrX2,69300000,70300000,0.000043
futura_ChrX2,69400000,70400000,0.000022
futura_ChrX2,69500000,70500000,0.000022
futura_ChrX2,69600000,70600000,0.000022
futura_ChrX2,69700000,70700000,0.000022
futura_ChrX2,69800000,70800000,0.000022
futura_ChrX2,69900000,70900000,0.000022
futura_ChrX2,70000000,71000000,0.000022
futura_ChrX2,70100000,71100000,0
futura_ChrX2,70200000,71200000,0
futura_ChrX2,70300000,71300000,0
futura_ChrX2,70400000,71400000,0
futura_ChrX2,70500000,71500000,0
futura_ChrX2,70600000,71600000,0
futura_ChrX2,70700000,71700000,0
futura_ChrX2,70800000,71800000,0
futura_ChrX2,70900000,71900000,0
futura_ChrX2,71000000,72000000,0
futura_ChrX2,71100000,72100000,0
futura_ChrX2,71200000,72200000,0
futura_ChrX2,71300000,72300000,0
futura_ChrX2,71400000,72400000,0
futura_ChrX2,71500000,72500000,0
futura_ChrX2,71600000,72600000,0
futura_ChrX2,71700000,72700000,0
futura_ChrX2,71800000,72800000,0
futura_ChrX2,71900000,72900000,0
futura_ChrX2,72000000,73000000,0
futura_ChrX2,72100000,73100000,0
futura_ChrX2,72200000,73200000,0
futura_ChrX2,72300000,73300000,0
futura_ChrX2,72400000,73400000,0
futura_ChrX2,72500000,73500000,0
futura_ChrX2,72600000,73600000,0
futura_ChrX2,72700000,73700000,0
futura_ChrX2,72800000,73800000,0
futura_ChrX2,72900000,73900000,0.000021
futura_ChrX2,73000000,74000000,0.000213
futura_ChrX2,73100000,74100000,0.000498
futura_ChrX2,73200000,74200000,0.000522
futura_ChrX2,73300000,74300000,0.000522
futura_ChrX2,73400000,74400000,0.000522
futura_ChrX2,73500000,74500000,0.000543
futura_ChrX2,73600000,74600000,0.000543
futura_ChrX2,73700000,74700000,0.000565
futura_ChrX2,73800000,74800000,0.000588
futura_ChrX2,73900000,74900000,0.000591
futura_ChrX2,74000000,75000000,0.000399
futura_ChrX2,74100000,75100000,0.000114
futura_ChrX2,74200000,75200000,0.00009
futura_ChrX2,74300000,75300000,0.000111
futura_ChrX2,74400000,75400000,0.000111
futura_ChrX2,74500000,75500000,0.00009
futura_ChrX2,74600000,75600000,0.00009
futura_ChrX2,74700000,75700000,0.000068
futura_ChrX2,74800000,75800000,0.000045
futura_ChrX2,74900000,75900000,0.000021
futura_ChrX2,75000000,76000000,0.000021
futura_ChrX2,75100000,76100000,0.000021
futura_ChrX2,75200000,76200000,0.000021
futura_ChrX2,75300000,76300000,0
futura_ChrX2,75400000,76400000,0
futura_ChrX2,75500000,76500000,0
futura_ChrX2,75600000,76600000,0
futura_ChrX2,75700000,76700000,0
futura_ChrX2,75800000,76800000,0
futura_ChrX2,75900000,76900000,0
futura_ChrX2,76000000,77000000,0
futura_ChrX2,76100000,77100000,0
futura_ChrX2,76200000,77200000,0
futura_ChrX2,76300000,77300000,0
futura_ChrX2,76400000,77400000,0
futura_ChrX2,76500000,77500000,0
futura_ChrX2,76600000,77600000,0
futura_ChrX2,76700000,77700000,0
futura_ChrX2,76800000,77800000,0
futura_ChrX2,76900000,77900000,0
futura_ChrX2,77000000,78000000,0
futura_ChrX2,77100000,78100000,0
futura_ChrX2,77200000,78200000,0
futura_ChrX2,77300000,78300000,0
futura_ChrX2,77400000,78400000,0
futura_ChrX2,77500000,78500000,0
futura_ChrX2,77600000,78600000,0
futura_ChrX2,77700000,78700000,0
futura_ChrX2,77800000,78800000,0.000021
futura_ChrX2,77900000,78900000,0.000044
futura_ChrX2,78000000,79000000,0.000086
futura_ChrX2,78100000,79100000,0.000086
futura_ChrX2,78200000,79200000,0.000086
futura_ChrX2,78300000,79300000,0.00015
futura_ChrX2,78400000,79400000,0.00015
futura_ChrX2,78500000,79500000,0.000171
futura_ChrX2,78600000,79600000,0.00022
futura_ChrX2,78700000,79700000,0.00022
futura_ChrX2,78800000,79800000,0.000199
futura_ChrX2,78900000,79900000,0.000176
futura_ChrX2,79000000,80000000,0.000134
futura_ChrX2,79100000,80100000,0.000134
futura_ChrX2,79200000,80200000,0.000155
futura_ChrX2,79300000,80300000,0.000112
futura_ChrX2,79400000,80400000,0.000112
futura_ChrX2,79500000,80500000,0.000112
futura_ChrX2,79600000,80600000,0.000063
futura_ChrX2,79700000,80700000,0.000063
futura_ChrX2,79800000,80800000,0.000063
futura_ChrX2,79900000,80900000,0.000063
futura_ChrX2,80000000,81000000,0.000063
futura_ChrX2,80100000,81100000,0.000063
futura_ChrX2,80200000,81200000,0.000042
futura_ChrX2,80300000,81300000,0.000021
futura_ChrX2,80400000,81400000,0.000042
futura_ChrX2,80500000,81500000,0.000021
futura_ChrX2,80600000,81600000,0.000042
futura_ChrX2,80700000,81700000,0.000042
futura_ChrX2,80800000,81800000,0.000063
futura_ChrX2,80900000,81900000,0.000086
futura_ChrX2,81000000,82000000,0.000086
futura_ChrX2,81100000,82100000,0.000086
futura_ChrX2,81200000,82200000,0.000128
futura_ChrX2,81300000,82300000,0.000196
futura_ChrX2,81400000,82400000,0.000175
futura_ChrX2,81500000,82500000,0.000175
futura_ChrX2,81600000,82600000,0.000154
futura_ChrX2,81700000,82700000,0.000154
futura_ChrX2,81800000,82800000,0.000133
futura_ChrX2,81900000,82900000,0.00011
futura_ChrX2,82000000,83000000,0.00011
futura_ChrX2,82100000,83100000,0.000176
futura_ChrX2,82200000,83200000,0.000176
futura_ChrX2,82300000,83300000,0.000108
futura_ChrX2,82400000,83400000,0.000108
futura_ChrX2,82500000,83500000,0.000108
futura_ChrX2,82600000,83600000,0.000108
futura_ChrX2,82700000,83700000,0.000129
futura_ChrX2,82800000,83800000,0.000129
futura_ChrX2,82900000,83900000,0.000129
futura_ChrX2,83000000,84000000,0.000129
futura_ChrX2,83100000,84100000,0.000063
futura_ChrX2,83200000,84200000,0.000021
futura_ChrX2,83300000,84300000,0.000021
futura_ChrX2,83400000,84400000,0.000021
futura_ChrX2,83500000,84500000,0.000021
futura_ChrX2,83600000,84600000,0.000021
futura_ChrX2,83700000,84619625,0
futura_ChrX2,83800000,84619625,0
futura_ChrX2,83900000,84619625,0
futura_ChrX2,84000000,84619625,0
futura_ChrX2,84100000,84619625,0
futura_ChrX2,84200000,84619625,0
futura_ChrX2,84300000,84619625,0
futura_ChrX2,84400000,84619625,0
futura_ChrX2,84500000,84619625,0
futura_ChrX2,84600000,84619625,0
futura_ChrX1,0,1000000,0
futura_ChrX1,100000,1100000,0
futura_ChrX1,200000,1200000,0
futura_ChrX1,300000,1300000,0
futura_ChrX1,400000,1400000,0
futura_ChrX1,500000,1500000,0
futura_ChrX1,600000,1600000,0.000046
futura_ChrX1,700000,1700000,0.000046
futura_ChrX1,800000,1800000,0.000088
futura_ChrX1,900000,1900000,0.000109
futura_ChrX1,1000000,2000000,0.000193
futura_ChrX1,1100000,2100000,0.000236
futura_ChrX1,1200000,2200000,0.000257
futura_ChrX1,1300000,2300000,0.000257
futura_ChrX1,1400000,2400000,0.000257
futura_ChrX1,1500000,2500000,0.000257
futura_ChrX1,1600000,2600000,0.000211
futura_ChrX1,1700000,2700000,0.000211
futura_ChrX1,1800000,2800000,0.000169
futura_ChrX1,1900000,2900000,0.000148
futura_ChrX1,2000000,3000000,0.000064
futura_ChrX1,2100000,3100000,0.000021
futura_ChrX1,2200000,3200000,0
futura_ChrX1,2300000,3300000,0
futura_ChrX1,2400000,3400000,0
futura_ChrX1,2500000,3500000,0.000088
futura_ChrX1,2600000,3600000,0.000088
futura_ChrX1,2700000,3700000,0.000088
futura_ChrX1,2800000,3800000,0.000109
futura_ChrX1,2900000,3900000,0.000109
futura_ChrX1,3000000,4000000,0.000109
futura_ChrX1,3100000,4100000,0.000109
futura_ChrX1,3200000,4200000,0.000109
futura_ChrX1,3300000,4300000,0.000109
futura_ChrX1,3400000,4400000,0.000109
futura_ChrX1,3500000,4500000,0.000021
futura_ChrX1,3600000,4600000,0.000021
futura_ChrX1,3700000,4700000,0.000066
futura_ChrX1,3800000,4800000,0.000045
futura_ChrX1,3900000,4900000,0.000045
futura_ChrX1,4000000,5000000,0.000066
futura_ChrX1,4100000,5100000,0.000087
futura_ChrX1,4200000,5200000,0.000087
futura_ChrX1,4300000,5300000,0.000087
futura_ChrX1,4400000,5400000,0.000087
futura_ChrX1,4500000,5500000,0.000087
futura_ChrX1,4600000,5600000,0.000087
futura_ChrX1,4700000,5700000,0.000063
futura_ChrX1,4800000,5800000,0.000084
futura_ChrX1,4900000,5900000,0.000127
futura_ChrX1,5000000,6000000,0.000149
futura_ChrX1,5100000,6100000,0.000128
futura_ChrX1,5200000,6200000,0.000128
futura_ChrX1,5300000,6300000,0.000128
futura_ChrX1,5400000,6400000,0.000128
futura_ChrX1,5500000,6500000,0.00017
futura_ChrX1,5600000,6600000,0.00017
futura_ChrX1,5700000,6700000,0.000191
futura_ChrX1,5800000,6800000,0.00017
futura_ChrX1,5900000,6900000,0.000149
futura_ChrX1,6000000,7000000,0.000106
futura_ChrX1,6100000,7100000,0.000106
futura_ChrX1,6200000,7200000,0.000106
futura_ChrX1,6300000,7300000,0.000106
futura_ChrX1,6400000,7400000,0.000106
futura_ChrX1,6500000,7500000,0.000064
futura_ChrX1,6600000,7600000,0.000064
futura_ChrX1,6700000,7700000,0.000175
futura_ChrX1,6800000,7800000,0.000175
futura_ChrX1,6900000,7900000,0.000176
futura_ChrX1,7000000,8000000,0.000176
futura_ChrX1,7100000,8100000,0.000176
futura_ChrX1,7200000,8200000,0.000198
futura_ChrX1,7300000,8300000,0.000219
futura_ChrX1,7400000,8400000,0.000219
futura_ChrX1,7500000,8500000,0.000219
futura_ChrX1,7600000,8600000,0.000219
futura_ChrX1,7700000,8700000,0.000066
futura_ChrX1,7800000,8800000,0.000066
futura_ChrX1,7900000,8900000,0.000043
futura_ChrX1,8000000,9000000,0.000043
futura_ChrX1,8100000,9100000,0.000064
futura_ChrX1,8200000,9200000,0.000042
futura_ChrX1,8300000,9300000,0.000302
futura_ChrX1,8400000,9400000,0.000446
futura_ChrX1,8500000,9500000,0.000467
futura_ChrX1,8600000,9600000,0.000467
futura_ChrX1,8700000,9700000,0.000467
futura_ChrX1,8800000,9800000,0.000758
futura_ChrX1,8900000,9900000,0.000758
futura_ChrX1,9000000,10000000,0.000758
futura_ChrX1,9100000,10100000,0.00076
futura_ChrX1,9200000,10200000,0.000781
futura_ChrX1,9300000,10300000,0.000585
futura_ChrX1,9400000,10400000,0.000483
futura_ChrX1,9500000,10500000,0.000546
futura_ChrX1,9600000,10600000,0.000546
futura_ChrX1,9700000,10700000,0.000546
futura_ChrX1,9800000,10800000,0.000255
futura_ChrX1,9900000,10900000,0.000276
futura_ChrX1,10000000,11000000,0.000318
futura_ChrX1,10100000,11100000,0.000337
futura_ChrX1,10200000,11200000,0.000316
futura_ChrX1,10300000,11300000,0.000252
futura_ChrX1,10400000,11400000,0.000253
futura_ChrX1,10500000,11500000,0.000221
futura_ChrX1,10600000,11600000,0.000221
futura_ChrX1,10700000,11700000,0.000221
futura_ChrX1,10800000,11800000,0.000242
futura_ChrX1,10900000,11900000,0.000387
futura_ChrX1,11000000,12000000,0.000504
futura_ChrX1,11100000,12100000,0.000505
futura_ChrX1,11200000,12200000,0.000505
futura_ChrX1,11300000,12300000,0.000484
futura_ChrX1,11400000,12400000,0.000441
futura_ChrX1,11500000,12500000,0.000522
futura_ChrX1,11600000,12600000,0.000522
futura_ChrX1,11700000,12700000,0.000631
futura_ChrX1,11800000,12800000,0.000755
futura_ChrX1,11900000,12900000,0.000634
futura_ChrX1,12000000,13000000,0.000475
futura_ChrX1,12100000,13100000,0.000609
futura_ChrX1,12200000,13200000,0.000675
futura_ChrX1,12300000,13300000,0.000962
futura_ChrX1,12400000,13400000,0.000962
futura_ChrX1,12500000,13500000,0.000829
futura_ChrX1,12600000,13600000,0.000829
futura_ChrX1,12700000,13700000,0.000829
futura_ChrX1,12800000,13800000,0.000747
futura_ChrX1,12900000,13900000,0.000702
futura_ChrX1,13000000,14000000,0.000702
futura_ChrX1,13100000,14100000,0.000525
futura_ChrX1,13200000,14200000,0.000847
futura_ChrX1,13300000,14300000,0.000795
futura_ChrX1,13400000,14400000,0.000863
futura_ChrX1,13500000,14500000,0.000884
futura_ChrX1,13600000,14600000,0.000884
futura_ChrX1,13700000,14700000,0.000775
futura_ChrX1,13800000,14800000,0.000779
futura_ChrX1,13900000,14900000,0.000779
futura_ChrX1,14000000,15000000,0.000801
futura_ChrX1,14100000,15100000,0.000801
futura_ChrX1,14200000,15200000,0.000617
futura_ChrX1,14300000,15300000,0.0005
futura_ChrX1,14400000,15400000,0.000519
futura_ChrX1,14500000,15500000,0.000498
futura_ChrX1,14600000,15600000,0.000521
futura_ChrX1,14700000,15700000,0.000605
futura_ChrX1,14800000,15800000,0.000738
futura_ChrX1,14900000,15900000,0.000738
futura_ChrX1,15000000,16000000,0.000762
futura_ChrX1,15100000,16100000,0.000762
futura_ChrX1,15200000,16200000,0.000558
futura_ChrX1,15300000,16300000,0.00044
futura_ChrX1,15400000,16400000,0.000353
futura_ChrX1,15500000,16500000,0.000353
futura_ChrX1,15600000,16600000,0.00033
futura_ChrX1,15700000,16700000,0.000246
futura_ChrX1,15800000,16800000,0.000046
futura_ChrX1,15900000,16900000,0.000046
futura_ChrX1,16000000,17000000,0
futura_ChrX1,16100000,17100000,0.000021
futura_ChrX1,16200000,17200000,0.000042
futura_ChrX1,16300000,17300000,0.000066
futura_ChrX1,16400000,17400000,0.000066
futura_ChrX1,16500000,17500000,0.000066
futura_ChrX1,16600000,17600000,0.000142
futura_ChrX1,16700000,17700000,0.000142
futura_ChrX1,16800000,17800000,0.000142
futura_ChrX1,16900000,17900000,0.000205
futura_ChrX1,17000000,18000000,0.000205
futura_ChrX1,17100000,18100000,0.000184
futura_ChrX1,17200000,18200000,0.000163
futura_ChrX1,17300000,18300000,0.00016
futura_ChrX1,17400000,18400000,0.00016
futura_ChrX1,17500000,18500000,0.000247
futura_ChrX1,17600000,18600000,0.000171
futura_ChrX1,17700000,18700000,0.000171
futura_ChrX1,17800000,18800000,0.000171
futura_ChrX1,17900000,18900000,0.000108
futura_ChrX1,18000000,19000000,0.000108
futura_ChrX1,18100000,19100000,0.000108
futura_ChrX1,18200000,19200000,0.000108
futura_ChrX1,18300000,19300000,0.000087
futura_ChrX1,18400000,19400000,0.000087
futura_ChrX1,18500000,19500000,0
futura_ChrX1,18600000,19600000,0
futura_ChrX1,18700000,19700000,0
futura_ChrX1,18800000,19800000,0
futura_ChrX1,18900000,19900000,0
futura_ChrX1,19000000,20000000,0
futura_ChrX1,19100000,20100000,0
futura_ChrX1,19200000,20200000,0
futura_ChrX1,19300000,20300000,0
futura_ChrX1,19400000,20400000,0
futura_ChrX1,19500000,20500000,0
futura_ChrX1,19600000,20600000,0
futura_ChrX1,19700000,20700000,0
futura_ChrX1,19800000,20800000,0
futura_ChrX1,19900000,20900000,0
futura_ChrX1,20000000,21000000,0
futura_ChrX1,20100000,21100000,0
futura_ChrX1,20200000,21200000,0
futura_ChrX1,20300000,21300000,0
futura_ChrX1,20400000,21400000,0.000021
futura_ChrX1,20500000,21500000,0.000021
futura_ChrX1,20600000,21600000,0.000021
futura_ChrX1,20700000,21700000,0.000021
futura_ChrX1,20800000,21800000,0.000069
futura_ChrX1,20900000,21900000,0.000287
futura_ChrX1,21000000,22000000,0.000308
futura_ChrX1,21100000,22100000,0.000308
futura_ChrX1,21200000,22200000,0.000308
futura_ChrX1,21300000,22300000,0.000308
futura_ChrX1,21400000,22400000,0.000287
futura_ChrX1,21500000,22500000,0.000287
futura_ChrX1,21600000,22600000,0.000508
futura_ChrX1,21700000,22700000,0.000679
futura_ChrX1,21800000,22800000,0.000716
futura_ChrX1,21900000,22900000,0.000519
futura_ChrX1,22000000,23000000,0.000498
futura_ChrX1,22100000,23100000,0.000498
futura_ChrX1,22200000,23200000,0.000498
futura_ChrX1,22300000,23300000,0.000498
futura_ChrX1,22400000,23400000,0.000498
futura_ChrX1,22500000,23500000,0.000498
futura_ChrX1,22600000,23600000,0.000277
futura_ChrX1,22700000,23700000,0.000106
futura_ChrX1,22800000,23800000,0.000021
futura_ChrX1,22900000,23900000,0
futura_ChrX1,23000000,24000000,0
futura_ChrX1,23100000,24100000,0
futura_ChrX1,23200000,24200000,0
futura_ChrX1,23300000,24300000,0.000021
futura_ChrX1,23400000,24400000,0.00011
futura_ChrX1,23500000,24500000,0.000237
futura_ChrX1,23600000,24600000,0.000596
futura_ChrX1,23700000,24700000,0.000685
futura_ChrX1,23800000,24800000,0.000685
futura_ChrX1,23900000,24900000,0.00083
futura_ChrX1,24000000,25000000,0.00083
futura_ChrX1,24100000,25100000,0.00083
futura_ChrX1,24200000,25200000,0.00083
futura_ChrX1,24300000,25300000,0.000809
futura_ChrX1,24400000,25400000,0.00072
futura_ChrX1,24500000,25500000,0.000593
futura_ChrX1,24600000,25600000,0.000276
futura_ChrX1,24700000,25700000,0.000187
futura_ChrX1,24800000,25800000,0.000187
futura_ChrX1,24900000,25900000,0.000042
futura_ChrX1,25000000,26000000,0.000042
futura_ChrX1,25100000,26100000,0.000042
futura_ChrX1,25200000,26200000,0.000042
futura_ChrX1,25300000,26300000,0.000042
futura_ChrX1,25400000,26400000,0.000042
futura_ChrX1,25500000,26500000,0.000042
futura_ChrX1,25600000,26600000,0
futura_ChrX1,25700000,26700000,0
futura_ChrX1,25800000,26800000,0
futura_ChrX1,25900000,26900000,0
futura_ChrX1,26000000,27000000,0
futura_ChrX1,26100000,27100000,0
futura_ChrX1,26200000,27200000,0
futura_ChrX1,26300000,27300000,0
futura_ChrX1,26400000,27400000,0
futura_ChrX1,26500000,27500000,0
futura_ChrX1,26600000,27600000,0
futura_ChrX1,26700000,27700000,0
futura_ChrX1,26800000,27800000,0
futura_ChrX1,26900000,27900000,0
futura_ChrX1,27000000,28000000,0
futura_ChrX1,27100000,28100000,0
futura_ChrX1,27200000,28200000,0
futura_ChrX1,27300000,28300000,0
futura_ChrX1,27400000,28400000,0
futura_ChrX1,27500000,28500000,0
futura_ChrX1,27600000,28600000,0
futura_ChrX1,27700000,28700000,0
futura_ChrX1,27800000,28800000,0
futura_ChrX1,27900000,28900000,0
futura_ChrX1,28000000,29000000,0
futura_ChrX1,28100000,29100000,0
futura_ChrX1,28200000,29200000,0
futura_ChrX1,28300000,29300000,0.000042
futura_ChrX1,28400000,29400000,0.000064
futura_ChrX1,28500000,29500000,0.000064
futura_ChrX1,28600000,29600000,0.000086
futura_ChrX1,28700000,29700000,0.000107
futura_ChrX1,28800000,29800000,0.000331
futura_ChrX1,28900000,29900000,0.000331
futura_ChrX1,29000000,30000000,0.000331
futura_ChrX1,29100000,30100000,0.000375
futura_ChrX1,29200000,30200000,0.000375
futura_ChrX1,29300000,30300000,0.000333
futura_ChrX1,29400000,30400000,0.000311
futura_ChrX1,29500000,30500000,0.000311
futura_ChrX1,29600000,30600000,0.000289
futura_ChrX1,29700000,30700000,0.000268
futura_ChrX1,29800000,30800000,0.000044
futura_ChrX1,29900000,30900000,0.000044
futura_ChrX1,30000000,31000000,0.000044
futura_ChrX1,30100000,31100000,0
futura_ChrX1,30200000,31200000,0
futura_ChrX1,30300000,31300000,0
futura_ChrX1,30400000,31400000,0
futura_ChrX1,30500000,31500000,0
futura_ChrX1,30600000,31600000,0
futura_ChrX1,30700000,31700000,0
futura_ChrX1,30800000,31800000,0
futura_ChrX1,30900000,31900000,0
futura_ChrX1,31000000,32000000,0
futura_ChrX1,31100000,32100000,0
futura_ChrX1,31200000,32200000,0.000165
futura_ChrX1,31300000,32300000,0.000209
futura_ChrX1,31400000,32400000,0.000209
futura_ChrX1,31500000,32500000,0.000209
futura_ChrX1,31600000,32600000,0.000209
futura_ChrX1,31700000,32700000,0.000209
futura_ChrX1,31800000,32800000,0.000209
futura_ChrX1,31900000,32900000,0.000282
futura_ChrX1,32000000,33000000,0.000282
futura_ChrX1,32100000,33100000,0.000282
futura_ChrX1,32200000,33200000,0.000117
futura_ChrX1,32300000,33300000,0.000073
futura_ChrX1,32400000,33400000,0.000073
futura_ChrX1,32500000,33500000,0.000073
futura_ChrX1,32600000,33600000,0.000073
futura_ChrX1,32700000,33700000,0.000073
futura_ChrX1,32800000,33800000,0.000073
futura_ChrX1,32900000,33900000,0
futura_ChrX1,33000000,34000000,0
futura_ChrX1,33100000,34100000,0
futura_ChrX1,33200000,34200000,0
futura_ChrX1,33300000,34300000,0
futura_ChrX1,33400000,34400000,0
futura_ChrX1,33500000,34500000,0
futura_ChrX1,33600000,34600000,0
futura_ChrX1,33700000,34700000,0
futura_ChrX1,33800000,34800000,0
futura_ChrX1,33900000,34900000,0
futura_ChrX1,34000000,35000000,0
futura_ChrX1,34100000,35100000,0
futura_ChrX1,34200000,35200000,0
futura_ChrX1,34300000,35300000,0
futura_ChrX1,34400000,35400000,0
futura_ChrX1,34500000,35500000,0
futura_ChrX1,34600000,35600000,0
futura_ChrX1,34700000,35700000,0
futura_ChrX1,34800000,35800000,0
futura_ChrX1,34900000,35900000,0
futura_ChrX1,35000000,36000000,0
futura_ChrX1,35100000,36100000,0
futura_ChrX1,35200000,36200000,0
futura_ChrX1,35300000,36300000,0
futura_ChrX1,35400000,36400000,0
futura_ChrX1,35500000,36500000,0
futura_ChrX1,35600000,36600000,0
futura_ChrX1,35700000,36700000,0
futura_ChrX1,35800000,36800000,0
futura_ChrX1,35900000,36900000,0
futura_ChrX1,36000000,37000000,0
futura_ChrX1,36100000,37100000,0
futura_ChrX1,36200000,37200000,0
futura_ChrX1,36300000,37300000,0
futura_ChrX1,36400000,37400000,0
futura_ChrX1,36500000,37500000,0
futura_ChrX1,36600000,37600000,0
futura_ChrX1,36700000,37700000,0
futura_ChrX1,36800000,37800000,0
futura_ChrX1,36900000,37900000,0
futura_ChrX1,37000000,38000000,0
futura_ChrX1,37100000,38100000,0
futura_ChrX1,37200000,38200000,0
futura_ChrX1,37300000,38300000,0
futura_ChrX1,37400000,38400000,0
futura_ChrX1,37500000,38500000,0
futura_ChrX1,37600000,38600000,0
futura_ChrX1,37700000,38700000,0
futura_ChrX1,37800000,38800000,0
futura_ChrX1,37900000,38900000,0
futura_ChrX1,38000000,39000000,0
futura_ChrX1,38100000,39100000,0
futura_ChrX1,38200000,39200000,0
futura_ChrX1,38300000,39300000,0
futura_ChrX1,38400000,39400000,0
futura_ChrX1,38500000,39500000,0
futura_ChrX1,38600000,39600000,0
futura_ChrX1,38700000,39700000,0.000044
futura_ChrX1,38800000,39800000,0.000044
futura_ChrX1,38900000,39900000,0.000044
futura_ChrX1,39000000,40000000,0.000044
futura_ChrX1,39100000,40100000,0.000044
futura_ChrX1,39200000,40200000,0.000044
futura_ChrX1,39300000,40300000,0.000044
futura_ChrX1,39400000,40400000,0.000044
futura_ChrX1,39500000,40500000,0.000044
futura_ChrX1,39600000,40600000,0.000044
futura_ChrX1,39700000,40700000,0
futura_ChrX1,39800000,40800000,0
futura_ChrX1,39900000,40900000,0
futura_ChrX1,40000000,41000000,0
futura_ChrX1,40100000,41100000,0
futura_ChrX1,40200000,41200000,0
futura_ChrX1,40300000,41300000,0
futura_ChrX1,40400000,41400000,0
futura_ChrX1,40500000,41500000,0.000021
futura_ChrX1,40600000,41600000,0.000021
futura_ChrX1,40700000,41700000,0.000021
futura_ChrX1,40800000,41800000,0.000021
futura_ChrX1,40900000,41900000,0.000021
futura_ChrX1,41000000,42000000,0.000021
futura_ChrX1,41100000,42100000,0.000021
futura_ChrX1,41200000,42200000,0.000021
futura_ChrX1,41300000,42300000,0.000021
futura_ChrX1,41400000,42400000,0.000021
futura_ChrX1,41500000,42500000,0
futura_ChrX1,41600000,42600000,0
futura_ChrX1,41700000,42700000,0
futura_ChrX1,41800000,42800000,0
futura_ChrX1,41900000,42900000,0
futura_ChrX1,42000000,43000000,0
futura_ChrX1,42100000,43100000,0
futura_ChrX1,42200000,43200000,0
futura_ChrX1,42300000,43300000,0
futura_ChrX1,42400000,43400000,0
futura_ChrX1,42500000,43500000,0
futura_ChrX1,42600000,43600000,0
futura_ChrX1,42700000,43700000,0
futura_ChrX1,42800000,43800000,0
futura_ChrX1,42900000,43900000,0
futura_ChrX1,43000000,44000000,0
futura_ChrX1,43100000,44100000,0
futura_ChrX1,43200000,44200000,0.000022
futura_ChrX1,43300000,44300000,0.000022
futura_ChrX1,43400000,44400000,0.000022
futura_ChrX1,43500000,44500000,0.000022
futura_ChrX1,43600000,44600000,0.000022
futura_ChrX1,43700000,44700000,0.000022
futura_ChrX1,43800000,44800000,0.000022
futura_ChrX1,43900000,44900000,0.000022
futura_ChrX1,44000000,45000000,0.000022
futura_ChrX1,44100000,45100000,0.000022
futura_ChrX1,44200000,45200000,0
futura_ChrX1,44300000,45300000,0
futura_ChrX1,44400000,45400000,0
futura_ChrX1,44500000,45500000,0
futura_ChrX1,44600000,45600000,0
futura_ChrX1,44700000,45700000,0
futura_ChrX1,44800000,45800000,0
futura_ChrX1,44900000,45900000,0
futura_ChrX1,45000000,46000000,0
futura_ChrX1,45100000,46100000,0
futura_ChrX1,45200000,46200000,0
futura_ChrX1,45300000,46300000,0
futura_ChrX1,45400000,46400000,0
futura_ChrX1,45500000,46500000,0
futura_ChrX1,45600000,46600000,0
futura_ChrX1,45700000,46700000,0
futura_ChrX1,45800000,46800000,0
futura_ChrX1,45900000,46900000,0
futura_ChrX1,46000000,47000000,0
futura_ChrX1,46100000,47100000,0
futura_ChrX1,46200000,47200000,0
futura_ChrX1,46300000,47300000,0
futura_ChrX1,46400000,47400000,0
futura_ChrX1,46500000,47500000,0
futura_ChrX1,46600000,47600000,0
futura_ChrX1,46700000,47700000,0
futura_ChrX1,46800000,47800000,0
futura_ChrX1,46900000,47900000,0
futura_ChrX1,47000000,48000000,0
futura_ChrX1,47100000,48100000,0
futura_ChrX1,47200000,48200000,0
futura_ChrX1,47300000,48300000,0
futura_ChrX1,47400000,48400000,0
futura_ChrX1,47500000,48500000,0
futura_ChrX1,47600000,48600000,0.000042
futura_ChrX1,47700000,48700000,0.000042
futura_ChrX1,47800000,48800000,0.000042
futura_ChrX1,47900000,48900000,0.000042
futura_ChrX1,48000000,49000000,0.000042
futura_ChrX1,48100000,49100000,0.000042
futura_ChrX1,48200000,49200000,0.000063
futura_ChrX1,48300000,49300000,0.000063
futura_ChrX1,48400000,49400000,0.000063
futura_ChrX1,48500000,49500000,0.000086
futura_ChrX1,48600000,49600000,0.000044
futura_ChrX1,48700000,49700000,0.000044
futura_ChrX1,48800000,49800000,0.000044
futura_ChrX1,48900000,49900000,0.000044
futura_ChrX1,49000000,50000000,0.000044
futura_ChrX1,49100000,50100000,0.000044
futura_ChrX1,49200000,50200000,0.000023
futura_ChrX1,49300000,50300000,0.000023
futura_ChrX1,49400000,50400000,0.000023
futura_ChrX1,49500000,50500000,0
futura_ChrX1,49600000,50600000,0
futura_ChrX1,49700000,50700000,0
futura_ChrX1,49800000,50800000,0
futura_ChrX1,49900000,50900000,0
futura_ChrX1,50000000,51000000,0
futura_ChrX1,50100000,51100000,0
futura_ChrX1,50200000,51200000,0
futura_ChrX1,50300000,51300000,0
futura_ChrX1,50400000,51400000,0
futura_ChrX1,50500000,51500000,0
futura_ChrX1,50600000,51600000,0
futura_ChrX1,50700000,51700000,0
futura_ChrX1,50800000,51800000,0
futura_ChrX1,50900000,51900000,0
futura_ChrX1,51000000,52000000,0
futura_ChrX1,51100000,52100000,0
futura_ChrX1,51200000,52200000,0
futura_ChrX1,51300000,52300000,0
futura_ChrX1,51400000,52400000,0
futura_ChrX1,51500000,52500000,0
futura_ChrX1,51600000,52600000,0
futura_ChrX1,51700000,52700000,0.000021
futura_ChrX1,51800000,52800000,0.000021
futura_ChrX1,51900000,52900000,0.000021
futura_ChrX1,52000000,53000000,0.000021
futura_ChrX1,52100000,53100000,0.000021
futura_ChrX1,52200000,53200000,0.000021
futura_ChrX1,52300000,53300000,0.000021
futura_ChrX1,52400000,53400000,0.000021
futura_ChrX1,52500000,53500000,0.000021
futura_ChrX1,52600000,53600000,0.000021
futura_ChrX1,52700000,53700000,0
futura_ChrX1,52800000,53800000,0
futura_ChrX1,52900000,53900000,0
futura_ChrX1,53000000,54000000,0
futura_ChrX1,53100000,54100000,0
futura_ChrX1,53200000,54200000,0.000022
futura_ChrX1,53300000,54300000,0.000022
futura_ChrX1,53400000,54400000,0.000022
futura_ChrX1,53500000,54500000,0.000022
futura_ChrX1,53600000,54600000,0.000022
futura_ChrX1,53700000,54700000,0.000022
futura_ChrX1,53800000,54800000,0.000022
futura_ChrX1,53900000,54900000,0.000022
futura_ChrX1,54000000,55000000,0.000022
futura_ChrX1,54100000,55100000,0.000022
futura_ChrX1,54200000,55200000,0
futura_ChrX1,54300000,55300000,0
futura_ChrX1,54400000,55400000,0
futura_ChrX1,54500000,55500000,0
futura_ChrX1,54600000,55600000,0
futura_ChrX1,54700000,55700000,0
futura_ChrX1,54800000,55800000,0
futura_ChrX1,54900000,55900000,0
futura_ChrX1,55000000,56000000,0
futura_ChrX1,55100000,56100000,0
futura_ChrX1,55200000,56200000,0
futura_ChrX1,55300000,56300000,0
futura_ChrX1,55400000,56400000,0
futura_ChrX1,55500000,56500000,0
futura_ChrX1,55600000,56600000,0
futura_ChrX1,55700000,56700000,0
futura_ChrX1,55800000,56800000,0
futura_ChrX1,55900000,56900000,0
futura_ChrX1,56000000,57000000,0
futura_ChrX1,56100000,57100000,0
futura_ChrX1,56200000,57200000,0
futura_ChrX1,56300000,57300000,0
futura_ChrX1,56400000,57400000,0
futura_ChrX1,56500000,57500000,0
futura_ChrX1,56600000,57600000,0
futura_ChrX1,56700000,57700000,0
futura_ChrX1,56800000,57800000,0
futura_ChrX1,56900000,57900000,0
futura_ChrX1,57000000,58000000,0
futura_ChrX1,57100000,58100000,0
futura_ChrX1,57200000,58200000,0.000021
futura_ChrX1,57300000,58300000,0.000021
futura_ChrX1,57400000,58400000,0.000021
futura_ChrX1,57500000,58500000,0.000021
futura_ChrX1,57600000,58600000,0.000021
futura_ChrX1,57700000,58700000,0.000021
futura_ChrX1,57800000,58800000,0.000064
futura_ChrX1,57900000,58900000,0.000064
futura_ChrX1,58000000,59000000,0.000064
futura_ChrX1,58100000,59100000,0.000064
futura_ChrX1,58200000,59200000,0.000043
futura_ChrX1,58300000,59300000,0.000043
futura_ChrX1,58400000,59400000,0.000043
futura_ChrX1,58500000,59500000,0.000043
futura_ChrX1,58600000,59600000,0.000043
futura_ChrX1,58700000,59700000,0.000043
futura_ChrX1,58800000,59800000,0
futura_ChrX1,58900000,59900000,0
futura_ChrX1,59000000,60000000,0
futura_ChrX1,59100000,60100000,0
futura_ChrX1,59200000,60200000,0
futura_ChrX1,59300000,60300000,0
futura_ChrX1,59400000,60400000,0
futura_ChrX1,59500000,60500000,0
futura_ChrX1,59600000,60600000,0
futura_ChrX1,59700000,60700000,0
futura_ChrX1,59800000,60800000,0
futura_ChrX1,59900000,60900000,0
futura_ChrX1,60000000,61000000,0
futura_ChrX1,60100000,61100000,0
futura_ChrX1,60200000,61200000,0
futura_ChrX1,60300000,61300000,0
futura_ChrX1,60400000,61400000,0
futura_ChrX1,60500000,61500000,0
futura_ChrX1,60600000,61600000,0
futura_ChrX1,60700000,61700000,0
futura_ChrX1,60800000,61800000,0
futura_ChrX1,60900000,61900000,0
futura_ChrX1,61000000,62000000,0
futura_ChrX1,61100000,62100000,0
futura_ChrX1,61200000,62200000,0
futura_ChrX1,61300000,62300000,0
futura_ChrX1,61400000,62400000,0
futura_ChrX1,61500000,62500000,0
futura_ChrX1,61600000,62600000,0
futura_ChrX1,61700000,62700000,0
futura_ChrX1,61800000,62800000,0.000028
futura_ChrX1,61900000,62900000,0.000028
futura_ChrX1,62000000,63000000,0.000028
futura_ChrX1,62100000,63100000,0.000028
futura_ChrX1,62200000,63200000,0.000028
futura_ChrX1,62300000,63300000,0.000028
futura_ChrX1,62400000,63400000,0.000028
futura_ChrX1,62500000,63500000,0.000028
futura_ChrX1,62600000,63600000,0.000028
futura_ChrX1,62700000,63700000,0.000028
futura_ChrX1,62800000,63800000,0
futura_ChrX1,62900000,63900000,0
futura_ChrX1,63000000,64000000,0
futura_ChrX1,63100000,64100000,0
futura_ChrX1,63200000,64200000,0
futura_ChrX1,63300000,64300000,0
futura_ChrX1,63400000,64400000,0
futura_ChrX1,63500000,64500000,0
futura_ChrX1,63600000,64600000,0
futura_ChrX1,63700000,64700000,0
futura_ChrX1,63800000,64800000,0
futura_ChrX1,63900000,64900000,0
futura_ChrX1,64000000,65000000,0
futura_ChrX1,64100000,65100000,0
futura_ChrX1,64200000,65200000,0
futura_ChrX1,64300000,65300000,0
futura_ChrX1,64400000,65400000,0
futura_ChrX1,64500000,65500000,0
futura_ChrX1,64600000,65600000,0
futura_ChrX1,64700000,65700000,0
futura_ChrX1,64800000,65800000,0
futura_ChrX1,64900000,65900000,0
futura_ChrX1,65000000,66000000,0
futura_ChrX1,65100000,66100000,0
futura_ChrX1,65200000,66200000,0
futura_ChrX1,65300000,66300000,0
futura_ChrX1,65400000,66400000,0
futura_ChrX1,65500000,66500000,0
futura_ChrX1,65600000,66600000,0
futura_ChrX1,65700000,66700000,0
futura_ChrX1,65800000,66800000,0
futura_ChrX1,65900000,66900000,0
futura_ChrX1,66000000,67000000,0
futura_ChrX1,66100000,67100000,0
futura_ChrX1,66200000,67200000,0
futura_ChrX1,66300000,67300000,0
futura_ChrX1,66400000,67400000,0
futura_ChrX1,66500000,67500000,0
futura_ChrX1,66600000,67600000,0
futura_ChrX1,66700000,67700000,0
futura_ChrX1,66800000,67800000,0
futura_ChrX1,66900000,67900000,0
futura_ChrX1,67000000,68000000,0
futura_ChrX1,67100000,68100000,0
futura_ChrX1,67200000,68200000,0
futura_ChrX1,67300000,68300000,0
futura_ChrX1,67400000,68400000,0
futura_ChrX1,67500000,68500000,0
futura_ChrX1,67600000,68600000,0
futura_ChrX1,67700000,68700000,0
futura_ChrX1,67800000,68800000,0
futura_ChrX1,67900000,68900000,0.000021
futura_ChrX1,68000000,69000000,0.000021
futura_ChrX1,68100000,69100000,0.000021
futura_ChrX1,68200000,69200000,0.000021
futura_ChrX1,68300000,69300000,0.000021
futura_ChrX1,68400000,69400000,0.000021
futura_ChrX1,68500000,69500000,0.000021
futura_ChrX1,68600000,69600000,0.000021
futura_ChrX1,68700000,69700000,0.00022
futura_ChrX1,68800000,69800000,0.000262
futura_ChrX1,68900000,69900000,0.000241
futura_ChrX1,69000000,70000000,0.000241
futura_ChrX1,69100000,70100000,0.000241
futura_ChrX1,69200000,70200000,0.000241
futura_ChrX1,69300000,70300000,0.000241
futura_ChrX1,69400000,70400000,0.000241
futura_ChrX1,69500000,70500000,0.000241
futura_ChrX1,69600000,70600000,0.000241
futura_ChrX1,69700000,70700000,0.000042
futura_ChrX1,69800000,70800000,0
futura_ChrX1,69900000,70900000,0
futura_ChrX1,70000000,71000000,0
futura_ChrX1,70100000,71100000,0
futura_ChrX1,70200000,71200000,0
futura_ChrX1,70300000,71300000,0
futura_ChrX1,70400000,71400000,0
futura_ChrX1,70500000,71500000,0
futura_ChrX1,70600000,71600000,0.000022
futura_ChrX1,70700000,71700000,0.000022
futura_ChrX1,70800000,71800000,0.000022
futura_ChrX1,70900000,71900000,0.000022
futura_ChrX1,71000000,72000000,0.000022
futura_ChrX1,71100000,72100000,0.000022
futura_ChrX1,71200000,72200000,0.000022
futura_ChrX1,71300000,72300000,0.000022
futura_ChrX1,71400000,72400000,0.000022
futura_ChrX1,71500000,72500000,0.000043
futura_ChrX1,71600000,72600000,0.000021
futura_ChrX1,71700000,72700000,0.000021
futura_ChrX1,71800000,72800000,0.000021
futura_ChrX1,71900000,72900000,0.000021
futura_ChrX1,72000000,73000000,0.000042
futura_ChrX1,72100000,73100000,0.000042
futura_ChrX1,72200000,73200000,0.000042
futura_ChrX1,72300000,73300000,0.000042
futura_ChrX1,72400000,73400000,0.000042
futura_ChrX1,72500000,73500000,0.000021
futura_ChrX1,72600000,73600000,0.000021
futura_ChrX1,72700000,73700000,0.000021
futura_ChrX1,72800000,73800000,0.000021
futura_ChrX1,72900000,73900000,0.000021
futura_ChrX1,73000000,74000000,0
futura_ChrX1,73100000,74100000,0
futura_ChrX1,73200000,74200000,0.000086
futura_ChrX1,73300000,74300000,0.000173
futura_ChrX1,73400000,74400000,0.000194
futura_ChrX1,73500000,74500000,0.000215
futura_ChrX1,73600000,74600000,0.000279
futura_ChrX1,73700000,74700000,0.000279
futura_ChrX1,73800000,74800000,0.000301
futura_ChrX1,73900000,74900000,0.000406
futura_ChrX1,74000000,75000000,0.00047
futura_ChrX1,74100000,75100000,0.000493
futura_ChrX1,74200000,75200000,0.000407
futura_ChrX1,74300000,75300000,0.00032
futura_ChrX1,74400000,75400000,0.000299
futura_ChrX1,74500000,75500000,0.000406
futura_ChrX1,74600000,75600000,0.000585
futura_ChrX1,74700000,75700000,0.000736
futura_ChrX1,74800000,75800000,0.000777
futura_ChrX1,74900000,75900000,0.000672
futura_ChrX1,75000000,76000000,0.000608
futura_ChrX1,75100000,76100000,0.000585
futura_ChrX1,75200000,76200000,0.000585
futura_ChrX1,75300000,76300000,0.000585
futura_ChrX1,75400000,76400000,0.000631
futura_ChrX1,75500000,76500000,0.000503
futura_ChrX1,75600000,76600000,0.00026
futura_ChrX1,75700000,76700000,0.000109
futura_ChrX1,75800000,76800000,0.000046
futura_ChrX1,75900000,76900000,0.000089
futura_ChrX1,76000000,77000000,0.000152
futura_ChrX1,76100000,77100000,0.000173
futura_ChrX1,76200000,77200000,0.000173
futura_ChrX1,76300000,77300000,0.000217
futura_ChrX1,76400000,77400000,0.000192
futura_ChrX1,76500000,77500000,0.000238
futura_ChrX1,76600000,77600000,0.000238
futura_ChrX1,76700000,77700000,0.000238
futura_ChrX1,76800000,77800000,0.000238
futura_ChrX1,76900000,77900000,0.000195
futura_ChrX1,77000000,78000000,0.000153
futura_ChrX1,77100000,78100000,0.000132
futura_ChrX1,77200000,78200000,0.000176
futura_ChrX1,77300000,78300000,0.000174
futura_ChrX1,77400000,78400000,0.000153
futura_ChrX1,77500000,78500000,0.000107
futura_ChrX1,77600000,78600000,0.000128
futura_ChrX1,77700000,78700000,0.000172
futura_ChrX1,77800000,78800000,0.000172
futura_ChrX1,77900000,78900000,0.000172
futura_ChrX1,78000000,79000000,0.000151
futura_ChrX1,78100000,79100000,0.000151
futura_ChrX1,78200000,79200000,0.000128
futura_ChrX1,78300000,79300000,0.000108
futura_ChrX1,78400000,79400000,0.000108
futura_ChrX1,78500000,79500000,0.000108
futura_ChrX1,78600000,79600000,0.000087
futura_ChrX1,78700000,79700000,0.000043
futura_ChrX1,78800000,79800000,0.000043
futura_ChrX1,78900000,79900000,0.000043
futura_ChrX1,79000000,80000000,0.000043
futura_ChrX1,79100000,80100000,0.000043
futura_ChrX1,79200000,80200000,0.000022
futura_ChrX1,79300000,80300000,0
futura_ChrX1,79400000,80400000,0
futura_ChrX1,79500000,80500000,0.000021
futura_ChrX1,79600000,80600000,0.000064
futura_ChrX1,79700000,80700000,0.000064
futura_ChrX1,79800000,80800000,0.000064
futura_ChrX1,79900000,80900000,0.000064
futura_ChrX1,80000000,81000000,0.00017
futura_ChrX1,80100000,81100000,0.00017
futura_ChrX1,80200000,81200000,0.00017
futura_ChrX1,80300000,81300000,0.000213
futura_ChrX1,80400000,81400000,0.000235
futura_ChrX1,80500000,81500000,0.000214
futura_ChrX1,80600000,81600000,0.000171
futura_ChrX1,80700000,81700000,0.000171
futura_ChrX1,80800000,81800000,0.000171
futura_ChrX1,80900000,81900000,0.000171
futura_ChrX1,81000000,82000000,0.000065
futura_ChrX1,81100000,82100000,0.000065
futura_ChrX1,81200000,82200000,0.000087
futura_ChrX1,81300000,82300000,0.000044
futura_ChrX1,81400000,82400000,0.000022
futura_ChrX1,81500000,82500000,0.000022
futura_ChrX1,81600000,82600000,0.000022
futura_ChrX1,81700000,82700000,0.000022
futura_ChrX1,81800000,82800000,0.000022
futura_ChrX1,81900000,82900000,0.000022
futura_ChrX1,82000000,83000000,0.000022
futura_ChrX1,82100000,83100000,0.000022
futura_ChrX1,82200000,83200000,0
futura_ChrX1,82300000,83300000,0
futura_ChrX1,82400000,83400000,0
futura_ChrX1,82500000,83500000,0
futura_ChrX1,82600000,83600000,0
futura_ChrX1,82700000,83700000,0
futura_ChrX1,82800000,83800000,0
futura_ChrX1,82900000,83900000,0
futura_ChrX1,83000000,84000000,0
futura_ChrX1,83100000,84100000,0
futura_ChrX1,83200000,84200000,0
futura_ChrX1,83300000,84300000,0
futura_ChrX1,83400000,84400000,0
futura_ChrX1,83500000,84500000,0
futura_ChrX1,83600000,84600000,0
futura_ChrX1,83700000,84700000,0.000066
futura_ChrX1,83800000,84800000,0.000087
futura_ChrX1,83900000,84900000,0.000087
futura_ChrX1,84000000,85000000,0.000087
futura_ChrX1,84100000,85100000,0.000087
futura_ChrX1,84200000,85200000,0.000087
futura_ChrX1,84300000,85300000,0.000087
futura_ChrX1,84400000,85400000,0.000087
futura_ChrX1,84500000,85500000,0.000087
futura_ChrX1,84600000,85600000,0.000087
futura_ChrX1,84700000,85700000,0.000021
futura_ChrX1,84800000,85800000,0
futura_ChrX1,84900000,85900000,0
futura_ChrX1,85000000,86000000,0
futura_ChrX1,85100000,86100000,0
futura_ChrX1,85200000,86200000,0
futura_ChrX1,85300000,86300000,0
futura_ChrX1,85400000,86400000,0
futura_ChrX1,85500000,86490126,0
futura_ChrX1,85600000,86490126,0
futura_ChrX1,85700000,86490126,0
futura_ChrX1,85800000,86490126,0
futura_ChrX1,85900000,86490126,0
futura_ChrX1,86000000,86490126,0
futura_ChrX1,86100000,86490126,0
futura_ChrX1,86200000,86490126,0
futura_ChrX1,86300000,86490126,0
futura_ChrX1,86400000,86490126,0
