Chromosome,Start,Stop,Ymers
neomexicanus_ChrX,0,1000000,0
neomexicanus_ChrX,100000,1100000,0
neomexicanus_ChrX,200000,1200000,0
neomexicanus_ChrX,300000,1300000,0
neomexicanus_ChrX,400000,1400000,0
neomexicanus_ChrX,500000,1500000,0
neomexicanus_ChrX,600000,1600000,0
neomexicanus_ChrX,700000,1700000,0
neomexicanus_ChrX,800000,1800000,0.000021
neomexicanus_ChrX,900000,1900000,0.000021
neomexicanus_ChrX,1000000,2000000,0.000021
neomexicanus_ChrX,1100000,2100000,0.000021
neomexicanus_ChrX,1200000,2200000,0.000021
neomexicanus_ChrX,1300000,2300000,0.000021
neomexicanus_ChrX,1400000,2400000,0.000021
neomexicanus_ChrX,1500000,2500000,0.000043
neomexicanus_ChrX,1600000,2600000,0.000043
neomexicanus_ChrX,1700000,2700000,0.000043
neomexicanus_ChrX,1800000,2800000,0.000022
neomexicanus_ChrX,1900000,2900000,0.000022
neomexicanus_ChrX,2000000,3000000,0.000022
neomexicanus_ChrX,2100000,3100000,0.000022
neomexicanus_ChrX,2200000,3200000,0.000022
neomexicanus_ChrX,2300000,3300000,0.000022
neomexicanus_ChrX,2400000,3400000,0.000043
neomexicanus_ChrX,2500000,3500000,0.000021
neomexicanus_ChrX,2600000,3600000,0.000021
neomexicanus_ChrX,2700000,3700000,0.000021
neomexicanus_ChrX,2800000,3800000,0.000021
neomexicanus_ChrX,2900000,3900000,0.000021
neomexicanus_ChrX,3000000,4000000,0.000021
neomexicanus_ChrX,3100000,4100000,0.000021
neomexicanus_ChrX,3200000,4200000,0.000021
neomexicanus_ChrX,3300000,4300000,0.000021
neomexicanus_ChrX,3400000,4400000,0
neomexicanus_ChrX,3500000,4500000,0
neomexicanus_ChrX,3600000,4600000,0
neomexicanus_ChrX,3700000,4700000,0.000021
neomexicanus_ChrX,3800000,4800000,0.000021
neomexicanus_ChrX,3900000,4900000,0.000021
neomexicanus_ChrX,4000000,5000000,0.000021
neomexicanus_ChrX,4100000,5100000,0.000042
neomexicanus_ChrX,4200000,5200000,0.000042
neomexicanus_ChrX,4300000,5300000,0.000042
neomexicanus_ChrX,4400000,5400000,0.000042
neomexicanus_ChrX,4500000,5500000,0.000042
neomexicanus_ChrX,4600000,5600000,0.000085
neomexicanus_ChrX,4700000,5700000,0.000064
neomexicanus_ChrX,4800000,5800000,0.000085
neomexicanus_ChrX,4900000,5900000,0.000085
neomexicanus_ChrX,5000000,6000000,0.000085
neomexicanus_ChrX,5100000,6100000,0.000064
neomexicanus_ChrX,5200000,6200000,0.000064
neomexicanus_ChrX,5300000,6300000,0.000064
neomexicanus_ChrX,5400000,6400000,0.000064
neomexicanus_ChrX,5500000,6500000,0.000085
neomexicanus_ChrX,5600000,6600000,0.000042
neomexicanus_ChrX,5700000,6700000,0.000042
neomexicanus_ChrX,5800000,6800000,0.000042
neomexicanus_ChrX,5900000,6900000,0.000067
neomexicanus_ChrX,6000000,7000000,0.000067
neomexicanus_ChrX,6100000,7100000,0.000067
neomexicanus_ChrX,6200000,7200000,0.000067
neomexicanus_ChrX,6300000,7300000,0.000067
neomexicanus_ChrX,6400000,7400000,0.000067
neomexicanus_ChrX,6500000,7500000,0.000046
neomexicanus_ChrX,6600000,7600000,0.000046
neomexicanus_ChrX,6700000,7700000,0.000046
neomexicanus_ChrX,6800000,7800000,0.000025
neomexicanus_ChrX,6900000,7900000,0
neomexicanus_ChrX,7000000,8000000,0.000022
neomexicanus_ChrX,7100000,8100000,0.000022
neomexicanus_ChrX,7200000,8200000,0.000022
neomexicanus_ChrX,7300000,8300000,0.000022
neomexicanus_ChrX,7400000,8400000,0.000022
neomexicanus_ChrX,7500000,8500000,0.000022
neomexicanus_ChrX,7600000,8600000,0.000022
neomexicanus_ChrX,7700000,8700000,0.000022
neomexicanus_ChrX,7800000,8800000,0.000022
neomexicanus_ChrX,7900000,8900000,0.000022
neomexicanus_ChrX,8000000,9000000,0
neomexicanus_ChrX,8100000,9100000,0
neomexicanus_ChrX,8200000,9200000,0
neomexicanus_ChrX,8300000,9300000,0
neomexicanus_ChrX,8400000,9400000,0
neomexicanus_ChrX,8500000,9500000,0
neomexicanus_ChrX,8600000,9600000,0
neomexicanus_ChrX,8700000,9700000,0.000021
neomexicanus_ChrX,8800000,9800000,0.000021
neomexicanus_ChrX,8900000,9900000,0.000021
neomexicanus_ChrX,9000000,10000000,0.000021
neomexicanus_ChrX,9100000,10100000,0.000021
neomexicanus_ChrX,9200000,10200000,0.000021
neomexicanus_ChrX,9300000,10300000,0.000021
neomexicanus_ChrX,9400000,10400000,0.000021
neomexicanus_ChrX,9500000,10500000,0.000021
neomexicanus_ChrX,9600000,10600000,0.000021
neomexicanus_ChrX,9700000,10700000,0
neomexicanus_ChrX,9800000,10800000,0
neomexicanus_ChrX,9900000,10900000,0
neomexicanus_ChrX,10000000,11000000,0.000022
neomexicanus_ChrX,10100000,11100000,0.000022
neomexicanus_ChrX,10200000,11200000,0.000022
neomexicanus_ChrX,10300000,11300000,0.000043
neomexicanus_ChrX,10400000,11400000,0.000065
neomexicanus_ChrX,10500000,11500000,0.000065
neomexicanus_ChrX,10600000,11600000,0.000065
neomexicanus_ChrX,10700000,11700000,0.000065
neomexicanus_ChrX,10800000,11800000,0.000065
neomexicanus_ChrX,10900000,11900000,0.000065
neomexicanus_ChrX,11000000,12000000,0.000043
neomexicanus_ChrX,11100000,12100000,0.000043
neomexicanus_ChrX,11200000,12200000,0.000043
neomexicanus_ChrX,11300000,12300000,0.000022
neomexicanus_ChrX,11400000,12400000,0
neomexicanus_ChrX,11500000,12500000,0
neomexicanus_ChrX,11600000,12600000,0
neomexicanus_ChrX,11700000,12700000,0
neomexicanus_ChrX,11800000,12800000,0
neomexicanus_ChrX,11900000,12900000,0
neomexicanus_ChrX,12000000,13000000,0
neomexicanus_ChrX,12100000,13100000,0
neomexicanus_ChrX,12200000,13200000,0
neomexicanus_ChrX,12300000,13300000,0
neomexicanus_ChrX,12400000,13400000,0
neomexicanus_ChrX,12500000,13500000,0
neomexicanus_ChrX,12600000,13600000,0.000047
neomexicanus_ChrX,12700000,13700000,0.000069
neomexicanus_ChrX,12800000,13800000,0.000069
neomexicanus_ChrX,12900000,13900000,0.000069
neomexicanus_ChrX,13000000,14000000,0.000069
neomexicanus_ChrX,13100000,14100000,0.00009
neomexicanus_ChrX,13200000,14200000,0.00009
neomexicanus_ChrX,13300000,14300000,0.00009
neomexicanus_ChrX,13400000,14400000,0.00009
neomexicanus_ChrX,13500000,14500000,0.00009
neomexicanus_ChrX,13600000,14600000,0.000043
neomexicanus_ChrX,13700000,14700000,0.000021
neomexicanus_ChrX,13800000,14800000,0.000021
neomexicanus_ChrX,13900000,14900000,0.000021
neomexicanus_ChrX,14000000,15000000,0.000021
neomexicanus_ChrX,14100000,15100000,0
neomexicanus_ChrX,14200000,15200000,0
neomexicanus_ChrX,14300000,15300000,0
neomexicanus_ChrX,14400000,15400000,0
neomexicanus_ChrX,14500000,15500000,0
neomexicanus_ChrX,14600000,15600000,0
neomexicanus_ChrX,14700000,15700000,0
neomexicanus_ChrX,14800000,15800000,0.000021
neomexicanus_ChrX,14900000,15900000,0.000021
neomexicanus_ChrX,15000000,16000000,0.000021
neomexicanus_ChrX,15100000,16100000,0.000021
neomexicanus_ChrX,15200000,16200000,0.000021
neomexicanus_ChrX,15300000,16300000,0.000021
neomexicanus_ChrX,15400000,16400000,0.000021
neomexicanus_ChrX,15500000,16500000,0.000021
neomexicanus_ChrX,15600000,16600000,0.000021
neomexicanus_ChrX,15700000,16700000,0.000021
neomexicanus_ChrX,15800000,16800000,0
neomexicanus_ChrX,15900000,16900000,0
neomexicanus_ChrX,16000000,17000000,0
neomexicanus_ChrX,16100000,17100000,0
neomexicanus_ChrX,16200000,17200000,0
neomexicanus_ChrX,16300000,17300000,0
neomexicanus_ChrX,16400000,17400000,0
neomexicanus_ChrX,16500000,17500000,0
neomexicanus_ChrX,16600000,17600000,0
neomexicanus_ChrX,16700000,17700000,0
neomexicanus_ChrX,16800000,17800000,0
neomexicanus_ChrX,16900000,17900000,0
neomexicanus_ChrX,17000000,18000000,0
neomexicanus_ChrX,17100000,18100000,0
neomexicanus_ChrX,17200000,18200000,0
neomexicanus_ChrX,17300000,18300000,0
neomexicanus_ChrX,17400000,18400000,0
neomexicanus_ChrX,17500000,18500000,0
neomexicanus_ChrX,17600000,18600000,0
neomexicanus_ChrX,17700000,18700000,0
neomexicanus_ChrX,17800000,18800000,0
neomexicanus_ChrX,17900000,18900000,0
neomexicanus_ChrX,18000000,19000000,0
neomexicanus_ChrX,18100000,19100000,0
neomexicanus_ChrX,18200000,19200000,0
neomexicanus_ChrX,18300000,19300000,0
neomexicanus_ChrX,18400000,19400000,0
neomexicanus_ChrX,18500000,19500000,0
neomexicanus_ChrX,18600000,19600000,0
neomexicanus_ChrX,18700000,19700000,0
neomexicanus_ChrX,18800000,19800000,0
neomexicanus_ChrX,18900000,19900000,0
neomexicanus_ChrX,19000000,20000000,0
neomexicanus_ChrX,19100000,20100000,0
neomexicanus_ChrX,19200000,20200000,0
neomexicanus_ChrX,19300000,20300000,0
neomexicanus_ChrX,19400000,20400000,0
neomexicanus_ChrX,19500000,20500000,0
neomexicanus_ChrX,19600000,20600000,0
neomexicanus_ChrX,19700000,20700000,0
neomexicanus_ChrX,19800000,20800000,0
neomexicanus_ChrX,19900000,20900000,0
neomexicanus_ChrX,20000000,21000000,0
neomexicanus_ChrX,20100000,21100000,0
neomexicanus_ChrX,20200000,21200000,0
neomexicanus_ChrX,20300000,21300000,0
neomexicanus_ChrX,20400000,21400000,0
neomexicanus_ChrX,20500000,21500000,0
neomexicanus_ChrX,20600000,21600000,0
neomexicanus_ChrX,20700000,21700000,0
neomexicanus_ChrX,20800000,21800000,0
neomexicanus_ChrX,20900000,21900000,0
neomexicanus_ChrX,21000000,22000000,0
neomexicanus_ChrX,21100000,22100000,0.000021
neomexicanus_ChrX,21200000,22200000,0.000021
neomexicanus_ChrX,21300000,22300000,0.000021
neomexicanus_ChrX,21400000,22400000,0.000021
neomexicanus_ChrX,21500000,22500000,0.000021
neomexicanus_ChrX,21600000,22600000,0.000021
neomexicanus_ChrX,21700000,22700000,0.000042
neomexicanus_ChrX,21800000,22800000,0.000042
neomexicanus_ChrX,21900000,22900000,0.000042
neomexicanus_ChrX,22000000,23000000,0.000042
neomexicanus_ChrX,22100000,23100000,0.000021
neomexicanus_ChrX,22200000,23200000,0.000021
neomexicanus_ChrX,22300000,23300000,0.000021
neomexicanus_ChrX,22400000,23400000,0.000042
neomexicanus_ChrX,22500000,23500000,0.000042
neomexicanus_ChrX,22600000,23600000,0.000042
neomexicanus_ChrX,22700000,23700000,0.000021
neomexicanus_ChrX,22800000,23800000,0.000021
neomexicanus_ChrX,22900000,23900000,0.000021
neomexicanus_ChrX,23000000,24000000,0.000021
neomexicanus_ChrX,23100000,24100000,0.000021
neomexicanus_ChrX,23200000,24200000,0.000021
neomexicanus_ChrX,23300000,24300000,0.000021
neomexicanus_ChrX,23400000,24400000,0
neomexicanus_ChrX,23500000,24500000,0
neomexicanus_ChrX,23600000,24600000,0
neomexicanus_ChrX,23700000,24700000,0
neomexicanus_ChrX,23800000,24800000,0
neomexicanus_ChrX,23900000,24900000,0
neomexicanus_ChrX,24000000,25000000,0.00173
neomexicanus_ChrX,24100000,25100000,0.00173
neomexicanus_ChrX,24200000,25200000,0.001751
neomexicanus_ChrX,24300000,25300000,0.001751
neomexicanus_ChrX,24400000,25400000,0.001751
neomexicanus_ChrX,24500000,25500000,0.001751
neomexicanus_ChrX,24600000,25600000,0.001751
neomexicanus_ChrX,24700000,25700000,0.001751
neomexicanus_ChrX,24800000,25800000,0.001751
neomexicanus_ChrX,24900000,25900000,0.001751
neomexicanus_ChrX,25000000,26000000,0.000021
neomexicanus_ChrX,25100000,26100000,0.000021
neomexicanus_ChrX,25200000,26200000,0
neomexicanus_ChrX,25300000,26300000,0
neomexicanus_ChrX,25400000,26400000,0
neomexicanus_ChrX,25500000,26500000,0
neomexicanus_ChrX,25600000,26600000,0
neomexicanus_ChrX,25700000,26700000,0
neomexicanus_ChrX,25800000,26800000,0
neomexicanus_ChrX,25900000,26900000,0
neomexicanus_ChrX,26000000,27000000,0
neomexicanus_ChrX,26100000,27100000,0
neomexicanus_ChrX,26200000,27200000,0
neomexicanus_ChrX,26300000,27300000,0
neomexicanus_ChrX,26400000,27400000,0
neomexicanus_ChrX,26500000,27500000,0
neomexicanus_ChrX,26600000,27600000,0
neomexicanus_ChrX,26700000,27700000,0
neomexicanus_ChrX,26800000,27800000,0
neomexicanus_ChrX,26900000,27900000,0
neomexicanus_ChrX,27000000,28000000,0
neomexicanus_ChrX,27100000,28100000,0
neomexicanus_ChrX,27200000,28200000,0
neomexicanus_ChrX,27300000,28300000,0
neomexicanus_ChrX,27400000,28400000,0
neomexicanus_ChrX,27500000,28500000,0
neomexicanus_ChrX,27600000,28600000,0
neomexicanus_ChrX,27700000,28700000,0
neomexicanus_ChrX,27800000,28800000,0
neomexicanus_ChrX,27900000,28900000,0
neomexicanus_ChrX,28000000,29000000,0
neomexicanus_ChrX,28100000,29100000,0
neomexicanus_ChrX,28200000,29200000,0
neomexicanus_ChrX,28300000,29300000,0
neomexicanus_ChrX,28400000,29400000,0
neomexicanus_ChrX,28500000,29500000,0
neomexicanus_ChrX,28600000,29600000,0
neomexicanus_ChrX,28700000,29700000,0
neomexicanus_ChrX,28800000,29800000,0
neomexicanus_ChrX,28900000,29900000,0
neomexicanus_ChrX,29000000,30000000,0
neomexicanus_ChrX,29100000,30100000,0
neomexicanus_ChrX,29200000,30200000,0
neomexicanus_ChrX,29300000,30300000,0
neomexicanus_ChrX,29400000,30400000,0
neomexicanus_ChrX,29500000,30500000,0.000021
neomexicanus_ChrX,29600000,30600000,0.000021
neomexicanus_ChrX,29700000,30700000,0.000042
neomexicanus_ChrX,29800000,30800000,0.000042
neomexicanus_ChrX,29900000,30900000,0.000042
neomexicanus_ChrX,30000000,31000000,0.000042
neomexicanus_ChrX,30100000,31100000,0.000042
neomexicanus_ChrX,30200000,31200000,0.000042
neomexicanus_ChrX,30300000,31300000,0.000042
neomexicanus_ChrX,30400000,31400000,0.000063
neomexicanus_ChrX,30500000,31500000,0.000042
neomexicanus_ChrX,30600000,31600000,0.000042
neomexicanus_ChrX,30700000,31700000,0.000021
neomexicanus_ChrX,30800000,31800000,0.000021
neomexicanus_ChrX,30900000,31900000,0.000021
neomexicanus_ChrX,31000000,32000000,0.000021
neomexicanus_ChrX,31100000,32100000,0.000021
neomexicanus_ChrX,31200000,32200000,0.000021
neomexicanus_ChrX,31300000,32300000,0.000021
neomexicanus_ChrX,31400000,32400000,0
neomexicanus_ChrX,31500000,32500000,0
neomexicanus_ChrX,31600000,32600000,0
neomexicanus_ChrX,31700000,32700000,0
neomexicanus_ChrX,31800000,32800000,0
neomexicanus_ChrX,31900000,32900000,0
neomexicanus_ChrX,32000000,33000000,0
neomexicanus_ChrX,32100000,33100000,0
neomexicanus_ChrX,32200000,33200000,0
neomexicanus_ChrX,32300000,33300000,0
neomexicanus_ChrX,32400000,33400000,0
neomexicanus_ChrX,32500000,33500000,0
neomexicanus_ChrX,32600000,33600000,0
neomexicanus_ChrX,32700000,33700000,0
neomexicanus_ChrX,32800000,33800000,0
neomexicanus_ChrX,32900000,33900000,0.000021
neomexicanus_ChrX,33000000,34000000,0.000021
neomexicanus_ChrX,33100000,34100000,0.000021
neomexicanus_ChrX,33200000,34200000,0.000021
neomexicanus_ChrX,33300000,34300000,0.000021
neomexicanus_ChrX,33400000,34400000,0.000021
neomexicanus_ChrX,33500000,34500000,0.000021
neomexicanus_ChrX,33600000,34600000,0.000021
neomexicanus_ChrX,33700000,34700000,0.000021
neomexicanus_ChrX,33800000,34800000,0.000021
neomexicanus_ChrX,33900000,34900000,0
neomexicanus_ChrX,34000000,35000000,0
neomexicanus_ChrX,34100000,35100000,0
neomexicanus_ChrX,34200000,35200000,0
neomexicanus_ChrX,34300000,35300000,0
neomexicanus_ChrX,34400000,35400000,0
neomexicanus_ChrX,34500000,35500000,0
neomexicanus_ChrX,34600000,35600000,0
neomexicanus_ChrX,34700000,35700000,0
neomexicanus_ChrX,34800000,35800000,0
neomexicanus_ChrX,34900000,35900000,0
neomexicanus_ChrX,35000000,36000000,0
neomexicanus_ChrX,35100000,36100000,0
neomexicanus_ChrX,35200000,36200000,0
neomexicanus_ChrX,35300000,36300000,0
neomexicanus_ChrX,35400000,36400000,0
neomexicanus_ChrX,35500000,36500000,0
neomexicanus_ChrX,35600000,36600000,0
neomexicanus_ChrX,35700000,36700000,0
neomexicanus_ChrX,35800000,36800000,0
neomexicanus_ChrX,35900000,36900000,0
neomexicanus_ChrX,36000000,37000000,0
neomexicanus_ChrX,36100000,37100000,0
neomexicanus_ChrX,36200000,37200000,0
neomexicanus_ChrX,36300000,37300000,0
neomexicanus_ChrX,36400000,37400000,0
neomexicanus_ChrX,36500000,37500000,0
neomexicanus_ChrX,36600000,37600000,0
neomexicanus_ChrX,36700000,37700000,0
neomexicanus_ChrX,36800000,37800000,0
neomexicanus_ChrX,36900000,37900000,0
neomexicanus_ChrX,37000000,38000000,0
neomexicanus_ChrX,37100000,38100000,0
neomexicanus_ChrX,37200000,38200000,0
neomexicanus_ChrX,37300000,38300000,0
neomexicanus_ChrX,37400000,38400000,0
neomexicanus_ChrX,37500000,38500000,0
neomexicanus_ChrX,37600000,38600000,0
neomexicanus_ChrX,37700000,38700000,0
neomexicanus_ChrX,37800000,38800000,0
neomexicanus_ChrX,37900000,38900000,0
neomexicanus_ChrX,38000000,39000000,0
neomexicanus_ChrX,38100000,39100000,0
neomexicanus_ChrX,38200000,39200000,0
neomexicanus_ChrX,38300000,39300000,0.000021
neomexicanus_ChrX,38400000,39400000,0.000021
neomexicanus_ChrX,38500000,39500000,0.000021
neomexicanus_ChrX,38600000,39600000,0.000021
neomexicanus_ChrX,38700000,39700000,0.000021
neomexicanus_ChrX,38800000,39800000,0.000021
neomexicanus_ChrX,38900000,39900000,0.000021
neomexicanus_ChrX,39000000,40000000,0.000021
neomexicanus_ChrX,39100000,40100000,0.000021
neomexicanus_ChrX,39200000,40200000,0.000021
neomexicanus_ChrX,39300000,40300000,0
neomexicanus_ChrX,39400000,40400000,0
neomexicanus_ChrX,39500000,40500000,0
neomexicanus_ChrX,39600000,40600000,0
neomexicanus_ChrX,39700000,40700000,0
neomexicanus_ChrX,39800000,40800000,0
neomexicanus_ChrX,39900000,40900000,0
neomexicanus_ChrX,40000000,41000000,0
neomexicanus_ChrX,40100000,41100000,0
neomexicanus_ChrX,40200000,41200000,0
neomexicanus_ChrX,40300000,41300000,0.000022
neomexicanus_ChrX,40400000,41400000,0.000022
neomexicanus_ChrX,40500000,41500000,0.000045
neomexicanus_ChrX,40600000,41600000,0.000045
neomexicanus_ChrX,40700000,41700000,0.000045
neomexicanus_ChrX,40800000,41800000,0.000045
neomexicanus_ChrX,40900000,41900000,0.000045
neomexicanus_ChrX,41000000,42000000,0.000045
neomexicanus_ChrX,41100000,42100000,0.000045
neomexicanus_ChrX,41200000,42200000,0.000045
neomexicanus_ChrX,41300000,42300000,0.000023
neomexicanus_ChrX,41400000,42400000,0.000023
neomexicanus_ChrX,41500000,42500000,0
neomexicanus_ChrX,41600000,42600000,0
neomexicanus_ChrX,41700000,42700000,0
neomexicanus_ChrX,41800000,42800000,0
neomexicanus_ChrX,41900000,42900000,0
neomexicanus_ChrX,42000000,43000000,0
neomexicanus_ChrX,42100000,43100000,0
neomexicanus_ChrX,42200000,43200000,0
neomexicanus_ChrX,42300000,43300000,0
neomexicanus_ChrX,42400000,43400000,0
neomexicanus_ChrX,42500000,43500000,0
neomexicanus_ChrX,42600000,43600000,0
neomexicanus_ChrX,42700000,43700000,0
neomexicanus_ChrX,42800000,43800000,0
neomexicanus_ChrX,42900000,43900000,0
neomexicanus_ChrX,43000000,44000000,0.000021
neomexicanus_ChrX,43100000,44100000,0.000021
neomexicanus_ChrX,43200000,44200000,0.000021
neomexicanus_ChrX,43300000,44300000,0.000021
neomexicanus_ChrX,43400000,44400000,0.000021
neomexicanus_ChrX,43500000,44500000,0.000021
neomexicanus_ChrX,43600000,44600000,0.000021
neomexicanus_ChrX,43700000,44700000,0.000049
neomexicanus_ChrX,43800000,44800000,0.000049
neomexicanus_ChrX,43900000,44900000,0.000049
neomexicanus_ChrX,44000000,45000000,0.000028
neomexicanus_ChrX,44100000,45100000,0.000028
neomexicanus_ChrX,44200000,45200000,0.000028
neomexicanus_ChrX,44300000,45300000,0.000028
neomexicanus_ChrX,44400000,45400000,0.000028
neomexicanus_ChrX,44500000,45500000,0.000028
neomexicanus_ChrX,44600000,45600000,0.000028
neomexicanus_ChrX,44700000,45700000,0
neomexicanus_ChrX,44800000,45800000,0
neomexicanus_ChrX,44900000,45900000,0
neomexicanus_ChrX,45000000,46000000,0
neomexicanus_ChrX,45100000,46100000,0
neomexicanus_ChrX,45200000,46200000,0
neomexicanus_ChrX,45300000,46300000,0
neomexicanus_ChrX,45400000,46400000,0
neomexicanus_ChrX,45500000,46500000,0
neomexicanus_ChrX,45600000,46600000,0
neomexicanus_ChrX,45700000,46700000,0
neomexicanus_ChrX,45800000,46800000,0
neomexicanus_ChrX,45900000,46900000,0.000042
neomexicanus_ChrX,46000000,47000000,0.000042
neomexicanus_ChrX,46100000,47100000,0.000042
neomexicanus_ChrX,46200000,47200000,0.000042
neomexicanus_ChrX,46300000,47300000,0.000064
neomexicanus_ChrX,46400000,47400000,0.000064
neomexicanus_ChrX,46500000,47500000,0.000064
neomexicanus_ChrX,46600000,47600000,0.000064
neomexicanus_ChrX,46700000,47700000,0.000064
neomexicanus_ChrX,46800000,47800000,0.000064
neomexicanus_ChrX,46900000,47900000,0.000022
neomexicanus_ChrX,47000000,48000000,0.000022
neomexicanus_ChrX,47100000,48100000,0.000022
neomexicanus_ChrX,47200000,48200000,0.000022
neomexicanus_ChrX,47300000,48300000,0
neomexicanus_ChrX,47400000,48400000,0.00005
neomexicanus_ChrX,47500000,48500000,0.00005
neomexicanus_ChrX,47600000,48600000,0.00005
neomexicanus_ChrX,47700000,48700000,0.00005
neomexicanus_ChrX,47800000,48800000,0.00005
neomexicanus_ChrX,47900000,48900000,0.00005
neomexicanus_ChrX,48000000,49000000,0.00005
neomexicanus_ChrX,48100000,49100000,0.00005
neomexicanus_ChrX,48200000,49200000,0.00005
neomexicanus_ChrX,48300000,49300000,0.00005
neomexicanus_ChrX,48400000,49400000,0
neomexicanus_ChrX,48500000,49500000,0
neomexicanus_ChrX,48600000,49600000,0
neomexicanus_ChrX,48700000,49700000,0
neomexicanus_ChrX,48800000,49800000,0
neomexicanus_ChrX,48900000,49900000,0
neomexicanus_ChrX,49000000,50000000,0
neomexicanus_ChrX,49100000,50100000,0
neomexicanus_ChrX,49200000,50200000,0
neomexicanus_ChrX,49300000,50300000,0
neomexicanus_ChrX,49400000,50400000,0
neomexicanus_ChrX,49500000,50500000,0
neomexicanus_ChrX,49600000,50600000,0
neomexicanus_ChrX,49700000,50700000,0
neomexicanus_ChrX,49800000,50800000,0
neomexicanus_ChrX,49900000,50900000,0
neomexicanus_ChrX,50000000,51000000,0
neomexicanus_ChrX,50100000,51100000,0
neomexicanus_ChrX,50200000,51200000,0.000021
neomexicanus_ChrX,50300000,51300000,0.000021
neomexicanus_ChrX,50400000,51400000,0.000021
neomexicanus_ChrX,50500000,51500000,0.000021
neomexicanus_ChrX,50600000,51600000,0.000021
neomexicanus_ChrX,50700000,51700000,0.000021
neomexicanus_ChrX,50800000,51800000,0.000021
neomexicanus_ChrX,50900000,51900000,0.000021
neomexicanus_ChrX,51000000,52000000,0.000021
neomexicanus_ChrX,51100000,52100000,0.000021
neomexicanus_ChrX,51200000,52200000,0
neomexicanus_ChrX,51300000,52300000,0
neomexicanus_ChrX,51400000,52400000,0
neomexicanus_ChrX,51500000,52500000,0
neomexicanus_ChrX,51600000,52600000,0
neomexicanus_ChrX,51700000,52700000,0
neomexicanus_ChrX,51800000,52800000,0
neomexicanus_ChrX,51900000,52900000,0
neomexicanus_ChrX,52000000,53000000,0
neomexicanus_ChrX,52100000,53100000,0
neomexicanus_ChrX,52200000,53200000,0
neomexicanus_ChrX,52300000,53300000,0
neomexicanus_ChrX,52400000,53400000,0
neomexicanus_ChrX,52500000,53500000,0
neomexicanus_ChrX,52600000,53600000,0
neomexicanus_ChrX,52700000,53700000,0
neomexicanus_ChrX,52800000,53800000,0
neomexicanus_ChrX,52900000,53900000,0
neomexicanus_ChrX,53000000,54000000,0
neomexicanus_ChrX,53100000,54100000,0
neomexicanus_ChrX,53200000,54200000,0
neomexicanus_ChrX,53300000,54300000,0
neomexicanus_ChrX,53400000,54400000,0
neomexicanus_ChrX,53500000,54500000,0
neomexicanus_ChrX,53600000,54600000,0
neomexicanus_ChrX,53700000,54700000,0
neomexicanus_ChrX,53800000,54800000,0
neomexicanus_ChrX,53900000,54900000,0
neomexicanus_ChrX,54000000,55000000,0
neomexicanus_ChrX,54100000,55100000,0
neomexicanus_ChrX,54200000,55200000,0
neomexicanus_ChrX,54300000,55300000,0
neomexicanus_ChrX,54400000,55400000,0.00003
neomexicanus_ChrX,54500000,55500000,0.00003
neomexicanus_ChrX,54600000,55600000,0.00003
neomexicanus_ChrX,54700000,55700000,0.00003
neomexicanus_ChrX,54800000,55800000,0.00003
neomexicanus_ChrX,54900000,55900000,0.00003
neomexicanus_ChrX,55000000,56000000,0.00003
neomexicanus_ChrX,55100000,56100000,0.00003
neomexicanus_ChrX,55200000,56200000,0.00003
neomexicanus_ChrX,55300000,56300000,0.00003
neomexicanus_ChrX,55400000,56400000,0
neomexicanus_ChrX,55500000,56500000,0
neomexicanus_ChrX,55600000,56600000,0
neomexicanus_ChrX,55700000,56700000,0
neomexicanus_ChrX,55800000,56800000,0
neomexicanus_ChrX,55900000,56900000,0
neomexicanus_ChrX,56000000,57000000,0
neomexicanus_ChrX,56100000,57100000,0
neomexicanus_ChrX,56200000,57200000,0
neomexicanus_ChrX,56300000,57300000,0
neomexicanus_ChrX,56400000,57400000,0
neomexicanus_ChrX,56500000,57500000,0
neomexicanus_ChrX,56600000,57600000,0
neomexicanus_ChrX,56700000,57700000,0
neomexicanus_ChrX,56800000,57800000,0.000021
neomexicanus_ChrX,56900000,57900000,0.000021
neomexicanus_ChrX,57000000,58000000,0.000021
neomexicanus_ChrX,57100000,58100000,0.000042
neomexicanus_ChrX,57200000,58200000,0.000042
neomexicanus_ChrX,57300000,58300000,0.000042
neomexicanus_ChrX,57400000,58400000,0.000042
neomexicanus_ChrX,57500000,58500000,0.000042
neomexicanus_ChrX,57600000,58600000,0.000042
neomexicanus_ChrX,57700000,58700000,0.000042
neomexicanus_ChrX,57800000,58800000,0.000021
neomexicanus_ChrX,57900000,58900000,0.000021
neomexicanus_ChrX,58000000,59000000,0.000051
neomexicanus_ChrX,58100000,59100000,0.00003
neomexicanus_ChrX,58200000,59200000,0.00003
neomexicanus_ChrX,58300000,59300000,0.00003
neomexicanus_ChrX,58400000,59400000,0.00003
neomexicanus_ChrX,58500000,59500000,0.000055
neomexicanus_ChrX,58600000,59600000,0.000055
neomexicanus_ChrX,58700000,59700000,0.00009
neomexicanus_ChrX,58800000,59800000,0.00009
neomexicanus_ChrX,58900000,59900000,0.000111
neomexicanus_ChrX,59000000,60000000,0.000081
neomexicanus_ChrX,59100000,60100000,0.000081
neomexicanus_ChrX,59200000,60200000,0.000081
neomexicanus_ChrX,59300000,60300000,0.000081
neomexicanus_ChrX,59400000,60400000,0.000081
neomexicanus_ChrX,59500000,60500000,0.000056
neomexicanus_ChrX,59600000,60600000,0.000056
neomexicanus_ChrX,59700000,60700000,0.000021
neomexicanus_ChrX,59800000,60800000,0.000021
neomexicanus_ChrX,59900000,60900000,0
neomexicanus_ChrX,60000000,61000000,0
neomexicanus_ChrX,60100000,61100000,0
neomexicanus_ChrX,60200000,61200000,0
neomexicanus_ChrX,60300000,61300000,0
neomexicanus_ChrX,60400000,61400000,0
neomexicanus_ChrX,60500000,61500000,0
neomexicanus_ChrX,60600000,61600000,0
neomexicanus_ChrX,60700000,61700000,0
neomexicanus_ChrX,60800000,61800000,0
neomexicanus_ChrX,60900000,61900000,0
neomexicanus_ChrX,61000000,62000000,0
neomexicanus_ChrX,61100000,62100000,0
neomexicanus_ChrX,61200000,62200000,0
neomexicanus_ChrX,61300000,62300000,0
neomexicanus_ChrX,61400000,62400000,0
neomexicanus_ChrX,61500000,62500000,0
neomexicanus_ChrX,61600000,62600000,0
neomexicanus_ChrX,61700000,62700000,0
neomexicanus_ChrX,61800000,62800000,0
neomexicanus_ChrX,61900000,62900000,0
neomexicanus_ChrX,62000000,63000000,0
neomexicanus_ChrX,62100000,63100000,0
neomexicanus_ChrX,62200000,63200000,0
neomexicanus_ChrX,62300000,63300000,0.000021
neomexicanus_ChrX,62400000,63400000,0.000021
neomexicanus_ChrX,62500000,63500000,0.000021
neomexicanus_ChrX,62600000,63600000,0.000021
neomexicanus_ChrX,62700000,63700000,0.000021
neomexicanus_ChrX,62800000,63800000,0.000021
neomexicanus_ChrX,62900000,63900000,0.000021
neomexicanus_ChrX,63000000,64000000,0.000063
neomexicanus_ChrX,63100000,64100000,0.000063
neomexicanus_ChrX,63200000,64200000,0.000063
neomexicanus_ChrX,63300000,64300000,0.000042
neomexicanus_ChrX,63400000,64400000,0.000042
neomexicanus_ChrX,63500000,64500000,0.000042
neomexicanus_ChrX,63600000,64600000,0.000042
neomexicanus_ChrX,63700000,64700000,0.000042
neomexicanus_ChrX,63800000,64800000,0.000042
neomexicanus_ChrX,63900000,64900000,0.000042
neomexicanus_ChrX,64000000,65000000,0
neomexicanus_ChrX,64100000,65100000,0.000041
neomexicanus_ChrX,64200000,65200000,0.000041
neomexicanus_ChrX,64300000,65300000,0.000041
neomexicanus_ChrX,64400000,65400000,0.000041
neomexicanus_ChrX,64500000,65500000,0.000062
neomexicanus_ChrX,64600000,65600000,0.000062
neomexicanus_ChrX,64700000,65700000,0.000062
neomexicanus_ChrX,64800000,65800000,0.000062
neomexicanus_ChrX,64900000,65900000,0.000062
neomexicanus_ChrX,65000000,66000000,0.000062
neomexicanus_ChrX,65100000,66100000,0.000021
neomexicanus_ChrX,65200000,66200000,0.000042
neomexicanus_ChrX,65300000,66300000,0.000042
neomexicanus_ChrX,65400000,66400000,0.000042
neomexicanus_ChrX,65500000,66500000,0.000021
neomexicanus_ChrX,65600000,66600000,0.000021
neomexicanus_ChrX,65700000,66700000,0.000042
neomexicanus_ChrX,65800000,66800000,0.000042
neomexicanus_ChrX,65900000,66900000,0.000042
neomexicanus_ChrX,66000000,67000000,0.000042
neomexicanus_ChrX,66100000,67100000,0.000063
neomexicanus_ChrX,66200000,67200000,0.000042
neomexicanus_ChrX,66300000,67300000,0.000042
neomexicanus_ChrX,66400000,67400000,0.000042
neomexicanus_ChrX,66500000,67500000,0.000042
neomexicanus_ChrX,66600000,67600000,0.000042
neomexicanus_ChrX,66700000,67700000,0.000021
neomexicanus_ChrX,66800000,67800000,0.000021
neomexicanus_ChrX,66900000,67900000,0.000021
neomexicanus_ChrX,67000000,68000000,0.000021
neomexicanus_ChrX,67100000,68100000,0.000021
neomexicanus_ChrX,67200000,68200000,0.000021
neomexicanus_ChrX,67300000,68300000,0.000021
neomexicanus_ChrX,67400000,68400000,0.000021
neomexicanus_ChrX,67500000,68500000,0.000021
neomexicanus_ChrX,67600000,68600000,0.000021
neomexicanus_ChrX,67700000,68700000,0.000021
neomexicanus_ChrX,67800000,68800000,0.000021
neomexicanus_ChrX,67900000,68900000,0.000047
neomexicanus_ChrX,68000000,69000000,0.000047
neomexicanus_ChrX,68100000,69100000,0.000026
neomexicanus_ChrX,68200000,69200000,0.000026
neomexicanus_ChrX,68300000,69300000,0.000026
neomexicanus_ChrX,68400000,69400000,0.000026
neomexicanus_ChrX,68500000,69500000,0.000026
neomexicanus_ChrX,68600000,69600000,0.000026
neomexicanus_ChrX,68700000,69700000,0.000026
neomexicanus_ChrX,68800000,69800000,0.000026
neomexicanus_ChrX,68900000,69900000,0
neomexicanus_ChrX,69000000,70000000,0
neomexicanus_ChrX,69100000,70100000,0
neomexicanus_ChrX,69200000,70200000,0
neomexicanus_ChrX,69300000,70300000,0
neomexicanus_ChrX,69400000,70400000,0
neomexicanus_ChrX,69500000,70500000,0
neomexicanus_ChrX,69600000,70600000,0
neomexicanus_ChrX,69700000,70700000,0
neomexicanus_ChrX,69800000,70800000,0
neomexicanus_ChrX,69900000,70900000,0
neomexicanus_ChrX,70000000,71000000,0
neomexicanus_ChrX,70100000,71100000,0
neomexicanus_ChrX,70200000,71200000,0
neomexicanus_ChrX,70300000,71300000,0
neomexicanus_ChrX,70400000,71400000,0
neomexicanus_ChrX,70500000,71500000,0
neomexicanus_ChrX,70600000,71600000,0
neomexicanus_ChrX,70700000,71700000,0
neomexicanus_ChrX,70800000,71800000,0
neomexicanus_ChrX,70900000,71900000,0
neomexicanus_ChrX,71000000,72000000,0
neomexicanus_ChrX,71100000,72100000,0
neomexicanus_ChrX,71200000,72200000,0
neomexicanus_ChrX,71300000,72300000,0
neomexicanus_ChrX,71400000,72400000,0
neomexicanus_ChrX,71500000,72500000,0
neomexicanus_ChrX,71600000,72600000,0
neomexicanus_ChrX,71700000,72700000,0
neomexicanus_ChrX,71800000,72800000,0
neomexicanus_ChrX,71900000,72900000,0
neomexicanus_ChrX,72000000,73000000,0
neomexicanus_ChrX,72100000,73100000,0
neomexicanus_ChrX,72200000,73200000,0
neomexicanus_ChrX,72300000,73300000,0
neomexicanus_ChrX,72400000,73400000,0
neomexicanus_ChrX,72500000,73500000,0
neomexicanus_ChrX,72600000,73600000,0
neomexicanus_ChrX,72700000,73700000,0
neomexicanus_ChrX,72800000,73800000,0
neomexicanus_ChrX,72900000,73900000,0
neomexicanus_ChrX,73000000,74000000,0
neomexicanus_ChrX,73100000,74100000,0
neomexicanus_ChrX,73200000,74200000,0
neomexicanus_ChrX,73300000,74300000,0
neomexicanus_ChrX,73400000,74400000,0
neomexicanus_ChrX,73500000,74500000,0
neomexicanus_ChrX,73600000,74600000,0
neomexicanus_ChrX,73700000,74700000,0
neomexicanus_ChrX,73800000,74800000,0
neomexicanus_ChrX,73900000,74900000,0
neomexicanus_ChrX,74000000,75000000,0
neomexicanus_ChrX,74100000,75100000,0
neomexicanus_ChrX,74200000,75200000,0
neomexicanus_ChrX,74300000,75300000,0
neomexicanus_ChrX,74400000,75400000,0
neomexicanus_ChrX,74500000,75500000,0
neomexicanus_ChrX,74600000,75600000,0
neomexicanus_ChrX,74700000,75700000,0.000022
neomexicanus_ChrX,74800000,75800000,0.000022
neomexicanus_ChrX,74900000,75900000,0.000022
neomexicanus_ChrX,75000000,76000000,0.000022
neomexicanus_ChrX,75100000,76100000,0.000022
neomexicanus_ChrX,75200000,76200000,0.000022
neomexicanus_ChrX,75300000,76300000,0.000022
neomexicanus_ChrX,75400000,76400000,0.000022
neomexicanus_ChrX,75500000,76500000,0.000022
neomexicanus_ChrX,75600000,76600000,0.000022
neomexicanus_ChrX,75700000,76700000,0
neomexicanus_ChrX,75800000,76800000,0
neomexicanus_ChrX,75900000,76900000,0
neomexicanus_ChrX,76000000,77000000,0
neomexicanus_ChrX,76100000,77100000,0
neomexicanus_ChrX,76200000,77200000,0
neomexicanus_ChrX,76300000,77300000,0
neomexicanus_ChrX,76400000,77400000,0
neomexicanus_ChrX,76500000,77500000,0
neomexicanus_ChrX,76600000,77600000,0
neomexicanus_ChrX,76700000,77700000,0
neomexicanus_ChrX,76800000,77800000,0
neomexicanus_ChrX,76900000,77900000,0
neomexicanus_ChrX,77000000,78000000,0
neomexicanus_ChrX,77100000,78100000,0
neomexicanus_ChrX,77200000,78200000,0
neomexicanus_ChrX,77300000,78300000,0
neomexicanus_ChrX,77400000,78400000,0
neomexicanus_ChrX,77500000,78500000,0
neomexicanus_ChrX,77600000,78600000,0
neomexicanus_ChrX,77700000,78700000,0
neomexicanus_ChrX,77800000,78800000,0
neomexicanus_ChrX,77900000,78900000,0
neomexicanus_ChrX,78000000,79000000,0
neomexicanus_ChrX,78100000,79100000,0
neomexicanus_ChrX,78200000,79200000,0
neomexicanus_ChrX,78300000,79300000,0
neomexicanus_ChrX,78400000,79400000,0
neomexicanus_ChrX,78500000,79500000,0
neomexicanus_ChrX,78600000,79600000,0
neomexicanus_ChrX,78700000,79700000,0
neomexicanus_ChrX,78800000,79800000,0
neomexicanus_ChrX,78900000,79900000,0
neomexicanus_ChrX,79000000,80000000,0
neomexicanus_ChrX,79100000,80100000,0.000022
neomexicanus_ChrX,79200000,80200000,0.000022
neomexicanus_ChrX,79300000,80300000,0.000022
neomexicanus_ChrX,79400000,80400000,0.000022
neomexicanus_ChrX,79500000,80500000,0.000022
neomexicanus_ChrX,79600000,80600000,0.000022
neomexicanus_ChrX,79700000,80700000,0.000022
neomexicanus_ChrX,79800000,80800000,0.000022
neomexicanus_ChrX,79900000,80900000,0.000022
neomexicanus_ChrX,80000000,81000000,0.000022
neomexicanus_ChrX,80100000,81100000,0
neomexicanus_ChrX,80200000,81200000,0
neomexicanus_ChrX,80300000,81300000,0
neomexicanus_ChrX,80400000,81400000,0
neomexicanus_ChrX,80500000,81500000,0
neomexicanus_ChrX,80600000,81600000,0
neomexicanus_ChrX,80700000,81700000,0
neomexicanus_ChrX,80800000,81800000,0
neomexicanus_ChrX,80900000,81900000,0
neomexicanus_ChrX,81000000,82000000,0
neomexicanus_ChrX,81100000,82100000,0
neomexicanus_ChrX,81200000,82200000,0
neomexicanus_ChrX,81300000,82300000,0
neomexicanus_ChrX,81400000,82400000,0
neomexicanus_ChrX,81500000,82500000,0
neomexicanus_ChrX,81600000,82600000,0
neomexicanus_ChrX,81700000,82700000,0
neomexicanus_ChrX,81800000,82800000,0
neomexicanus_ChrX,81900000,82900000,0
neomexicanus_ChrX,82000000,83000000,0
neomexicanus_ChrX,82100000,83100000,0
neomexicanus_ChrX,82200000,83200000,0
neomexicanus_ChrX,82300000,83300000,0
neomexicanus_ChrX,82400000,83400000,0
neomexicanus_ChrX,82500000,83500000,0
neomexicanus_ChrX,82600000,83600000,0
neomexicanus_ChrX,82700000,83700000,0
neomexicanus_ChrX,82800000,83800000,0
neomexicanus_ChrX,82900000,83900000,0
neomexicanus_ChrX,83000000,84000000,0
neomexicanus_ChrX,83100000,84100000,0
neomexicanus_ChrX,83200000,84200000,0
neomexicanus_ChrX,83300000,84300000,0
neomexicanus_ChrX,83400000,84400000,0
neomexicanus_ChrX,83500000,84500000,0
neomexicanus_ChrX,83600000,84600000,0
neomexicanus_ChrX,83700000,84700000,0
neomexicanus_ChrX,83800000,84800000,0
neomexicanus_ChrX,83900000,84900000,0
neomexicanus_ChrX,84000000,85000000,0
neomexicanus_ChrX,84100000,85100000,0
neomexicanus_ChrX,84200000,85200000,0
neomexicanus_ChrX,84300000,85300000,0
neomexicanus_ChrX,84400000,85400000,0
neomexicanus_ChrX,84500000,85500000,0
neomexicanus_ChrX,84600000,85600000,0
neomexicanus_ChrX,84700000,85700000,0
neomexicanus_ChrX,84800000,85800000,0
neomexicanus_ChrX,84900000,85900000,0
neomexicanus_ChrX,85000000,86000000,0
neomexicanus_ChrX,85100000,86100000,0
neomexicanus_ChrX,85200000,86200000,0
neomexicanus_ChrX,85300000,86300000,0
neomexicanus_ChrX,85400000,86400000,0
neomexicanus_ChrX,85500000,86500000,0
neomexicanus_ChrX,85600000,86600000,0
neomexicanus_ChrX,85700000,86700000,0
neomexicanus_ChrX,85800000,86800000,0.000023
neomexicanus_ChrX,85900000,86900000,0.000023
neomexicanus_ChrX,86000000,87000000,0.000023
neomexicanus_ChrX,86100000,87100000,0.000023
neomexicanus_ChrX,86200000,87200000,0.000023
neomexicanus_ChrX,86300000,87300000,0.000023
neomexicanus_ChrX,86400000,87400000,0.000117
neomexicanus_ChrX,86500000,87500000,0.000117
neomexicanus_ChrX,86600000,87600000,0.000117
neomexicanus_ChrX,86700000,87700000,0.000117
neomexicanus_ChrX,86800000,87800000,0.000094
neomexicanus_ChrX,86900000,87900000,0.000094
neomexicanus_ChrX,87000000,88000000,0.000094
neomexicanus_ChrX,87100000,88100000,0.000094
neomexicanus_ChrX,87200000,88200000,0.000094
neomexicanus_ChrX,87300000,88300000,0.000094
neomexicanus_ChrX,87400000,88400000,0
neomexicanus_ChrX,87500000,88500000,0
neomexicanus_ChrX,87600000,88600000,0
neomexicanus_ChrX,87700000,88700000,0
neomexicanus_ChrX,87800000,88800000,0
neomexicanus_ChrX,87900000,88900000,0
neomexicanus_ChrX,88000000,89000000,0
neomexicanus_ChrX,88100000,89100000,0
neomexicanus_ChrX,88200000,89200000,0
neomexicanus_ChrX,88300000,89300000,0
neomexicanus_ChrX,88400000,89400000,0
neomexicanus_ChrX,88500000,89500000,0
neomexicanus_ChrX,88600000,89600000,0
neomexicanus_ChrX,88700000,89700000,0
neomexicanus_ChrX,88800000,89800000,0
neomexicanus_ChrX,88900000,89900000,0
neomexicanus_ChrX,89000000,90000000,0
neomexicanus_ChrX,89100000,90100000,0
neomexicanus_ChrX,89200000,90200000,0
neomexicanus_ChrX,89300000,90300000,0
neomexicanus_ChrX,89400000,90400000,0
neomexicanus_ChrX,89500000,90500000,0
neomexicanus_ChrX,89600000,90600000,0
neomexicanus_ChrX,89700000,90700000,0
neomexicanus_ChrX,89800000,90800000,0
neomexicanus_ChrX,89900000,90900000,0.000021
neomexicanus_ChrX,90000000,91000000,0.000021
neomexicanus_ChrX,90100000,91100000,0.000021
neomexicanus_ChrX,90200000,91200000,0.000021
neomexicanus_ChrX,90300000,91300000,0.000021
neomexicanus_ChrX,90400000,91400000,0.000021
neomexicanus_ChrX,90500000,91500000,0.000021
neomexicanus_ChrX,90600000,91600000,0.000021
neomexicanus_ChrX,90700000,91700000,0.000021
neomexicanus_ChrX,90800000,91800000,0.000021
neomexicanus_ChrX,90900000,91900000,0
neomexicanus_ChrX,91000000,92000000,0
neomexicanus_ChrX,91100000,92100000,0
neomexicanus_ChrX,91200000,92200000,0
neomexicanus_ChrX,91300000,92300000,0
neomexicanus_ChrX,91400000,92400000,0
neomexicanus_ChrX,91500000,92500000,0
neomexicanus_ChrX,91600000,92600000,0
neomexicanus_ChrX,91700000,92700000,0
neomexicanus_ChrX,91800000,92800000,0
neomexicanus_ChrX,91900000,92900000,0
neomexicanus_ChrX,92000000,93000000,0
neomexicanus_ChrX,92100000,93100000,0
neomexicanus_ChrX,92200000,93200000,0
neomexicanus_ChrX,92300000,93300000,0
neomexicanus_ChrX,92400000,93400000,0
neomexicanus_ChrX,92500000,93500000,0
neomexicanus_ChrX,92600000,93600000,0
neomexicanus_ChrX,92700000,93700000,0
neomexicanus_ChrX,92800000,93800000,0
neomexicanus_ChrX,92900000,93900000,0
neomexicanus_ChrX,93000000,94000000,0
neomexicanus_ChrX,93100000,94100000,0
neomexicanus_ChrX,93200000,94200000,0
neomexicanus_ChrX,93300000,94300000,0
neomexicanus_ChrX,93400000,94400000,0
neomexicanus_ChrX,93500000,94500000,0
neomexicanus_ChrX,93600000,94600000,0
neomexicanus_ChrX,93700000,94700000,0.000022
neomexicanus_ChrX,93800000,94800000,0.000022
neomexicanus_ChrX,93900000,94900000,0.000022
neomexicanus_ChrX,94000000,95000000,0.000022
neomexicanus_ChrX,94100000,95100000,0.000022
neomexicanus_ChrX,94200000,95200000,0.000022
neomexicanus_ChrX,94300000,95300000,0.000022
neomexicanus_ChrX,94400000,95400000,0.000022
neomexicanus_ChrX,94500000,95500000,0.004784
neomexicanus_ChrX,94600000,95600000,0.004784
neomexicanus_ChrX,94700000,95700000,0.004787
neomexicanus_ChrX,94800000,95800000,0.004787
neomexicanus_ChrX,94900000,95900000,0.004787
neomexicanus_ChrX,95000000,96000000,0.004787
neomexicanus_ChrX,95100000,96100000,0.004787
neomexicanus_ChrX,95200000,96200000,0.004787
neomexicanus_ChrX,95300000,96300000,0.004787
neomexicanus_ChrX,95400000,96400000,0.004787
neomexicanus_ChrX,95500000,96500000,0.000025
neomexicanus_ChrX,95600000,96600000,0.000025
neomexicanus_ChrX,95700000,96700000,0
neomexicanus_ChrX,95800000,96800000,0.000023
neomexicanus_ChrX,95900000,96900000,0.000023
neomexicanus_ChrX,96000000,97000000,0.000023
neomexicanus_ChrX,96100000,97100000,0.000023
neomexicanus_ChrX,96200000,97200000,0.000054
neomexicanus_ChrX,96300000,97300000,0.000054
neomexicanus_ChrX,96400000,97400000,0.000054
neomexicanus_ChrX,96500000,97500000,0.000054
neomexicanus_ChrX,96600000,97600000,0.000054
neomexicanus_ChrX,96700000,97700000,0.000054
neomexicanus_ChrX,96800000,97800000,0.000031
neomexicanus_ChrX,96900000,97900000,0.000031
neomexicanus_ChrX,97000000,98000000,0.000031
neomexicanus_ChrX,97100000,98100000,0.000031
neomexicanus_ChrX,97200000,98200000,0
neomexicanus_ChrX,97300000,98300000,0
neomexicanus_ChrX,97400000,98400000,0
neomexicanus_ChrX,97500000,98500000,0
neomexicanus_ChrX,97600000,98600000,0
neomexicanus_ChrX,97700000,98700000,0
neomexicanus_ChrX,97800000,98800000,0
neomexicanus_ChrX,97900000,98900000,0
neomexicanus_ChrX,98000000,99000000,0.000023
neomexicanus_ChrX,98100000,99100000,0.00007
neomexicanus_ChrX,98200000,99200000,0.00007
neomexicanus_ChrX,98300000,99300000,0.00007
neomexicanus_ChrX,98400000,99400000,0.00007
neomexicanus_ChrX,98500000,99500000,0.00007
neomexicanus_ChrX,98600000,99600000,0.00007
neomexicanus_ChrX,98700000,99700000,0.00007
neomexicanus_ChrX,98800000,99800000,0.00007
neomexicanus_ChrX,98900000,99900000,0.00007
neomexicanus_ChrX,99000000,100000000,0.000047
neomexicanus_ChrX,99100000,100100000,0.005568
neomexicanus_ChrX,99200000,100200000,0.005568
neomexicanus_ChrX,99300000,100300000,0.005568
neomexicanus_ChrX,99400000,100400000,0.005568
neomexicanus_ChrX,99500000,100500000,0.005568
neomexicanus_ChrX,99600000,100600000,0.005568
neomexicanus_ChrX,99700000,100700000,0.005568
neomexicanus_ChrX,99800000,100800000,0.005568
neomexicanus_ChrX,99900000,100900000,0.005568
neomexicanus_ChrX,100000000,101000000,0.005568
neomexicanus_ChrX,100100000,101100000,0
neomexicanus_ChrX,100200000,101200000,0
neomexicanus_ChrX,100300000,101300000,0.000021
neomexicanus_ChrX,100400000,101400000,0.000021
neomexicanus_ChrX,100500000,101500000,0.000021
neomexicanus_ChrX,100600000,101600000,0.000021
neomexicanus_ChrX,100700000,101700000,0.000021
neomexicanus_ChrX,100800000,101800000,0.000021
neomexicanus_ChrX,100900000,101900000,0.000021
neomexicanus_ChrX,101000000,102000000,0.000021
neomexicanus_ChrX,101100000,102100000,0.000021
neomexicanus_ChrX,101200000,102200000,0.000021
neomexicanus_ChrX,101300000,102300000,0
neomexicanus_ChrX,101400000,102400000,0
neomexicanus_ChrX,101500000,102500000,0
neomexicanus_ChrX,101600000,102600000,0
neomexicanus_ChrX,101700000,102700000,0
neomexicanus_ChrX,101800000,102800000,0
neomexicanus_ChrX,101900000,102900000,0.000023
neomexicanus_ChrX,102000000,103000000,0.000023
neomexicanus_ChrX,102100000,103100000,0.000023
neomexicanus_ChrX,102200000,103200000,0.000023
neomexicanus_ChrX,102300000,103300000,0.000023
neomexicanus_ChrX,102400000,103400000,0.000023
neomexicanus_ChrX,102500000,103500000,0.000023
neomexicanus_ChrX,102600000,103600000,0.000023
neomexicanus_ChrX,102700000,103700000,0.000023
neomexicanus_ChrX,102800000,103800000,0.000023
neomexicanus_ChrX,102900000,103900000,0
neomexicanus_ChrX,103000000,104000000,0
neomexicanus_ChrX,103100000,104100000,0
neomexicanus_ChrX,103200000,104200000,0
neomexicanus_ChrX,103300000,104300000,0
neomexicanus_ChrX,103400000,104400000,0
neomexicanus_ChrX,103500000,104500000,0
neomexicanus_ChrX,103600000,104600000,0
neomexicanus_ChrX,103700000,104700000,0
neomexicanus_ChrX,103800000,104800000,0
neomexicanus_ChrX,103900000,104900000,0.000021
neomexicanus_ChrX,104000000,105000000,0.000021
neomexicanus_ChrX,104100000,105100000,0.000021
neomexicanus_ChrX,104200000,105200000,0.000021
neomexicanus_ChrX,104300000,105300000,0.000021
neomexicanus_ChrX,104400000,105400000,0.000021
neomexicanus_ChrX,104500000,105500000,0.000021
neomexicanus_ChrX,104600000,105600000,0.000021
neomexicanus_ChrX,104700000,105700000,0.000021
neomexicanus_ChrX,104800000,105800000,0.000021
neomexicanus_ChrX,104900000,105900000,0.000021
neomexicanus_ChrX,105000000,106000000,0.000021
neomexicanus_ChrX,105100000,106100000,0.000087
neomexicanus_ChrX,105200000,106200000,0.000087
neomexicanus_ChrX,105300000,106300000,0.000087
neomexicanus_ChrX,105400000,106400000,0.000087
neomexicanus_ChrX,105500000,106500000,0.000087
neomexicanus_ChrX,105600000,106600000,0.000108
neomexicanus_ChrX,105700000,106700000,0.000108
neomexicanus_ChrX,105800000,106800000,0.000108
neomexicanus_ChrX,105900000,106900000,0.000087
neomexicanus_ChrX,106000000,107000000,0.000087
neomexicanus_ChrX,106100000,107100000,0.000021
neomexicanus_ChrX,106200000,107200000,0.000021
neomexicanus_ChrX,106300000,107300000,0.000021
neomexicanus_ChrX,106400000,107400000,0.000021
neomexicanus_ChrX,106500000,107500000,0.000021
neomexicanus_ChrX,106600000,107600000,0
neomexicanus_ChrX,106700000,107700000,0.000021
neomexicanus_ChrX,106800000,107800000,0.000021
neomexicanus_ChrX,106900000,107900000,0.000021
neomexicanus_ChrX,107000000,108000000,0.000021
neomexicanus_ChrX,107100000,108100000,0.000021
neomexicanus_ChrX,107200000,108200000,0.000021
neomexicanus_ChrX,107300000,108300000,0.000021
neomexicanus_ChrX,107400000,108400000,0.000021
neomexicanus_ChrX,107500000,108500000,0.000021
neomexicanus_ChrX,107600000,108600000,0.000021
neomexicanus_ChrX,107700000,108700000,0
neomexicanus_ChrX,107800000,108800000,0
neomexicanus_ChrX,107900000,108900000,0
neomexicanus_ChrX,108000000,109000000,0
neomexicanus_ChrX,108100000,109100000,0
neomexicanus_ChrX,108200000,109200000,0
neomexicanus_ChrX,108300000,109300000,0
neomexicanus_ChrX,108400000,109400000,0
neomexicanus_ChrX,108500000,109500000,0
neomexicanus_ChrX,108600000,109600000,0
neomexicanus_ChrX,108700000,109700000,0
neomexicanus_ChrX,108800000,109800000,0
neomexicanus_ChrX,108900000,109900000,0
neomexicanus_ChrX,109000000,110000000,0
neomexicanus_ChrX,109100000,110100000,0
neomexicanus_ChrX,109200000,110200000,0
neomexicanus_ChrX,109300000,110300000,0
neomexicanus_ChrX,109400000,110400000,0
neomexicanus_ChrX,109500000,110500000,0
neomexicanus_ChrX,109600000,110600000,0
neomexicanus_ChrX,109700000,110700000,0
neomexicanus_ChrX,109800000,110800000,0
neomexicanus_ChrX,109900000,110900000,0
neomexicanus_ChrX,110000000,111000000,0.000021
neomexicanus_ChrX,110100000,111100000,0.000021
neomexicanus_ChrX,110200000,111200000,0.00008
neomexicanus_ChrX,110300000,111300000,0.00008
neomexicanus_ChrX,110400000,111400000,0.00008
neomexicanus_ChrX,110500000,111500000,0.00008
neomexicanus_ChrX,110600000,111600000,0.00008
neomexicanus_ChrX,110700000,111700000,0.00008
neomexicanus_ChrX,110800000,111800000,0.00008
neomexicanus_ChrX,110900000,111900000,0.00008
neomexicanus_ChrX,111000000,112000000,0.000059
neomexicanus_ChrX,111100000,112100000,0.00008
neomexicanus_ChrX,111200000,112200000,0.000044
neomexicanus_ChrX,111300000,112300000,0.00009
neomexicanus_ChrX,111400000,112400000,0.00009
neomexicanus_ChrX,111500000,112500000,0.000111
neomexicanus_ChrX,111600000,112600000,0.000111
neomexicanus_ChrX,111700000,112700000,0.000111
neomexicanus_ChrX,111800000,112800000,0.000111
neomexicanus_ChrX,111900000,112900000,0.000111
neomexicanus_ChrX,112000000,113000000,0.000111
neomexicanus_ChrX,112100000,113100000,0.00009
neomexicanus_ChrX,112200000,113200000,0.000067
neomexicanus_ChrX,112300000,113300000,0.000021
neomexicanus_ChrX,112400000,113400000,0.000021
neomexicanus_ChrX,112500000,113500000,0
neomexicanus_ChrX,112600000,113600000,0
neomexicanus_ChrX,112700000,113700000,0
neomexicanus_ChrX,112800000,113800000,0.000023
neomexicanus_ChrX,112900000,113900000,0.000023
neomexicanus_ChrX,113000000,114000000,0.000023
neomexicanus_ChrX,113100000,114100000,0.000023
neomexicanus_ChrX,113200000,114200000,0.000023
neomexicanus_ChrX,113300000,114300000,0.000045
neomexicanus_ChrX,113400000,114400000,0.000045
neomexicanus_ChrX,113500000,114500000,0.000045
neomexicanus_ChrX,113600000,114600000,0.000045
neomexicanus_ChrX,113700000,114700000,0.000045
neomexicanus_ChrX,113800000,114800000,0.000022
neomexicanus_ChrX,113900000,114900000,0.000022
neomexicanus_ChrX,114000000,115000000,0.000022
neomexicanus_ChrX,114100000,115100000,0.000022
neomexicanus_ChrX,114200000,115200000,0.000043
neomexicanus_ChrX,114300000,115300000,0.000021
neomexicanus_ChrX,114400000,115400000,0.000021
neomexicanus_ChrX,114500000,115500000,0.000021
neomexicanus_ChrX,114600000,115600000,0.000021
neomexicanus_ChrX,114700000,115700000,0.000063
neomexicanus_ChrX,114800000,115800000,0.000063
neomexicanus_ChrX,114900000,115900000,0.000063
neomexicanus_ChrX,115000000,116000000,0.000063
neomexicanus_ChrX,115100000,116100000,0.000063
neomexicanus_ChrX,115200000,116200000,0.000042
neomexicanus_ChrX,115300000,116300000,0.000042
neomexicanus_ChrX,115400000,116400000,0.000042
neomexicanus_ChrX,115500000,116500000,0.000042
neomexicanus_ChrX,115600000,116600000,0.000042
neomexicanus_ChrX,115700000,116700000,0
neomexicanus_ChrX,115800000,116800000,0
neomexicanus_ChrX,115900000,116900000,0
neomexicanus_ChrX,116000000,117000000,0
neomexicanus_ChrX,116100000,117100000,0
neomexicanus_ChrX,116200000,117200000,0.000022
neomexicanus_ChrX,116300000,117300000,0.000022
neomexicanus_ChrX,116400000,117400000,0.000022
neomexicanus_ChrX,116500000,117500000,0.000022
neomexicanus_ChrX,116600000,117600000,0.000022
neomexicanus_ChrX,116700000,117700000,0.000022
neomexicanus_ChrX,116800000,117800000,0.000022
neomexicanus_ChrX,116900000,117900000,0.000022
neomexicanus_ChrX,117000000,118000000,0.000022
neomexicanus_ChrX,117100000,118100000,0.000022
neomexicanus_ChrX,117200000,118200000,0
neomexicanus_ChrX,117300000,118300000,0
neomexicanus_ChrX,117400000,118400000,0
neomexicanus_ChrX,117500000,118500000,0
neomexicanus_ChrX,117600000,118600000,0.000022
neomexicanus_ChrX,117700000,118700000,0.000022
neomexicanus_ChrX,117800000,118800000,0.000022
neomexicanus_ChrX,117900000,118900000,0.000022
neomexicanus_ChrX,118000000,119000000,0.000022
neomexicanus_ChrX,118100000,119100000,0.000022
neomexicanus_ChrX,118200000,119200000,0.000022
neomexicanus_ChrX,118300000,119300000,0.000044
neomexicanus_ChrX,118400000,119400000,0.000065
neomexicanus_ChrX,118500000,119500000,0.000065
neomexicanus_ChrX,118600000,119600000,0.000043
neomexicanus_ChrX,118700000,119700000,0.000043
neomexicanus_ChrX,118800000,119800000,0.000043
neomexicanus_ChrX,118900000,119900000,0.000043
neomexicanus_ChrX,119000000,120000000,0.000043
neomexicanus_ChrX,119100000,120100000,0.000043
neomexicanus_ChrX,119200000,120200000,0.000043
neomexicanus_ChrX,119300000,120300000,0.000021
neomexicanus_ChrX,119400000,120400000,0
neomexicanus_ChrX,119500000,120500000,0
neomexicanus_ChrX,119600000,120600000,0
neomexicanus_ChrX,119700000,120700000,0
neomexicanus_ChrX,119800000,120800000,0
neomexicanus_ChrX,119900000,120900000,0
neomexicanus_ChrX,120000000,121000000,0
neomexicanus_ChrX,120100000,121100000,0
neomexicanus_ChrX,120200000,121200000,0
neomexicanus_ChrX,120300000,121300000,0
neomexicanus_ChrX,120400000,121400000,0
neomexicanus_ChrX,120500000,121500000,0
neomexicanus_ChrX,120600000,121600000,0.000021
neomexicanus_ChrX,120700000,121700000,0.000021
neomexicanus_ChrX,120800000,121800000,0.000042
neomexicanus_ChrX,120900000,121900000,0.000042
neomexicanus_ChrX,121000000,122000000,0.000042
neomexicanus_ChrX,121100000,122100000,0.000042
neomexicanus_ChrX,121200000,122200000,0.000042
neomexicanus_ChrX,121300000,122300000,0.000042
neomexicanus_ChrX,121400000,122400000,0.000042
neomexicanus_ChrX,121500000,122500000,0.000042
neomexicanus_ChrX,121600000,122600000,0.000021
neomexicanus_ChrX,121700000,122700000,0.000021
neomexicanus_ChrX,121800000,122800000,0
neomexicanus_ChrX,121900000,122900000,0
neomexicanus_ChrX,122000000,123000000,0
neomexicanus_ChrX,122100000,123100000,0
neomexicanus_ChrX,122200000,123200000,0
neomexicanus_ChrX,122300000,123300000,0
neomexicanus_ChrX,122400000,123400000,0
neomexicanus_ChrX,122500000,123500000,0
neomexicanus_ChrX,122600000,123600000,0
neomexicanus_ChrX,122700000,123700000,0
neomexicanus_ChrX,122800000,123800000,0
neomexicanus_ChrX,122900000,123900000,0
neomexicanus_ChrX,123000000,124000000,0
neomexicanus_ChrX,123100000,124100000,0
neomexicanus_ChrX,123200000,124200000,0
neomexicanus_ChrX,123300000,124300000,0
neomexicanus_ChrX,123400000,124400000,0
neomexicanus_ChrX,123500000,124500000,0
neomexicanus_ChrX,123600000,124600000,0
neomexicanus_ChrX,123700000,124700000,0.000023
neomexicanus_ChrX,123800000,124800000,0.000023
neomexicanus_ChrX,123900000,124900000,0.000023
neomexicanus_ChrX,124000000,125000000,0.000023
neomexicanus_ChrX,124100000,125100000,0.000079
neomexicanus_ChrX,124200000,125200000,0.000079
neomexicanus_ChrX,124300000,125300000,0.000079
neomexicanus_ChrX,124400000,125400000,0.000079
neomexicanus_ChrX,124500000,125500000,0.000079
neomexicanus_ChrX,124600000,125600000,0.000079
neomexicanus_ChrX,124700000,125700000,0.000056
neomexicanus_ChrX,124800000,125800000,0.000056
neomexicanus_ChrX,124900000,125900000,0.000056
neomexicanus_ChrX,125000000,126000000,0.000056
neomexicanus_ChrX,125100000,126100000,0
neomexicanus_ChrX,125200000,126200000,0
neomexicanus_ChrX,125300000,126300000,0
neomexicanus_ChrX,125400000,126400000,0
neomexicanus_ChrX,125500000,126500000,0
neomexicanus_ChrX,125600000,126600000,0
neomexicanus_ChrX,125700000,126700000,0
neomexicanus_ChrX,125800000,126800000,0
neomexicanus_ChrX,125900000,126900000,0
neomexicanus_ChrX,126000000,127000000,0
neomexicanus_ChrX,126100000,127100000,0
neomexicanus_ChrX,126200000,127200000,0
neomexicanus_ChrX,126300000,127300000,0
neomexicanus_ChrX,126400000,127400000,0
neomexicanus_ChrX,126500000,127500000,0.000025
neomexicanus_ChrX,126600000,127600000,0.000025
neomexicanus_ChrX,126700000,127700000,0.000025
neomexicanus_ChrX,126800000,127800000,0.000025
neomexicanus_ChrX,126900000,127900000,0.000025
neomexicanus_ChrX,127000000,128000000,0.000025
neomexicanus_ChrX,127100000,128100000,0.000025
neomexicanus_ChrX,127200000,128200000,0.000047
neomexicanus_ChrX,127300000,128300000,0.000047
neomexicanus_ChrX,127400000,128400000,0.000047
neomexicanus_ChrX,127500000,128500000,0.000022
neomexicanus_ChrX,127600000,128600000,0.000022
neomexicanus_ChrX,127700000,128700000,0.000022
neomexicanus_ChrX,127800000,128800000,0.000022
neomexicanus_ChrX,127900000,128900000,0.000022
neomexicanus_ChrX,128000000,129000000,0.000022
neomexicanus_ChrX,128100000,129100000,0.000022
neomexicanus_ChrX,128200000,129200000,0
neomexicanus_ChrX,128300000,129300000,0
neomexicanus_ChrX,128400000,129400000,0
neomexicanus_ChrX,128500000,129500000,0
neomexicanus_ChrX,128600000,129600000,0
neomexicanus_ChrX,128700000,129700000,0
neomexicanus_ChrX,128800000,129800000,0
neomexicanus_ChrX,128900000,129900000,0
neomexicanus_ChrX,129000000,130000000,0
neomexicanus_ChrX,129100000,130100000,0
neomexicanus_ChrX,129200000,130200000,0
neomexicanus_ChrX,129300000,130300000,0
neomexicanus_ChrX,129400000,130400000,0
neomexicanus_ChrX,129500000,130500000,0
neomexicanus_ChrX,129600000,130600000,0
neomexicanus_ChrX,129700000,130700000,0
neomexicanus_ChrX,129800000,130800000,0
neomexicanus_ChrX,129900000,130900000,0
neomexicanus_ChrX,130000000,131000000,0
neomexicanus_ChrX,130100000,131100000,0
neomexicanus_ChrX,130200000,131200000,0
neomexicanus_ChrX,130300000,131300000,0
neomexicanus_ChrX,130400000,131400000,0
neomexicanus_ChrX,130500000,131500000,0
neomexicanus_ChrX,130600000,131600000,0
neomexicanus_ChrX,130700000,131700000,0
neomexicanus_ChrX,130800000,131800000,0
neomexicanus_ChrX,130900000,131900000,0
neomexicanus_ChrX,131000000,132000000,0
neomexicanus_ChrX,131100000,132100000,0
neomexicanus_ChrX,131200000,132200000,0.000026
neomexicanus_ChrX,131300000,132300000,0.000026
neomexicanus_ChrX,131400000,132400000,0.000026
neomexicanus_ChrX,131500000,132500000,0.000026
neomexicanus_ChrX,131600000,132600000,0.000026
neomexicanus_ChrX,131700000,132700000,0.000026
neomexicanus_ChrX,131800000,132800000,0.000026
neomexicanus_ChrX,131900000,132900000,0.000026
neomexicanus_ChrX,132000000,133000000,0.000026
neomexicanus_ChrX,132100000,133100000,0.000026
neomexicanus_ChrX,132200000,133200000,0
neomexicanus_ChrX,132300000,133300000,0
neomexicanus_ChrX,132400000,133400000,0
neomexicanus_ChrX,132500000,133500000,0
neomexicanus_ChrX,132600000,133600000,0
neomexicanus_ChrX,132700000,133700000,0
neomexicanus_ChrX,132800000,133800000,0
neomexicanus_ChrX,132900000,133900000,0
neomexicanus_ChrX,133000000,134000000,0
neomexicanus_ChrX,133100000,134100000,0
neomexicanus_ChrX,133200000,134200000,0
neomexicanus_ChrX,133300000,134300000,0
neomexicanus_ChrX,133400000,134400000,0
neomexicanus_ChrX,133500000,134500000,0
neomexicanus_ChrX,133600000,134600000,0
neomexicanus_ChrX,133700000,134700000,0
neomexicanus_ChrX,133800000,134800000,0
neomexicanus_ChrX,133900000,134900000,0
neomexicanus_ChrX,134000000,135000000,0
neomexicanus_ChrX,134100000,135100000,0.000022
neomexicanus_ChrX,134200000,135200000,0.000022
neomexicanus_ChrX,134300000,135300000,0.000022
neomexicanus_ChrX,134400000,135400000,0.000022
neomexicanus_ChrX,134500000,135500000,0.000044
neomexicanus_ChrX,134600000,135600000,0.000044
neomexicanus_ChrX,134700000,135700000,0.000044
neomexicanus_ChrX,134800000,135800000,0.000044
neomexicanus_ChrX,134900000,135900000,0.000044
neomexicanus_ChrX,135000000,136000000,0.000044
neomexicanus_ChrX,135100000,136100000,0.000022
neomexicanus_ChrX,135200000,136200000,0.000022
neomexicanus_ChrX,135300000,136300000,0.000022
neomexicanus_ChrX,135400000,136400000,0.000022
neomexicanus_ChrX,135500000,136500000,0
neomexicanus_ChrX,135600000,136600000,0
neomexicanus_ChrX,135700000,136700000,0
neomexicanus_ChrX,135800000,136800000,0
neomexicanus_ChrX,135900000,136900000,0
neomexicanus_ChrX,136000000,137000000,0
neomexicanus_ChrX,136100000,137100000,0
neomexicanus_ChrX,136200000,137200000,0
neomexicanus_ChrX,136300000,137300000,0
neomexicanus_ChrX,136400000,137400000,0
neomexicanus_ChrX,136500000,137500000,0
neomexicanus_ChrX,136600000,137600000,0
neomexicanus_ChrX,136700000,137700000,0
neomexicanus_ChrX,136800000,137800000,0
neomexicanus_ChrX,136900000,137900000,0
neomexicanus_ChrX,137000000,138000000,0
neomexicanus_ChrX,137100000,138100000,0
neomexicanus_ChrX,137200000,138200000,0
neomexicanus_ChrX,137300000,138300000,0
neomexicanus_ChrX,137400000,138400000,0
neomexicanus_ChrX,137500000,138500000,0
neomexicanus_ChrX,137600000,138600000,0.000021
neomexicanus_ChrX,137700000,138700000,0.000042
neomexicanus_ChrX,137800000,138800000,0.000042
neomexicanus_ChrX,137900000,138900000,0.000042
neomexicanus_ChrX,138000000,139000000,0.000042
neomexicanus_ChrX,138100000,139100000,0.000042
neomexicanus_ChrX,138200000,139200000,0.000042
neomexicanus_ChrX,138300000,139300000,0.000042
neomexicanus_ChrX,138400000,139400000,0.000042
neomexicanus_ChrX,138500000,139500000,0.000042
neomexicanus_ChrX,138600000,139600000,0.000021
neomexicanus_ChrX,138700000,139700000,0
neomexicanus_ChrX,138800000,139800000,0
neomexicanus_ChrX,138900000,139900000,0
neomexicanus_ChrX,139000000,140000000,0
neomexicanus_ChrX,139100000,140100000,0
neomexicanus_ChrX,139200000,140200000,0
neomexicanus_ChrX,139300000,140300000,0
neomexicanus_ChrX,139400000,140400000,0
neomexicanus_ChrX,139500000,140500000,0
neomexicanus_ChrX,139600000,140600000,0
neomexicanus_ChrX,139700000,140700000,0
neomexicanus_ChrX,139800000,140800000,0
neomexicanus_ChrX,139900000,140900000,0
neomexicanus_ChrX,140000000,141000000,0
neomexicanus_ChrX,140100000,141100000,0
neomexicanus_ChrX,140200000,141200000,0
neomexicanus_ChrX,140300000,141300000,0
neomexicanus_ChrX,140400000,141400000,0
neomexicanus_ChrX,140500000,141500000,0
neomexicanus_ChrX,140600000,141600000,0
neomexicanus_ChrX,140700000,141700000,0
neomexicanus_ChrX,140800000,141800000,0
neomexicanus_ChrX,140900000,141900000,0
neomexicanus_ChrX,141000000,142000000,0
neomexicanus_ChrX,141100000,142100000,0
neomexicanus_ChrX,141200000,142200000,0
neomexicanus_ChrX,141300000,142300000,0
neomexicanus_ChrX,141400000,142400000,0.000022
neomexicanus_ChrX,141500000,142500000,0.000022
neomexicanus_ChrX,141600000,142600000,0.000022
neomexicanus_ChrX,141700000,142700000,0.000022
neomexicanus_ChrX,141800000,142800000,0.000022
neomexicanus_ChrX,141900000,142900000,0.000022
neomexicanus_ChrX,142000000,143000000,0.000022
neomexicanus_ChrX,142100000,143100000,0.000022
neomexicanus_ChrX,142200000,143200000,0.000043
neomexicanus_ChrX,142300000,143300000,0.000043
neomexicanus_ChrX,142400000,143400000,0.000021
neomexicanus_ChrX,142500000,143500000,0.000021
neomexicanus_ChrX,142600000,143600000,0.000021
neomexicanus_ChrX,142700000,143700000,0.000021
neomexicanus_ChrX,142800000,143800000,0.000021
neomexicanus_ChrX,142900000,143900000,0.000021
neomexicanus_ChrX,143000000,144000000,0.000021
neomexicanus_ChrX,143100000,144100000,0.000021
neomexicanus_ChrX,143200000,144200000,0
neomexicanus_ChrX,143300000,144300000,0
neomexicanus_ChrX,143400000,144400000,0
neomexicanus_ChrX,143500000,144500000,0
neomexicanus_ChrX,143600000,144600000,0
neomexicanus_ChrX,143700000,144700000,0
neomexicanus_ChrX,143800000,144800000,0
neomexicanus_ChrX,143900000,144900000,0
neomexicanus_ChrX,144000000,145000000,0
neomexicanus_ChrX,144100000,145100000,0
neomexicanus_ChrX,144200000,145200000,0
neomexicanus_ChrX,144300000,145300000,0
neomexicanus_ChrX,144400000,145400000,0
neomexicanus_ChrX,144500000,145500000,0
neomexicanus_ChrX,144600000,145600000,0
neomexicanus_ChrX,144700000,145700000,0
neomexicanus_ChrX,144800000,145800000,0
neomexicanus_ChrX,144900000,145900000,0
neomexicanus_ChrX,145000000,146000000,0
neomexicanus_ChrX,145100000,146100000,0
neomexicanus_ChrX,145200000,146200000,0
neomexicanus_ChrX,145300000,146300000,0
neomexicanus_ChrX,145400000,146400000,0
neomexicanus_ChrX,145500000,146500000,0
neomexicanus_ChrX,145600000,146600000,0
neomexicanus_ChrX,145700000,146700000,0
neomexicanus_ChrX,145800000,146800000,0
neomexicanus_ChrX,145900000,146900000,0
neomexicanus_ChrX,146000000,147000000,0
neomexicanus_ChrX,146100000,147100000,0
neomexicanus_ChrX,146200000,147200000,0
neomexicanus_ChrX,146300000,147300000,0
neomexicanus_ChrX,146400000,147400000,0
neomexicanus_ChrX,146500000,147500000,0
neomexicanus_ChrX,146600000,147600000,0
neomexicanus_ChrX,146700000,147700000,0
neomexicanus_ChrX,146800000,147800000,0
neomexicanus_ChrX,146900000,147900000,0
neomexicanus_ChrX,147000000,148000000,0
neomexicanus_ChrX,147100000,148100000,0
neomexicanus_ChrX,147200000,148200000,0
neomexicanus_ChrX,147300000,148300000,0
neomexicanus_ChrX,147400000,148400000,0
neomexicanus_ChrX,147500000,148500000,0
neomexicanus_ChrX,147600000,148600000,0
neomexicanus_ChrX,147700000,148700000,0
neomexicanus_ChrX,147800000,148800000,0
neomexicanus_ChrX,147900000,148900000,0
neomexicanus_ChrX,148000000,149000000,0
neomexicanus_ChrX,148100000,149100000,0
neomexicanus_ChrX,148200000,149200000,0
neomexicanus_ChrX,148300000,149300000,0
neomexicanus_ChrX,148400000,149400000,0
neomexicanus_ChrX,148500000,149500000,0
neomexicanus_ChrX,148600000,149600000,0.000021
neomexicanus_ChrX,148700000,149700000,0.000021
neomexicanus_ChrX,148800000,149800000,0.000021
neomexicanus_ChrX,148900000,149900000,0.000021
neomexicanus_ChrX,149000000,150000000,0.000021
neomexicanus_ChrX,149100000,150100000,0.000021
neomexicanus_ChrX,149200000,150200000,0.000021
neomexicanus_ChrX,149300000,150300000,0.000021
neomexicanus_ChrX,149400000,150400000,0.000021
neomexicanus_ChrX,149500000,150500000,0.000021
neomexicanus_ChrX,149600000,150600000,0
neomexicanus_ChrX,149700000,150700000,0
neomexicanus_ChrX,149800000,150800000,0
neomexicanus_ChrX,149900000,150900000,0
neomexicanus_ChrX,150000000,151000000,0
neomexicanus_ChrX,150100000,151100000,0
neomexicanus_ChrX,150200000,151200000,0
neomexicanus_ChrX,150300000,151300000,0
neomexicanus_ChrX,150400000,151400000,0
neomexicanus_ChrX,150500000,151500000,0.000021
neomexicanus_ChrX,150600000,151600000,0.000021
neomexicanus_ChrX,150700000,151700000,0.000021
neomexicanus_ChrX,150800000,151800000,0.000021
neomexicanus_ChrX,150900000,151900000,0.000021
neomexicanus_ChrX,151000000,152000000,0.000021
neomexicanus_ChrX,151100000,152100000,0.000021
neomexicanus_ChrX,151200000,152200000,0.000021
neomexicanus_ChrX,151300000,152300000,0.000021
neomexicanus_ChrX,151400000,152400000,0.000021
neomexicanus_ChrX,151500000,152500000,0
neomexicanus_ChrX,151600000,152600000,0
neomexicanus_ChrX,151700000,152700000,0
neomexicanus_ChrX,151800000,152800000,0
neomexicanus_ChrX,151900000,152900000,0
neomexicanus_ChrX,152000000,153000000,0
neomexicanus_ChrX,152100000,153100000,0
neomexicanus_ChrX,152200000,153200000,0
neomexicanus_ChrX,152300000,153300000,0
neomexicanus_ChrX,152400000,153400000,0
neomexicanus_ChrX,152500000,153500000,0
neomexicanus_ChrX,152600000,153600000,0
neomexicanus_ChrX,152700000,153700000,0
neomexicanus_ChrX,152800000,153800000,0
neomexicanus_ChrX,152900000,153900000,0
neomexicanus_ChrX,153000000,154000000,0
neomexicanus_ChrX,153100000,154100000,0
neomexicanus_ChrX,153200000,154200000,0
neomexicanus_ChrX,153300000,154300000,0
neomexicanus_ChrX,153400000,154400000,0
neomexicanus_ChrX,153500000,154500000,0
neomexicanus_ChrX,153600000,154600000,0
neomexicanus_ChrX,153700000,154700000,0
neomexicanus_ChrX,153800000,154800000,0
neomexicanus_ChrX,153900000,154900000,0
neomexicanus_ChrX,154000000,155000000,0
neomexicanus_ChrX,154100000,155100000,0
neomexicanus_ChrX,154200000,155200000,0
neomexicanus_ChrX,154300000,155300000,0
neomexicanus_ChrX,154400000,155400000,0
neomexicanus_ChrX,154500000,155500000,0
neomexicanus_ChrX,154600000,155600000,0
neomexicanus_ChrX,154700000,155700000,0
neomexicanus_ChrX,154800000,155800000,0
neomexicanus_ChrX,154900000,155900000,0
neomexicanus_ChrX,155000000,156000000,0
neomexicanus_ChrX,155100000,156100000,0
neomexicanus_ChrX,155200000,156200000,0
neomexicanus_ChrX,155300000,156300000,0
neomexicanus_ChrX,155400000,156400000,0
neomexicanus_ChrX,155500000,156500000,0
neomexicanus_ChrX,155600000,156600000,0
neomexicanus_ChrX,155700000,156700000,0
neomexicanus_ChrX,155800000,156800000,0
neomexicanus_ChrX,155900000,156900000,0
neomexicanus_ChrX,156000000,157000000,0
neomexicanus_ChrX,156100000,157100000,0
neomexicanus_ChrX,156200000,157200000,0
neomexicanus_ChrX,156300000,157300000,0
neomexicanus_ChrX,156400000,157400000,0
neomexicanus_ChrX,156500000,157500000,0
neomexicanus_ChrX,156600000,157600000,0
neomexicanus_ChrX,156700000,157700000,0
neomexicanus_ChrX,156800000,157800000,0
neomexicanus_ChrX,156900000,157900000,0
neomexicanus_ChrX,157000000,158000000,0
neomexicanus_ChrX,157100000,158100000,0
neomexicanus_ChrX,157200000,158200000,0
neomexicanus_ChrX,157300000,158300000,0
neomexicanus_ChrX,157400000,158400000,0
neomexicanus_ChrX,157500000,158500000,0
neomexicanus_ChrX,157600000,158600000,0
neomexicanus_ChrX,157700000,158700000,0
neomexicanus_ChrX,157800000,158800000,0
neomexicanus_ChrX,157900000,158900000,0.000021
neomexicanus_ChrX,158000000,159000000,0.000021
neomexicanus_ChrX,158100000,159100000,0.000021
neomexicanus_ChrX,158200000,159200000,0.000021
neomexicanus_ChrX,158300000,159300000,0.000021
neomexicanus_ChrX,158400000,159400000,0.000021
neomexicanus_ChrX,158500000,159500000,0.000021
neomexicanus_ChrX,158600000,159600000,0.000021
neomexicanus_ChrX,158700000,159700000,0.000021
neomexicanus_ChrX,158800000,159800000,0.000049
neomexicanus_ChrX,158900000,159900000,0.000028
neomexicanus_ChrX,159000000,160000000,0.000028
neomexicanus_ChrX,159100000,160100000,0.000028
neomexicanus_ChrX,159200000,160200000,0.000028
neomexicanus_ChrX,159300000,160300000,0.000028
neomexicanus_ChrX,159400000,160400000,0.000028
neomexicanus_ChrX,159500000,160500000,0.000028
neomexicanus_ChrX,159600000,160600000,0.000028
neomexicanus_ChrX,159700000,160700000,0.000028
neomexicanus_ChrX,159800000,160800000,0
neomexicanus_ChrX,159900000,160900000,0
neomexicanus_ChrX,160000000,161000000,0
neomexicanus_ChrX,160100000,161100000,0
neomexicanus_ChrX,160200000,161200000,0
neomexicanus_ChrX,160300000,161300000,0
neomexicanus_ChrX,160400000,161400000,0
neomexicanus_ChrX,160500000,161500000,0
neomexicanus_ChrX,160600000,161600000,0
neomexicanus_ChrX,160700000,161700000,0
neomexicanus_ChrX,160800000,161800000,0
neomexicanus_ChrX,160900000,161900000,0
neomexicanus_ChrX,161000000,162000000,0
neomexicanus_ChrX,161100000,162100000,0
neomexicanus_ChrX,161200000,162200000,0
neomexicanus_ChrX,161300000,162300000,0.000021
neomexicanus_ChrX,161400000,162400000,0.000021
neomexicanus_ChrX,161500000,162500000,0.000021
neomexicanus_ChrX,161600000,162600000,0.000021
neomexicanus_ChrX,161700000,162700000,0.000021
neomexicanus_ChrX,161800000,162800000,0.000021
neomexicanus_ChrX,161900000,162900000,0.000021
neomexicanus_ChrX,162000000,163000000,0.000021
neomexicanus_ChrX,162100000,163100000,0.000021
neomexicanus_ChrX,162200000,163200000,0.000021
neomexicanus_ChrX,162300000,163300000,0
neomexicanus_ChrX,162400000,163400000,0
neomexicanus_ChrX,162500000,163500000,0
neomexicanus_ChrX,162600000,163600000,0
neomexicanus_ChrX,162700000,163700000,0
neomexicanus_ChrX,162800000,163800000,0
neomexicanus_ChrX,162900000,163900000,0
neomexicanus_ChrX,163000000,164000000,0
neomexicanus_ChrX,163100000,164100000,0
neomexicanus_ChrX,163200000,164200000,0
neomexicanus_ChrX,163300000,164300000,0
neomexicanus_ChrX,163400000,164400000,0
neomexicanus_ChrX,163500000,164500000,0
neomexicanus_ChrX,163600000,164600000,0
neomexicanus_ChrX,163700000,164700000,0
neomexicanus_ChrX,163800000,164800000,0
neomexicanus_ChrX,163900000,164900000,0
neomexicanus_ChrX,164000000,165000000,0
neomexicanus_ChrX,164100000,165100000,0
neomexicanus_ChrX,164200000,165200000,0.000028
neomexicanus_ChrX,164300000,165300000,0.000028
neomexicanus_ChrX,164400000,165400000,0.000028
neomexicanus_ChrX,164500000,165500000,0.000028
neomexicanus_ChrX,164600000,165600000,0.000028
neomexicanus_ChrX,164700000,165700000,0.000028
neomexicanus_ChrX,164800000,165800000,0.000028
neomexicanus_ChrX,164900000,165900000,0.000028
neomexicanus_ChrX,165000000,166000000,0.000028
neomexicanus_ChrX,165100000,166100000,0.000049
neomexicanus_ChrX,165200000,166200000,0.000021
neomexicanus_ChrX,165300000,166300000,0.000042
neomexicanus_ChrX,165400000,166400000,0.000042
neomexicanus_ChrX,165500000,166500000,0.000042
neomexicanus_ChrX,165600000,166600000,0.000042
neomexicanus_ChrX,165700000,166700000,0.000042
neomexicanus_ChrX,165800000,166800000,0.000042
neomexicanus_ChrX,165900000,166900000,0.000042
neomexicanus_ChrX,166000000,167000000,0.000042
neomexicanus_ChrX,166100000,167100000,0.000021
neomexicanus_ChrX,166200000,167200000,0.000021
neomexicanus_ChrX,166300000,167300000,0
neomexicanus_ChrX,166400000,167400000,0
neomexicanus_ChrX,166500000,167500000,0
neomexicanus_ChrX,166600000,167600000,0
neomexicanus_ChrX,166700000,167700000,0
neomexicanus_ChrX,166800000,167800000,0
neomexicanus_ChrX,166900000,167900000,0
neomexicanus_ChrX,167000000,168000000,0
neomexicanus_ChrX,167100000,168100000,0.000025
neomexicanus_ChrX,167200000,168200000,0.000025
neomexicanus_ChrX,167300000,168300000,0.000025
neomexicanus_ChrX,167400000,168400000,0.000025
neomexicanus_ChrX,167500000,168500000,0.000025
neomexicanus_ChrX,167600000,168600000,0.000025
neomexicanus_ChrX,167700000,168700000,0.000025
neomexicanus_ChrX,167800000,168800000,0.000025
neomexicanus_ChrX,167900000,168900000,0.000025
neomexicanus_ChrX,168000000,169000000,0.000025
neomexicanus_ChrX,168100000,169100000,0
neomexicanus_ChrX,168200000,169200000,0
neomexicanus_ChrX,168300000,169300000,0
neomexicanus_ChrX,168400000,169400000,0
neomexicanus_ChrX,168500000,169500000,0.000021
neomexicanus_ChrX,168600000,169600000,0.000021
neomexicanus_ChrX,168700000,169700000,0.000021
neomexicanus_ChrX,168800000,169800000,0.000021
neomexicanus_ChrX,168900000,169900000,0.000021
neomexicanus_ChrX,169000000,170000000,0.000021
neomexicanus_ChrX,169100000,170100000,0.000021
neomexicanus_ChrX,169200000,170200000,0.000021
neomexicanus_ChrX,169300000,170300000,0.000021
neomexicanus_ChrX,169400000,170400000,0.000021
neomexicanus_ChrX,169500000,170500000,0.000021
neomexicanus_ChrX,169600000,170600000,0.000021
neomexicanus_ChrX,169700000,170700000,0.000021
neomexicanus_ChrX,169800000,170800000,0.000044
neomexicanus_ChrX,169900000,170900000,0.000044
neomexicanus_ChrX,170000000,171000000,0.000044
neomexicanus_ChrX,170100000,171100000,0.000044
neomexicanus_ChrX,170200000,171200000,0.000044
neomexicanus_ChrX,170300000,171300000,0.000044
neomexicanus_ChrX,170400000,171400000,0.000044
neomexicanus_ChrX,170500000,171500000,0.000023
neomexicanus_ChrX,170600000,171600000,0.000023
neomexicanus_ChrX,170700000,171700000,0.000023
neomexicanus_ChrX,170800000,171800000,0
neomexicanus_ChrX,170900000,171900000,0
neomexicanus_ChrX,171000000,172000000,0.000022
neomexicanus_ChrX,171100000,172100000,0.000022
neomexicanus_ChrX,171200000,172200000,0.000022
neomexicanus_ChrX,171300000,172300000,0.000043
neomexicanus_ChrX,171400000,172400000,0.000043
neomexicanus_ChrX,171500000,172500000,0.000043
neomexicanus_ChrX,171600000,172600000,0.000043
neomexicanus_ChrX,171700000,172700000,0.000064
neomexicanus_ChrX,171800000,172800000,0.000064
neomexicanus_ChrX,171900000,172900000,0.000064
neomexicanus_ChrX,172000000,173000000,0.000042
neomexicanus_ChrX,172100000,173100000,0.000042
neomexicanus_ChrX,172200000,173200000,0.000042
neomexicanus_ChrX,172300000,173300000,0.000021
neomexicanus_ChrX,172400000,173400000,0.000021
neomexicanus_ChrX,172500000,173500000,0.000021
neomexicanus_ChrX,172600000,173600000,0.000021
neomexicanus_ChrX,172700000,173700000,0
neomexicanus_ChrX,172800000,173800000,0
neomexicanus_ChrX,172900000,173900000,0
neomexicanus_ChrX,173000000,174000000,0
neomexicanus_ChrX,173100000,174100000,0
neomexicanus_ChrX,173200000,174200000,0
neomexicanus_ChrX,173300000,174300000,0
neomexicanus_ChrX,173400000,174400000,0
neomexicanus_ChrX,173500000,174500000,0
neomexicanus_ChrX,173600000,174600000,0
neomexicanus_ChrX,173700000,174700000,0
neomexicanus_ChrX,173800000,174800000,0
neomexicanus_ChrX,173900000,174900000,0
neomexicanus_ChrX,174000000,175000000,0
neomexicanus_ChrX,174100000,175100000,0
neomexicanus_ChrX,174200000,175200000,0.000093
neomexicanus_ChrX,174300000,175300000,0.000093
neomexicanus_ChrX,174400000,175400000,0.000093
neomexicanus_ChrX,174500000,175500000,0.000093
neomexicanus_ChrX,174600000,175600000,0.000093
neomexicanus_ChrX,174700000,175700000,0.000093
neomexicanus_ChrX,174800000,175800000,0.000093
neomexicanus_ChrX,174900000,175900000,0.000093
neomexicanus_ChrX,175000000,176000000,0.000093
neomexicanus_ChrX,175100000,176100000,0.000093
neomexicanus_ChrX,175200000,176200000,0
neomexicanus_ChrX,175300000,176300000,0
neomexicanus_ChrX,175400000,176400000,0
neomexicanus_ChrX,175500000,176500000,0
neomexicanus_ChrX,175600000,176600000,0
neomexicanus_ChrX,175700000,176700000,0
neomexicanus_ChrX,175800000,176800000,0
neomexicanus_ChrX,175900000,176900000,0
neomexicanus_ChrX,176000000,177000000,0
neomexicanus_ChrX,176100000,177100000,0
neomexicanus_ChrX,176200000,177200000,0
neomexicanus_ChrX,176300000,177300000,0
neomexicanus_ChrX,176400000,177400000,0
neomexicanus_ChrX,176500000,177500000,0
neomexicanus_ChrX,176600000,177600000,0
neomexicanus_ChrX,176700000,177700000,0
neomexicanus_ChrX,176800000,177800000,0
neomexicanus_ChrX,176900000,177900000,0
neomexicanus_ChrX,177000000,178000000,0
neomexicanus_ChrX,177100000,178100000,0
neomexicanus_ChrX,177200000,178200000,0
neomexicanus_ChrX,177300000,178300000,0
neomexicanus_ChrX,177400000,178400000,0
neomexicanus_ChrX,177500000,178500000,0
neomexicanus_ChrX,177600000,178600000,0
neomexicanus_ChrX,177700000,178700000,0.000024
neomexicanus_ChrX,177800000,178800000,0.000024
neomexicanus_ChrX,177900000,178900000,0.000024
neomexicanus_ChrX,178000000,179000000,0.000024
neomexicanus_ChrX,178100000,179100000,0.000024
neomexicanus_ChrX,178200000,179200000,0.000024
neomexicanus_ChrX,178300000,179300000,0.000024
neomexicanus_ChrX,178400000,179400000,0.000024
neomexicanus_ChrX,178500000,179500000,0.000024
neomexicanus_ChrX,178600000,179600000,0.000024
neomexicanus_ChrX,178700000,179700000,0
neomexicanus_ChrX,178800000,179800000,0
neomexicanus_ChrX,178900000,179900000,0
neomexicanus_ChrX,179000000,180000000,0
neomexicanus_ChrX,179100000,180100000,0
neomexicanus_ChrX,179200000,180200000,0
neomexicanus_ChrX,179300000,180300000,0
neomexicanus_ChrX,179400000,180400000,0
neomexicanus_ChrX,179500000,180500000,0
neomexicanus_ChrX,179600000,180600000,0
neomexicanus_ChrX,179700000,180700000,0
neomexicanus_ChrX,179800000,180800000,0
neomexicanus_ChrX,179900000,180900000,0
neomexicanus_ChrX,180000000,181000000,0
neomexicanus_ChrX,180100000,181100000,0.000021
neomexicanus_ChrX,180200000,181200000,0.000021
neomexicanus_ChrX,180300000,181300000,0.000021
neomexicanus_ChrX,180400000,181400000,0.000021
neomexicanus_ChrX,180500000,181500000,0.000021
neomexicanus_ChrX,180600000,181600000,0.000021
neomexicanus_ChrX,180700000,181700000,0.000021
neomexicanus_ChrX,180800000,181800000,0.000021
neomexicanus_ChrX,180900000,181900000,0.000021
neomexicanus_ChrX,181000000,182000000,0.000021
neomexicanus_ChrX,181100000,182100000,0
neomexicanus_ChrX,181200000,182200000,0
neomexicanus_ChrX,181300000,182300000,0
neomexicanus_ChrX,181400000,182400000,0
neomexicanus_ChrX,181500000,182500000,0
neomexicanus_ChrX,181600000,182600000,0
neomexicanus_ChrX,181700000,182700000,0
neomexicanus_ChrX,181800000,182800000,0
neomexicanus_ChrX,181900000,182900000,0
neomexicanus_ChrX,182000000,183000000,0
neomexicanus_ChrX,182100000,183100000,0
neomexicanus_ChrX,182200000,183200000,0
neomexicanus_ChrX,182300000,183300000,0
neomexicanus_ChrX,182400000,183400000,0
neomexicanus_ChrX,182500000,183500000,0
neomexicanus_ChrX,182600000,183600000,0
neomexicanus_ChrX,182700000,183700000,0
neomexicanus_ChrX,182800000,183800000,0
neomexicanus_ChrX,182900000,183900000,0
neomexicanus_ChrX,183000000,184000000,0
neomexicanus_ChrX,183100000,184100000,0
neomexicanus_ChrX,183200000,184200000,0
neomexicanus_ChrX,183300000,184300000,0
neomexicanus_ChrX,183400000,184400000,0
neomexicanus_ChrX,183500000,184500000,0.000021
neomexicanus_ChrX,183600000,184600000,0.000021
neomexicanus_ChrX,183700000,184700000,0.000021
neomexicanus_ChrX,183800000,184800000,0.000021
neomexicanus_ChrX,183900000,184900000,0.000021
neomexicanus_ChrX,184000000,185000000,0.000021
neomexicanus_ChrX,184100000,185100000,0.000021
neomexicanus_ChrX,184200000,185200000,0.000021
neomexicanus_ChrX,184300000,185300000,0.000021
neomexicanus_ChrX,184400000,185400000,0.000021
neomexicanus_ChrX,184500000,185500000,0.000021
neomexicanus_ChrX,184600000,185600000,0.000021
neomexicanus_ChrX,184700000,185700000,0.000021
neomexicanus_ChrX,184800000,185800000,0.000021
neomexicanus_ChrX,184900000,185900000,0.000021
neomexicanus_ChrX,185000000,186000000,0.000021
neomexicanus_ChrX,185100000,186100000,0.000021
neomexicanus_ChrX,185200000,186200000,0.000021
neomexicanus_ChrX,185300000,186300000,0.000021
neomexicanus_ChrX,185400000,186400000,0.000021
neomexicanus_ChrX,185500000,186500000,0
neomexicanus_ChrX,185600000,186600000,0
neomexicanus_ChrX,185700000,186700000,0
neomexicanus_ChrX,185800000,186800000,0
neomexicanus_ChrX,185900000,186900000,0
neomexicanus_ChrX,186000000,187000000,0
neomexicanus_ChrX,186100000,187100000,0
neomexicanus_ChrX,186200000,187200000,0
neomexicanus_ChrX,186300000,187300000,0
neomexicanus_ChrX,186400000,187400000,0
neomexicanus_ChrX,186500000,187500000,0.000024
neomexicanus_ChrX,186600000,187600000,0.000024
neomexicanus_ChrX,186700000,187700000,0.000024
neomexicanus_ChrX,186800000,187800000,0.000047
neomexicanus_ChrX,186900000,187900000,0.000069
neomexicanus_ChrX,187000000,188000000,0.000069
neomexicanus_ChrX,187100000,188100000,0.000069
neomexicanus_ChrX,187200000,188200000,0.000069
neomexicanus_ChrX,187300000,188300000,0.000069
neomexicanus_ChrX,187400000,188400000,0.000069
neomexicanus_ChrX,187500000,188500000,0.000045
neomexicanus_ChrX,187600000,188600000,0.000045
neomexicanus_ChrX,187700000,188700000,0.000045
neomexicanus_ChrX,187800000,188800000,0.000022
neomexicanus_ChrX,187900000,188900000,0
neomexicanus_ChrX,188000000,189000000,0
neomexicanus_ChrX,188100000,189100000,0
neomexicanus_ChrX,188200000,189200000,0
neomexicanus_ChrX,188300000,189300000,0
neomexicanus_ChrX,188400000,189400000,0
neomexicanus_ChrX,188500000,189500000,0
neomexicanus_ChrX,188600000,189600000,0
neomexicanus_ChrX,188700000,189700000,0
neomexicanus_ChrX,188800000,189800000,0
neomexicanus_ChrX,188900000,189900000,0
neomexicanus_ChrX,189000000,190000000,0
neomexicanus_ChrX,189100000,190100000,0
neomexicanus_ChrX,189200000,190200000,0
neomexicanus_ChrX,189300000,190300000,0
neomexicanus_ChrX,189400000,190400000,0.000064
neomexicanus_ChrX,189500000,190500000,0.000064
neomexicanus_ChrX,189600000,190600000,0.000064
neomexicanus_ChrX,189700000,190700000,0.000064
neomexicanus_ChrX,189800000,190800000,0.000064
neomexicanus_ChrX,189900000,190900000,0.000064
neomexicanus_ChrX,190000000,191000000,0.000064
neomexicanus_ChrX,190100000,191100000,0.000064
neomexicanus_ChrX,190200000,191200000,0.000064
neomexicanus_ChrX,190300000,191300000,0.000064
neomexicanus_ChrX,190400000,191400000,0
neomexicanus_ChrX,190500000,191500000,0
neomexicanus_ChrX,190600000,191600000,0
neomexicanus_ChrX,190700000,191700000,0
neomexicanus_ChrX,190800000,191800000,0
neomexicanus_ChrX,190900000,191900000,0
neomexicanus_ChrX,191000000,192000000,0
neomexicanus_ChrX,191100000,192100000,0
neomexicanus_ChrX,191200000,192200000,0
neomexicanus_ChrX,191300000,192300000,0
neomexicanus_ChrX,191400000,192400000,0
neomexicanus_ChrX,191500000,192500000,0
neomexicanus_ChrX,191600000,192600000,0
neomexicanus_ChrX,191700000,192700000,0.000021
neomexicanus_ChrX,191800000,192800000,0.000021
neomexicanus_ChrX,191900000,192900000,0.000021
neomexicanus_ChrX,192000000,193000000,0.000021
neomexicanus_ChrX,192100000,193100000,0.000021
neomexicanus_ChrX,192200000,193200000,0.000021
neomexicanus_ChrX,192300000,193300000,0.000021
neomexicanus_ChrX,192400000,193400000,0.000021
neomexicanus_ChrX,192500000,193500000,0.000021
neomexicanus_ChrX,192600000,193600000,0.000021
neomexicanus_ChrX,192700000,193700000,0.000022
neomexicanus_ChrX,192800000,193800000,0.000022
neomexicanus_ChrX,192900000,193900000,0.000022
neomexicanus_ChrX,193000000,194000000,0.000022
neomexicanus_ChrX,193100000,194100000,0.000022
neomexicanus_ChrX,193200000,194200000,0.000022
neomexicanus_ChrX,193300000,194300000,0.000022
neomexicanus_ChrX,193400000,194400000,0.000022
neomexicanus_ChrX,193500000,194500000,0.000022
neomexicanus_ChrX,193600000,194600000,0.000022
neomexicanus_ChrX,193700000,194700000,0
neomexicanus_ChrX,193800000,194800000,0
neomexicanus_ChrX,193900000,194900000,0
neomexicanus_ChrX,194000000,195000000,0
neomexicanus_ChrX,194100000,195100000,0
neomexicanus_ChrX,194200000,195200000,0
neomexicanus_ChrX,194300000,195300000,0
neomexicanus_ChrX,194400000,195400000,0.000043
neomexicanus_ChrX,194500000,195500000,0.000043
neomexicanus_ChrX,194600000,195600000,0.000043
neomexicanus_ChrX,194700000,195700000,0.000043
neomexicanus_ChrX,194800000,195800000,0.000043
neomexicanus_ChrX,194900000,195900000,0.000043
neomexicanus_ChrX,195000000,196000000,0.000043
neomexicanus_ChrX,195100000,196100000,0.000043
neomexicanus_ChrX,195200000,196200000,0.000043
neomexicanus_ChrX,195300000,196300000,0.000043
neomexicanus_ChrX,195400000,196400000,0
neomexicanus_ChrX,195500000,196500000,0
neomexicanus_ChrX,195600000,196600000,0
neomexicanus_ChrX,195700000,196700000,0
neomexicanus_ChrX,195800000,196800000,0
neomexicanus_ChrX,195900000,196900000,0
neomexicanus_ChrX,196000000,197000000,0.000021
neomexicanus_ChrX,196100000,197100000,0.000021
neomexicanus_ChrX,196200000,197200000,0.000021
neomexicanus_ChrX,196300000,197300000,0.000021
neomexicanus_ChrX,196400000,197400000,0.000021
neomexicanus_ChrX,196500000,197500000,0.000021
neomexicanus_ChrX,196600000,197600000,0.000021
neomexicanus_ChrX,196700000,197700000,0.000021
neomexicanus_ChrX,196800000,197800000,0.000021
neomexicanus_ChrX,196900000,197900000,0.000021
neomexicanus_ChrX,197000000,198000000,0
neomexicanus_ChrX,197100000,198100000,0
neomexicanus_ChrX,197200000,198200000,0
neomexicanus_ChrX,197300000,198300000,0
neomexicanus_ChrX,197400000,198400000,0
neomexicanus_ChrX,197500000,198500000,0
neomexicanus_ChrX,197600000,198600000,0
neomexicanus_ChrX,197700000,198700000,0
neomexicanus_ChrX,197800000,198800000,0
neomexicanus_ChrX,197900000,198900000,0
neomexicanus_ChrX,198000000,199000000,0
neomexicanus_ChrX,198100000,199100000,0
neomexicanus_ChrX,198200000,199200000,0
neomexicanus_ChrX,198300000,199300000,0
neomexicanus_ChrX,198400000,199400000,0
neomexicanus_ChrX,198500000,199500000,0
neomexicanus_ChrX,198600000,199600000,0
neomexicanus_ChrX,198700000,199700000,0
neomexicanus_ChrX,198800000,199800000,0
neomexicanus_ChrX,198900000,199900000,0
neomexicanus_ChrX,199000000,200000000,0
neomexicanus_ChrX,199100000,200100000,0
neomexicanus_ChrX,199200000,200200000,0
neomexicanus_ChrX,199300000,200300000,0
neomexicanus_ChrX,199400000,200400000,0
neomexicanus_ChrX,199500000,200500000,0
neomexicanus_ChrX,199600000,200600000,0
neomexicanus_ChrX,199700000,200700000,0
neomexicanus_ChrX,199800000,200800000,0
neomexicanus_ChrX,199900000,200900000,0
neomexicanus_ChrX,200000000,201000000,0
neomexicanus_ChrX,200100000,201100000,0.000022
neomexicanus_ChrX,200200000,201200000,0.000022
neomexicanus_ChrX,200300000,201300000,0.000022
neomexicanus_ChrX,200400000,201400000,0.000022
neomexicanus_ChrX,200500000,201500000,0.000022
neomexicanus_ChrX,200600000,201600000,0.000022
neomexicanus_ChrX,200700000,201700000,0.000022
neomexicanus_ChrX,200800000,201800000,0.000022
neomexicanus_ChrX,200900000,201900000,0.000022
neomexicanus_ChrX,201000000,202000000,0.000022
neomexicanus_ChrX,201100000,202100000,0
neomexicanus_ChrX,201200000,202200000,0
neomexicanus_ChrX,201300000,202300000,0
neomexicanus_ChrX,201400000,202400000,0.000021
neomexicanus_ChrX,201500000,202500000,0.000021
neomexicanus_ChrX,201600000,202600000,0.000021
neomexicanus_ChrX,201700000,202700000,0.000021
neomexicanus_ChrX,201800000,202800000,0.000021
neomexicanus_ChrX,201900000,202900000,0.000021
neomexicanus_ChrX,202000000,203000000,0.000021
neomexicanus_ChrX,202100000,203100000,0.000021
neomexicanus_ChrX,202200000,203200000,0.000021
neomexicanus_ChrX,202300000,203300000,0.000021
neomexicanus_ChrX,202400000,203400000,0
neomexicanus_ChrX,202500000,203500000,0
neomexicanus_ChrX,202600000,203600000,0
neomexicanus_ChrX,202700000,203700000,0
neomexicanus_ChrX,202800000,203800000,0
neomexicanus_ChrX,202900000,203900000,0
neomexicanus_ChrX,203000000,204000000,0
neomexicanus_ChrX,203100000,204100000,0
neomexicanus_ChrX,203200000,204200000,0
neomexicanus_ChrX,203300000,204300000,0
neomexicanus_ChrX,203400000,204400000,0
neomexicanus_ChrX,203500000,204500000,0
neomexicanus_ChrX,203600000,204600000,0
neomexicanus_ChrX,203700000,204700000,0
neomexicanus_ChrX,203800000,204800000,0
neomexicanus_ChrX,203900000,204900000,0.000035
neomexicanus_ChrX,204000000,205000000,0.000035
neomexicanus_ChrX,204100000,205100000,0.000035
neomexicanus_ChrX,204200000,205200000,0.000035
neomexicanus_ChrX,204300000,205300000,0.000035
neomexicanus_ChrX,204400000,205400000,0.000035
neomexicanus_ChrX,204500000,205500000,0.000035
neomexicanus_ChrX,204600000,205600000,0.000035
neomexicanus_ChrX,204700000,205700000,0.000035
neomexicanus_ChrX,204800000,205800000,0.000035
neomexicanus_ChrX,204900000,205900000,0
neomexicanus_ChrX,205000000,206000000,0
neomexicanus_ChrX,205100000,206100000,0
neomexicanus_ChrX,205200000,206200000,0
neomexicanus_ChrX,205300000,206300000,0
neomexicanus_ChrX,205400000,206400000,0
neomexicanus_ChrX,205500000,206500000,0
neomexicanus_ChrX,205600000,206600000,0
neomexicanus_ChrX,205700000,206700000,0
neomexicanus_ChrX,205800000,206800000,0
neomexicanus_ChrX,205900000,206900000,0
neomexicanus_ChrX,206000000,207000000,0
neomexicanus_ChrX,206100000,207100000,0
neomexicanus_ChrX,206200000,207200000,0
neomexicanus_ChrX,206300000,207300000,0
neomexicanus_ChrX,206400000,207400000,0
neomexicanus_ChrX,206500000,207500000,0
neomexicanus_ChrX,206600000,207600000,0
neomexicanus_ChrX,206700000,207700000,0
neomexicanus_ChrX,206800000,207800000,0
neomexicanus_ChrX,206900000,207900000,0
neomexicanus_ChrX,207000000,208000000,0
neomexicanus_ChrX,207100000,208100000,0
neomexicanus_ChrX,207200000,208200000,0
neomexicanus_ChrX,207300000,208300000,0
neomexicanus_ChrX,207400000,208400000,0.000066
neomexicanus_ChrX,207500000,208500000,0.000066
neomexicanus_ChrX,207600000,208600000,0.000066
neomexicanus_ChrX,207700000,208700000,0.000115
neomexicanus_ChrX,207800000,208800000,0.000115
neomexicanus_ChrX,207900000,208900000,0.000115
neomexicanus_ChrX,208000000,209000000,0.000115
neomexicanus_ChrX,208100000,209100000,0.000115
neomexicanus_ChrX,208200000,209200000,0.000115
neomexicanus_ChrX,208300000,209300000,0.000115
neomexicanus_ChrX,208400000,209400000,0.00007
neomexicanus_ChrX,208500000,209500000,0.00007
neomexicanus_ChrX,208600000,209600000,0.00007
neomexicanus_ChrX,208700000,209700000,0.000021
neomexicanus_ChrX,208800000,209800000,0.000021
neomexicanus_ChrX,208900000,209900000,0.000021
neomexicanus_ChrX,209000000,210000000,0.000021
neomexicanus_ChrX,209100000,210100000,0.000021
neomexicanus_ChrX,209200000,210200000,0.000042
neomexicanus_ChrX,209300000,210300000,0.000063
neomexicanus_ChrX,209400000,210400000,0.000042
neomexicanus_ChrX,209500000,210500000,0.000042
neomexicanus_ChrX,209600000,210600000,0.000063
neomexicanus_ChrX,209700000,210700000,0.000063
neomexicanus_ChrX,209800000,210800000,0.000084
neomexicanus_ChrX,209900000,210900000,0.000084
neomexicanus_ChrX,210000000,211000000,0.000084
neomexicanus_ChrX,210100000,211100000,0.000106
neomexicanus_ChrX,210200000,211200000,0.000085
neomexicanus_ChrX,210300000,211300000,0.000064
neomexicanus_ChrX,210400000,211400000,0.000064
neomexicanus_ChrX,210500000,211500000,0.000064
neomexicanus_ChrX,210600000,211600000,0.000043
neomexicanus_ChrX,210700000,211700000,0.000043
neomexicanus_ChrX,210800000,211800000,0.000022
neomexicanus_ChrX,210900000,211900000,0.000022
neomexicanus_ChrX,211000000,212000000,0.000022
neomexicanus_ChrX,211100000,212100000,0
neomexicanus_ChrX,211200000,212200000,0
neomexicanus_ChrX,211300000,212300000,0
neomexicanus_ChrX,211400000,212400000,0
neomexicanus_ChrX,211500000,212500000,0
neomexicanus_ChrX,211600000,212600000,0
neomexicanus_ChrX,211700000,212700000,0
neomexicanus_ChrX,211800000,212800000,0
neomexicanus_ChrX,211900000,212900000,0
neomexicanus_ChrX,212000000,213000000,0
neomexicanus_ChrX,212100000,213100000,0
neomexicanus_ChrX,212200000,213200000,0
neomexicanus_ChrX,212300000,213300000,0
neomexicanus_ChrX,212400000,213400000,0
neomexicanus_ChrX,212500000,213500000,0
neomexicanus_ChrX,212600000,213600000,0
neomexicanus_ChrX,212700000,213700000,0
neomexicanus_ChrX,212800000,213800000,0
neomexicanus_ChrX,212900000,213900000,0
neomexicanus_ChrX,213000000,214000000,0
neomexicanus_ChrX,213100000,214100000,0
neomexicanus_ChrX,213200000,214200000,0
neomexicanus_ChrX,213300000,214300000,0
neomexicanus_ChrX,213400000,214400000,0
neomexicanus_ChrX,213500000,214500000,0
neomexicanus_ChrX,213600000,214600000,0
neomexicanus_ChrX,213700000,214700000,0
neomexicanus_ChrX,213800000,214800000,0
neomexicanus_ChrX,213900000,214900000,0
neomexicanus_ChrX,214000000,215000000,0
neomexicanus_ChrX,214100000,215100000,0
neomexicanus_ChrX,214200000,215200000,0
neomexicanus_ChrX,214300000,215300000,0
neomexicanus_ChrX,214400000,215400000,0
neomexicanus_ChrX,214500000,215500000,0
neomexicanus_ChrX,214600000,215600000,0
neomexicanus_ChrX,214700000,215700000,0
neomexicanus_ChrX,214800000,215800000,0
neomexicanus_ChrX,214900000,215900000,0
neomexicanus_ChrX,215000000,216000000,0
neomexicanus_ChrX,215100000,216100000,0
neomexicanus_ChrX,215200000,216200000,0
neomexicanus_ChrX,215300000,216300000,0
neomexicanus_ChrX,215400000,216400000,0
neomexicanus_ChrX,215500000,216500000,0
neomexicanus_ChrX,215600000,216600000,0
neomexicanus_ChrX,215700000,216700000,0
neomexicanus_ChrX,215800000,216800000,0
neomexicanus_ChrX,215900000,216900000,0
neomexicanus_ChrX,216000000,217000000,0
neomexicanus_ChrX,216100000,217100000,0
neomexicanus_ChrX,216200000,217200000,0
neomexicanus_ChrX,216300000,217300000,0
neomexicanus_ChrX,216400000,217400000,0
neomexicanus_ChrX,216500000,217500000,0
neomexicanus_ChrX,216600000,217600000,0
neomexicanus_ChrX,216700000,217700000,0
neomexicanus_ChrX,216800000,217800000,0
neomexicanus_ChrX,216900000,217900000,0
neomexicanus_ChrX,217000000,218000000,0
neomexicanus_ChrX,217100000,218100000,0
neomexicanus_ChrX,217200000,218200000,0
neomexicanus_ChrX,217300000,218300000,0
neomexicanus_ChrX,217400000,218400000,0
neomexicanus_ChrX,217500000,218500000,0
neomexicanus_ChrX,217600000,218600000,0
neomexicanus_ChrX,217700000,218700000,0
neomexicanus_ChrX,217800000,218800000,0
neomexicanus_ChrX,217900000,218900000,0
neomexicanus_ChrX,218000000,219000000,0
neomexicanus_ChrX,218100000,219100000,0
neomexicanus_ChrX,218200000,219200000,0
neomexicanus_ChrX,218300000,219300000,0
neomexicanus_ChrX,218400000,219400000,0
neomexicanus_ChrX,218500000,219500000,0
neomexicanus_ChrX,218600000,219600000,0
neomexicanus_ChrX,218700000,219700000,0
neomexicanus_ChrX,218800000,219800000,0
neomexicanus_ChrX,218900000,219900000,0
neomexicanus_ChrX,219000000,220000000,0
neomexicanus_ChrX,219100000,220100000,0
neomexicanus_ChrX,219200000,220200000,0
neomexicanus_ChrX,219300000,220300000,0
neomexicanus_ChrX,219400000,220400000,0
neomexicanus_ChrX,219500000,220500000,0
neomexicanus_ChrX,219600000,220600000,0
neomexicanus_ChrX,219700000,220700000,0
neomexicanus_ChrX,219800000,220800000,0
neomexicanus_ChrX,219900000,220900000,0
neomexicanus_ChrX,220000000,221000000,0
neomexicanus_ChrX,220100000,221100000,0
neomexicanus_ChrX,220200000,221200000,0
neomexicanus_ChrX,220300000,221300000,0
neomexicanus_ChrX,220400000,221400000,0
neomexicanus_ChrX,220500000,221500000,0
neomexicanus_ChrX,220600000,221600000,0
neomexicanus_ChrX,220700000,221700000,0
neomexicanus_ChrX,220800000,221800000,0
neomexicanus_ChrX,220900000,221900000,0
neomexicanus_ChrX,221000000,222000000,0
neomexicanus_ChrX,221100000,222100000,0
neomexicanus_ChrX,221200000,222200000,0
neomexicanus_ChrX,221300000,222300000,0
neomexicanus_ChrX,221400000,222400000,0
neomexicanus_ChrX,221500000,222500000,0
neomexicanus_ChrX,221600000,222600000,0
neomexicanus_ChrX,221700000,222700000,0
neomexicanus_ChrX,221800000,222800000,0
neomexicanus_ChrX,221900000,222900000,0
neomexicanus_ChrX,222000000,223000000,0
neomexicanus_ChrX,222100000,223100000,0
neomexicanus_ChrX,222200000,223200000,0
neomexicanus_ChrX,222300000,223300000,0
neomexicanus_ChrX,222400000,223400000,0
neomexicanus_ChrX,222500000,223500000,0
neomexicanus_ChrX,222600000,223600000,0
neomexicanus_ChrX,222700000,223700000,0
neomexicanus_ChrX,222800000,223800000,0
neomexicanus_ChrX,222900000,223900000,0
neomexicanus_ChrX,223000000,224000000,0
neomexicanus_ChrX,223100000,224100000,0
neomexicanus_ChrX,223200000,224200000,0
neomexicanus_ChrX,223300000,224300000,0
neomexicanus_ChrX,223400000,224400000,0
neomexicanus_ChrX,223500000,224500000,0
neomexicanus_ChrX,223600000,224600000,0
neomexicanus_ChrX,223700000,224700000,0
neomexicanus_ChrX,223800000,224800000,0
neomexicanus_ChrX,223900000,224900000,0
neomexicanus_ChrX,224000000,225000000,0
neomexicanus_ChrX,224100000,225100000,0
neomexicanus_ChrX,224200000,225200000,0
neomexicanus_ChrX,224300000,225300000,0
neomexicanus_ChrX,224400000,225400000,0
neomexicanus_ChrX,224500000,225500000,0
neomexicanus_ChrX,224600000,225600000,0
neomexicanus_ChrX,224700000,225700000,0
neomexicanus_ChrX,224800000,225800000,0
neomexicanus_ChrX,224900000,225900000,0.000021
neomexicanus_ChrX,225000000,226000000,0.000021
neomexicanus_ChrX,225100000,226100000,0.000021
neomexicanus_ChrX,225200000,226200000,0.000021
neomexicanus_ChrX,225300000,226300000,0.000021
neomexicanus_ChrX,225400000,226400000,0.000021
neomexicanus_ChrX,225500000,226500000,0.000021
neomexicanus_ChrX,225600000,226600000,0.000021
neomexicanus_ChrX,225700000,226700000,0.000021
neomexicanus_ChrX,225800000,226800000,0.000021
neomexicanus_ChrX,225900000,226900000,0
neomexicanus_ChrX,226000000,227000000,0
neomexicanus_ChrX,226100000,227100000,0
neomexicanus_ChrX,226200000,227200000,0
neomexicanus_ChrX,226300000,227300000,0
neomexicanus_ChrX,226400000,227400000,0
neomexicanus_ChrX,226500000,227500000,0
neomexicanus_ChrX,226600000,227600000,0
neomexicanus_ChrX,226700000,227700000,0
neomexicanus_ChrX,226800000,227800000,0
neomexicanus_ChrX,226900000,227900000,0
neomexicanus_ChrX,227000000,228000000,0
neomexicanus_ChrX,227100000,228100000,0
neomexicanus_ChrX,227200000,228200000,0
neomexicanus_ChrX,227300000,228300000,0.000022
neomexicanus_ChrX,227400000,228400000,0.000022
neomexicanus_ChrX,227500000,228500000,0.000022
neomexicanus_ChrX,227600000,228600000,0.000022
neomexicanus_ChrX,227700000,228700000,0.000022
neomexicanus_ChrX,227800000,228800000,0.000022
neomexicanus_ChrX,227900000,228900000,0.000022
neomexicanus_ChrX,228000000,229000000,0.000022
neomexicanus_ChrX,228100000,229100000,0.000022
neomexicanus_ChrX,228200000,229200000,0.000022
neomexicanus_ChrX,228300000,229300000,0
neomexicanus_ChrX,228400000,229400000,0
neomexicanus_ChrX,228500000,229500000,0
neomexicanus_ChrX,228600000,229600000,0
neomexicanus_ChrX,228700000,229700000,0
neomexicanus_ChrX,228800000,229800000,0
neomexicanus_ChrX,228900000,229900000,0
neomexicanus_ChrX,229000000,230000000,0
neomexicanus_ChrX,229100000,230100000,0
neomexicanus_ChrX,229200000,230200000,0
neomexicanus_ChrX,229300000,230300000,0
neomexicanus_ChrX,229400000,230400000,0
neomexicanus_ChrX,229500000,230500000,0
neomexicanus_ChrX,229600000,230600000,0
neomexicanus_ChrX,229700000,230700000,0
neomexicanus_ChrX,229800000,230800000,0
neomexicanus_ChrX,229900000,230900000,0
neomexicanus_ChrX,230000000,231000000,0
neomexicanus_ChrX,230100000,231100000,0
neomexicanus_ChrX,230200000,231200000,0
neomexicanus_ChrX,230300000,231300000,0
neomexicanus_ChrX,230400000,231400000,0
neomexicanus_ChrX,230500000,231500000,0
neomexicanus_ChrX,230600000,231600000,0
neomexicanus_ChrX,230700000,231700000,0.000022
neomexicanus_ChrX,230800000,231800000,0.000022
neomexicanus_ChrX,230900000,231900000,0.000022
neomexicanus_ChrX,231000000,232000000,0.000022
neomexicanus_ChrX,231100000,232100000,0.000022
neomexicanus_ChrX,231200000,232200000,0.000022
neomexicanus_ChrX,231300000,232300000,0.000022
neomexicanus_ChrX,231400000,232400000,0.001655
neomexicanus_ChrX,231500000,232500000,0.003727
neomexicanus_ChrX,231600000,232600000,0.003727
neomexicanus_ChrX,231700000,232700000,0.003705
neomexicanus_ChrX,231800000,232800000,0.003705
neomexicanus_ChrX,231900000,232900000,0.003705
neomexicanus_ChrX,232000000,233000000,0.003705
neomexicanus_ChrX,232100000,233100000,0.004188
neomexicanus_ChrX,232200000,233200000,0.004188
neomexicanus_ChrX,232300000,233300000,0.004188
neomexicanus_ChrX,232400000,233400000,0.002555
neomexicanus_ChrX,232500000,233500000,0.000483
neomexicanus_ChrX,232600000,233600000,0.000483
neomexicanus_ChrX,232700000,233700000,0.000483
neomexicanus_ChrX,232800000,233800000,0.000483
neomexicanus_ChrX,232900000,233900000,0.000483
neomexicanus_ChrX,233000000,234000000,0.000483
neomexicanus_ChrX,233100000,234100000,0
neomexicanus_ChrX,233200000,234200000,0
neomexicanus_ChrX,233300000,234300000,0
neomexicanus_ChrX,233400000,234400000,0
neomexicanus_ChrX,233500000,234500000,0
neomexicanus_ChrX,233600000,234600000,0
neomexicanus_ChrX,233700000,234700000,0
neomexicanus_ChrX,233800000,234800000,0
neomexicanus_ChrX,233900000,234900000,0
neomexicanus_ChrX,234000000,235000000,0.000026
neomexicanus_ChrX,234100000,235100000,0.000026
neomexicanus_ChrX,234200000,235200000,0.000026
neomexicanus_ChrX,234300000,235300000,0.000026
neomexicanus_ChrX,234400000,235400000,0.000026
neomexicanus_ChrX,234500000,235500000,0.000026
neomexicanus_ChrX,234600000,235600000,0.000026
neomexicanus_ChrX,234700000,235700000,0.000026
neomexicanus_ChrX,234800000,235800000,0.000026
neomexicanus_ChrX,234900000,235900000,0.000026
neomexicanus_ChrX,235000000,236000000,0
neomexicanus_ChrX,235100000,236100000,0
neomexicanus_ChrX,235200000,236200000,0
neomexicanus_ChrX,235300000,236300000,0
neomexicanus_ChrX,235400000,236400000,0
neomexicanus_ChrX,235500000,236500000,0
neomexicanus_ChrX,235600000,236600000,0
neomexicanus_ChrX,235700000,236700000,0
neomexicanus_ChrX,235800000,236800000,0
neomexicanus_ChrX,235900000,236900000,0.000021
neomexicanus_ChrX,236000000,237000000,0.000021
neomexicanus_ChrX,236100000,237100000,0.000021
neomexicanus_ChrX,236200000,237200000,0.000021
neomexicanus_ChrX,236300000,237300000,0.000021
neomexicanus_ChrX,236400000,237400000,0.000231
neomexicanus_ChrX,236500000,237500000,0.000231
neomexicanus_ChrX,236600000,237600000,0.000231
neomexicanus_ChrX,236700000,237700000,0.000231
neomexicanus_ChrX,236800000,237800000,0.000231
neomexicanus_ChrX,236900000,237900000,0.00021
neomexicanus_ChrX,237000000,238000000,0.000231
neomexicanus_ChrX,237100000,238100000,0.000891
neomexicanus_ChrX,237200000,238200000,0.000891
neomexicanus_ChrX,237300000,238300000,0.001384
neomexicanus_ChrX,237400000,238400000,0.001174
neomexicanus_ChrX,237500000,238500000,0.001174
neomexicanus_ChrX,237600000,238600000,0.001174
neomexicanus_ChrX,237700000,238700000,0.001332
neomexicanus_ChrX,237800000,238800000,0.001573
neomexicanus_ChrX,237900000,238900000,0.001573
neomexicanus_ChrX,238000000,239000000,0.001552
neomexicanus_ChrX,238100000,239100000,0.000892
neomexicanus_ChrX,238200000,239200000,0.000949
neomexicanus_ChrX,238300000,239300000,0.000642
neomexicanus_ChrX,238400000,239400000,0.000642
neomexicanus_ChrX,238500000,239500000,0.000642
neomexicanus_ChrX,238600000,239600000,0.000684
neomexicanus_ChrX,238700000,239700000,0.000526
neomexicanus_ChrX,238800000,239800000,0.000285
neomexicanus_ChrX,238900000,239900000,0.000285
neomexicanus_ChrX,239000000,240000000,0.000285
neomexicanus_ChrX,239100000,240100000,0.000285
neomexicanus_ChrX,239200000,240200000,0.000228
neomexicanus_ChrX,239300000,240300000,0.000042
neomexicanus_ChrX,239400000,240400000,0.000042
neomexicanus_ChrX,239500000,240500000,0.000042
neomexicanus_ChrX,239600000,240600000,0.000023
neomexicanus_ChrX,239700000,240700000,0.000854
neomexicanus_ChrX,239800000,240800000,0.000854
neomexicanus_ChrX,239900000,240900000,0.000854
neomexicanus_ChrX,240000000,241000000,0.001102
neomexicanus_ChrX,240100000,241100000,0.001102
neomexicanus_ChrX,240200000,241200000,0.001102
neomexicanus_ChrX,240300000,241300000,0.001318
neomexicanus_ChrX,240400000,241400000,0.001411
neomexicanus_ChrX,240500000,241500000,0.001411
neomexicanus_ChrX,240600000,241600000,0.001412
neomexicanus_ChrX,240700000,241700000,0.000784
neomexicanus_ChrX,240800000,241800000,0.000849
neomexicanus_ChrX,240900000,241900000,0.001128
neomexicanus_ChrX,241000000,242000000,0.000909
neomexicanus_ChrX,241100000,242100000,0.000954
neomexicanus_ChrX,241200000,242200000,0.000954
neomexicanus_ChrX,241300000,242300000,0.000781
neomexicanus_ChrX,241400000,242400000,0.000688
neomexicanus_ChrX,241500000,242500000,0.000688
neomexicanus_ChrX,241600000,242600000,0.000664
neomexicanus_ChrX,241700000,242700000,0.000461
neomexicanus_ChrX,241800000,242800000,0.000396
neomexicanus_ChrX,241900000,242900000,0.000117
neomexicanus_ChrX,242000000,243000000,0.000088
neomexicanus_ChrX,242100000,243100000,0.000064
neomexicanus_ChrX,242200000,243200000,0.000085
neomexicanus_ChrX,242300000,243300000,0.000042
neomexicanus_ChrX,242400000,243400000,0.000042
neomexicanus_ChrX,242500000,243500000,0.000042
neomexicanus_ChrX,242600000,243600000,0.000042
neomexicanus_ChrX,242700000,243700000,0.000042
neomexicanus_ChrX,242800000,243800000,0.000042
neomexicanus_ChrX,242900000,243900000,0.000042
neomexicanus_ChrX,243000000,244000000,0.000042
neomexicanus_ChrX,243100000,244100000,0.000021
neomexicanus_ChrX,243200000,244200000,0
neomexicanus_ChrX,243300000,244300000,0
neomexicanus_ChrX,243400000,244400000,0
neomexicanus_ChrX,243500000,244500000,0
neomexicanus_ChrX,243600000,244600000,0
neomexicanus_ChrX,243700000,244700000,0
neomexicanus_ChrX,243800000,244800000,0.000025
neomexicanus_ChrX,243900000,244900000,0.000025
neomexicanus_ChrX,244000000,245000000,0.000025
neomexicanus_ChrX,244100000,245100000,0.000025
neomexicanus_ChrX,244200000,245200000,0.000025
neomexicanus_ChrX,244300000,245300000,0.000025
neomexicanus_ChrX,244400000,245400000,0.000025
neomexicanus_ChrX,244500000,245500000,0.000025
neomexicanus_ChrX,244600000,245600000,0.000025
neomexicanus_ChrX,244700000,245700000,0.000025
neomexicanus_ChrX,244800000,245800000,0
neomexicanus_ChrX,244900000,245900000,0
neomexicanus_ChrX,245000000,246000000,0
neomexicanus_ChrX,245100000,246100000,0
neomexicanus_ChrX,245200000,246200000,0
neomexicanus_ChrX,245300000,246300000,0
neomexicanus_ChrX,245400000,246400000,0
neomexicanus_ChrX,245500000,246500000,0
neomexicanus_ChrX,245600000,246600000,0.000043
neomexicanus_ChrX,245700000,246700000,0.000064
neomexicanus_ChrX,245800000,246800000,0.000064
neomexicanus_ChrX,245900000,246900000,0.000085
neomexicanus_ChrX,246000000,247000000,0.000085
neomexicanus_ChrX,246100000,247100000,0.000085
neomexicanus_ChrX,246200000,247200000,0.000085
neomexicanus_ChrX,246300000,247300000,0.000085
neomexicanus_ChrX,246400000,247400000,0.000085
neomexicanus_ChrX,246500000,247500000,0.000085
neomexicanus_ChrX,246600000,247600000,0.000042
neomexicanus_ChrX,246700000,247700000,0.000021
neomexicanus_ChrX,246800000,247800000,0.000021
neomexicanus_ChrX,246900000,247900000,0
neomexicanus_ChrX,247000000,248000000,0
neomexicanus_ChrX,247100000,248100000,0
neomexicanus_ChrX,247200000,248200000,0
neomexicanus_ChrX,247300000,248300000,0
neomexicanus_ChrX,247400000,248400000,0
neomexicanus_ChrX,247500000,248500000,0
neomexicanus_ChrX,247600000,248600000,0
neomexicanus_ChrX,247700000,248700000,0
neomexicanus_ChrX,247800000,248800000,0
neomexicanus_ChrX,247900000,248900000,0
neomexicanus_ChrX,248000000,249000000,0
neomexicanus_ChrX,248100000,249100000,0.000021
neomexicanus_ChrX,248200000,249200000,0.000021
neomexicanus_ChrX,248300000,249300000,0.000021
neomexicanus_ChrX,248400000,249400000,0.000042
neomexicanus_ChrX,248500000,249500000,0.000042
neomexicanus_ChrX,248600000,249600000,0.000042
neomexicanus_ChrX,248700000,249700000,0.000042
neomexicanus_ChrX,248800000,249800000,0.000042
neomexicanus_ChrX,248900000,249900000,0.000042
neomexicanus_ChrX,249000000,250000000,0.000042
neomexicanus_ChrX,249100000,250100000,0.000021
neomexicanus_ChrX,249200000,250200000,0.000021
neomexicanus_ChrX,249300000,250300000,0.000021
neomexicanus_ChrX,249400000,250400000,0
neomexicanus_ChrX,249500000,250500000,0
neomexicanus_ChrX,249600000,250600000,0
neomexicanus_ChrX,249700000,250700000,0
neomexicanus_ChrX,249800000,250800000,0
neomexicanus_ChrX,249900000,250900000,0
neomexicanus_ChrX,250000000,251000000,0
neomexicanus_ChrX,250100000,251100000,0
neomexicanus_ChrX,250200000,251200000,0
neomexicanus_ChrX,250300000,251300000,0
neomexicanus_ChrX,250400000,251400000,0
neomexicanus_ChrX,250500000,251500000,0
neomexicanus_ChrX,250600000,251600000,0
neomexicanus_ChrX,250700000,251700000,0
neomexicanus_ChrX,250800000,251800000,0
neomexicanus_ChrX,250900000,251900000,0
neomexicanus_ChrX,251000000,252000000,0
neomexicanus_ChrX,251100000,252100000,0
neomexicanus_ChrX,251200000,252200000,0
neomexicanus_ChrX,251300000,252300000,0
neomexicanus_ChrX,251400000,252400000,0
neomexicanus_ChrX,251500000,252500000,0
neomexicanus_ChrX,251600000,252600000,0
neomexicanus_ChrX,251700000,252700000,0
neomexicanus_ChrX,251800000,252800000,0
neomexicanus_ChrX,251900000,252900000,0
neomexicanus_ChrX,252000000,253000000,0
neomexicanus_ChrX,252100000,253100000,0
neomexicanus_ChrX,252200000,253200000,0
neomexicanus_ChrX,252300000,253300000,0
neomexicanus_ChrX,252400000,253400000,0
neomexicanus_ChrX,252500000,253500000,0
neomexicanus_ChrX,252600000,253600000,0
neomexicanus_ChrX,252700000,253700000,0
neomexicanus_ChrX,252800000,253800000,0
neomexicanus_ChrX,252900000,253900000,0
neomexicanus_ChrX,253000000,254000000,0
neomexicanus_ChrX,253100000,254100000,0
neomexicanus_ChrX,253200000,254200000,0
neomexicanus_ChrX,253300000,254300000,0
neomexicanus_ChrX,253400000,254400000,0
neomexicanus_ChrX,253500000,254500000,0
neomexicanus_ChrX,253600000,254600000,0
neomexicanus_ChrX,253700000,254700000,0
neomexicanus_ChrX,253800000,254800000,0
neomexicanus_ChrX,253900000,254900000,0
neomexicanus_ChrX,254000000,255000000,0
neomexicanus_ChrX,254100000,255100000,0
neomexicanus_ChrX,254200000,255200000,0
neomexicanus_ChrX,254300000,255300000,0
neomexicanus_ChrX,254400000,255400000,0
neomexicanus_ChrX,254500000,255500000,0
neomexicanus_ChrX,254600000,255600000,0
neomexicanus_ChrX,254700000,255700000,0
neomexicanus_ChrX,254800000,255800000,0
neomexicanus_ChrX,254900000,255900000,0
neomexicanus_ChrX,255000000,256000000,0
neomexicanus_ChrX,255100000,256100000,0
neomexicanus_ChrX,255200000,256200000,0.000021
neomexicanus_ChrX,255300000,256300000,0.000021
neomexicanus_ChrX,255400000,256400000,0.000021
neomexicanus_ChrX,255500000,256500000,0.000021
neomexicanus_ChrX,255600000,256600000,0.000021
neomexicanus_ChrX,255700000,256700000,0.000021
neomexicanus_ChrX,255800000,256800000,0.000021
neomexicanus_ChrX,255900000,256900000,0.000021
neomexicanus_ChrX,256000000,257000000,0.000021
neomexicanus_ChrX,256100000,257100000,0.000021
neomexicanus_ChrX,256200000,257200000,0
neomexicanus_ChrX,256300000,257300000,0
neomexicanus_ChrX,256400000,257400000,0
neomexicanus_ChrX,256500000,257500000,0
neomexicanus_ChrX,256600000,257600000,0
neomexicanus_ChrX,256700000,257700000,0.000021
neomexicanus_ChrX,256800000,257800000,0.000021
neomexicanus_ChrX,256900000,257900000,0.000021
neomexicanus_ChrX,257000000,258000000,0.000021
neomexicanus_ChrX,257100000,258100000,0.000021
neomexicanus_ChrX,257200000,258200000,0.000021
neomexicanus_ChrX,257300000,258300000,0.000021
neomexicanus_ChrX,257400000,258400000,0.000021
neomexicanus_ChrX,257500000,258500000,0.000021
neomexicanus_ChrX,257600000,258600000,0.000021
neomexicanus_ChrX,257700000,258700000,0
neomexicanus_ChrX,257800000,258800000,0
neomexicanus_ChrX,257900000,258900000,0
neomexicanus_ChrX,258000000,259000000,0
neomexicanus_ChrX,258100000,259100000,0
neomexicanus_ChrX,258200000,259200000,0
neomexicanus_ChrX,258300000,259300000,0
neomexicanus_ChrX,258400000,259400000,0.000021
neomexicanus_ChrX,258500000,259500000,0.000021
neomexicanus_ChrX,258600000,259600000,0.000021
neomexicanus_ChrX,258700000,259700000,0.000021
neomexicanus_ChrX,258800000,259800000,0.000021
neomexicanus_ChrX,258900000,259900000,0.000021
neomexicanus_ChrX,259000000,260000000,0.000044
neomexicanus_ChrX,259100000,260100000,0.000044
neomexicanus_ChrX,259200000,260200000,0.000044
neomexicanus_ChrX,259300000,260300000,0.000066
neomexicanus_ChrX,259400000,260400000,0.000045
neomexicanus_ChrX,259500000,260500000,0.000045
neomexicanus_ChrX,259600000,260600000,0.000045
neomexicanus_ChrX,259700000,260700000,0.000045
neomexicanus_ChrX,259800000,260800000,0.000066
neomexicanus_ChrX,259900000,260900000,0.000066
neomexicanus_ChrX,260000000,261000000,0.000065
neomexicanus_ChrX,260100000,261100000,0.000065
neomexicanus_ChrX,260200000,261200000,0.000065
neomexicanus_ChrX,260300000,261300000,0.000043
neomexicanus_ChrX,260400000,261400000,0.000043
neomexicanus_ChrX,260500000,261500000,0.000064
neomexicanus_ChrX,260600000,261600000,0.000064
neomexicanus_ChrX,260700000,261700000,0.000064
neomexicanus_ChrX,260800000,261800000,0.000043
neomexicanus_ChrX,260900000,261900000,0.000043
neomexicanus_ChrX,261000000,262000000,0.000021
neomexicanus_ChrX,261100000,262100000,0.000021
neomexicanus_ChrX,261200000,262200000,0.000021
neomexicanus_ChrX,261300000,262300000,0.000021
neomexicanus_ChrX,261400000,262400000,0.000021
neomexicanus_ChrX,261500000,262500000,0
neomexicanus_ChrX,261600000,262600000,0.000021
neomexicanus_ChrX,261700000,262700000,0.000387
neomexicanus_ChrX,261800000,262800000,0.000387
neomexicanus_ChrX,261900000,262900000,0.000387
neomexicanus_ChrX,262000000,263000000,0.000387
neomexicanus_ChrX,262100000,263100000,0.000408
neomexicanus_ChrX,262200000,263200000,0.000431
neomexicanus_ChrX,262300000,263300000,0.000431
neomexicanus_ChrX,262400000,263400000,0.000431
neomexicanus_ChrX,262500000,263500000,0.000479
neomexicanus_ChrX,262600000,263600000,0.000458
neomexicanus_ChrX,262700000,263700000,0.000092
neomexicanus_ChrX,262800000,263800000,0.000092
neomexicanus_ChrX,262900000,263900000,0.000092
neomexicanus_ChrX,263000000,264000000,0.000113
neomexicanus_ChrX,263100000,264100000,0.000092
neomexicanus_ChrX,263200000,264200000,0.00009
neomexicanus_ChrX,263300000,264300000,0.000153
neomexicanus_ChrX,263400000,264400000,0.000153
neomexicanus_ChrX,263500000,264500000,0.000105
neomexicanus_ChrX,263600000,264600000,0.000105
neomexicanus_ChrX,263700000,264700000,0.000105
neomexicanus_ChrX,263800000,264800000,0.000171
neomexicanus_ChrX,263900000,264900000,0.000171
neomexicanus_ChrX,264000000,265000000,0.00015
neomexicanus_ChrX,264100000,265100000,0.00015
neomexicanus_ChrX,264200000,265200000,0.000129
neomexicanus_ChrX,264300000,265300000,0.000066
neomexicanus_ChrX,264400000,265400000,0.000066
neomexicanus_ChrX,264500000,265500000,0.000066
neomexicanus_ChrX,264600000,265600000,0.000066
neomexicanus_ChrX,264700000,265700000,0.000066
neomexicanus_ChrX,264800000,265800000,0
neomexicanus_ChrX,264900000,265900000,0
neomexicanus_ChrX,265000000,266000000,0
neomexicanus_ChrX,265100000,266100000,0
neomexicanus_ChrX,265200000,266200000,0
neomexicanus_ChrX,265300000,266300000,0
neomexicanus_ChrX,265400000,266400000,0
neomexicanus_ChrX,265500000,266500000,0
neomexicanus_ChrX,265600000,266600000,0
neomexicanus_ChrX,265700000,266700000,0.000021
neomexicanus_ChrX,265800000,266800000,0.000021
neomexicanus_ChrX,265900000,266900000,0.000021
neomexicanus_ChrX,266000000,267000000,0.000048
neomexicanus_ChrX,266100000,267100000,0.000069
neomexicanus_ChrX,266200000,267200000,0.000069
neomexicanus_ChrX,266300000,267300000,0.000069
neomexicanus_ChrX,266400000,267359615,0.0000719
neomexicanus_ChrX,266500000,267359615,0.0000803
neomexicanus_ChrX,266600000,267359615,0.0000908
neomexicanus_ChrX,266700000,267359615,0.0000728
neomexicanus_ChrX,266800000,267359615,0.0000858
neomexicanus_ChrX,266900000,267359615,0.0001044
neomexicanus_ChrX,267000000,267359615,0.0000584
neomexicanus_ChrX,267100000,267359615,0
neomexicanus_ChrX,267200000,267359615,0
neomexicanus_ChrX,267300000,267359615,0
neomexicanus_ChrY,0,1000000,0.033123
neomexicanus_ChrY,100000,1100000,0.038931
neomexicanus_ChrY,200000,1200000,0.046466
neomexicanus_ChrY,300000,1300000,0.052125
neomexicanus_ChrY,400000,1400000,0.053134
neomexicanus_ChrY,500000,1500000,0.053863
neomexicanus_ChrY,600000,1600000,0.048905
neomexicanus_ChrY,700000,1700000,0.045859
neomexicanus_ChrY,800000,1800000,0.031049
neomexicanus_ChrY,900000,1900000,0.02976
neomexicanus_ChrY,1000000,2000000,0.029958
neomexicanus_ChrY,1100000,2100000,0.026349
neomexicanus_ChrY,1200000,2200000,0.021077
neomexicanus_ChrY,1300000,2300000,0.024743
neomexicanus_ChrY,1400000,2400000,0.025964
neomexicanus_ChrY,1500000,2500000,0.024988
neomexicanus_ChrY,1600000,2600000,0.024092
neomexicanus_ChrY,1700000,2700000,0.022119
neomexicanus_ChrY,1800000,2800000,0.020537
neomexicanus_ChrY,1900000,2900000,0.02036
neomexicanus_ChrY,2000000,3000000,0.019514
neomexicanus_ChrY,2100000,3100000,0.0174
neomexicanus_ChrY,2200000,3200000,0.014988
neomexicanus_ChrY,2300000,3300000,0.004447
neomexicanus_ChrY,2400000,3400000,0.001229
neomexicanus_ChrY,2500000,3500000,0.001365
neomexicanus_ChrY,2600000,3600000,0.001547
neomexicanus_ChrY,2700000,3700000,0.001436
neomexicanus_ChrY,2800000,3800000,0.001179
neomexicanus_ChrY,2900000,3900000,0.001052
neomexicanus_ChrY,3000000,4000000,0.001097
neomexicanus_ChrY,3100000,4100000,0.001012
neomexicanus_ChrY,3200000,4200000,0.001033
neomexicanus_ChrY,3300000,4300000,0.001034
neomexicanus_ChrY,3400000,4400000,0.001101
neomexicanus_ChrY,3500000,4500000,0.000899
neomexicanus_ChrY,3600000,4600000,0.000592
neomexicanus_ChrY,3700000,4700000,0.00079
neomexicanus_ChrY,3800000,4800000,0.000769
neomexicanus_ChrY,3900000,4900000,0.000633
neomexicanus_ChrY,4000000,5000000,0.000457
neomexicanus_ChrY,4100000,5100000,0.000436
neomexicanus_ChrY,4200000,5200000,0.000541
neomexicanus_ChrY,4300000,5300000,0.00067
neomexicanus_ChrY,4400000,5400000,0.000729
neomexicanus_ChrY,4500000,5500000,0.000793
neomexicanus_ChrY,4600000,5600000,0.001055
neomexicanus_ChrY,4700000,5700000,0.000924
neomexicanus_ChrY,4800000,5800000,0.000968
neomexicanus_ChrY,4900000,5900000,0.001068
neomexicanus_ChrY,5000000,6000000,0.001199
neomexicanus_ChrY,5100000,6100000,0.002356
neomexicanus_ChrY,5200000,6200000,0.002926
neomexicanus_ChrY,5300000,6300000,0.003979
neomexicanus_ChrY,5400000,6400000,0.005374
neomexicanus_ChrY,5500000,6500000,0.007459
neomexicanus_ChrY,5600000,6600000,0.008481
neomexicanus_ChrY,5700000,6700000,0.013698
neomexicanus_ChrY,5800000,6800000,0.01712
neomexicanus_ChrY,5900000,6900000,0.019043
neomexicanus_ChrY,6000000,7000000,0.019864
neomexicanus_ChrY,6100000,7100000,0.019568
neomexicanus_ChrY,6200000,7200000,0.020368
neomexicanus_ChrY,6300000,7300000,0.027702
neomexicanus_ChrY,6400000,7400000,0.027225
neomexicanus_ChrY,6500000,7500000,0.027689
neomexicanus_ChrY,6600000,7600000,0.027822
neomexicanus_ChrY,6700000,7700000,0.025033
neomexicanus_ChrY,6800000,7800000,0.036373
neomexicanus_ChrY,6900000,7900000,0.036362
neomexicanus_ChrY,7000000,8000000,0.036369
neomexicanus_ChrY,7100000,8100000,0.037548
neomexicanus_ChrY,7200000,8200000,0.039129
neomexicanus_ChrY,7300000,8300000,0.047546
neomexicanus_ChrY,7400000,8400000,0.047926
neomexicanus_ChrY,7500000,8500000,0.046331
neomexicanus_ChrY,7600000,8600000,0.045683
neomexicanus_ChrY,7700000,8700000,0.044027
neomexicanus_ChrY,7800000,8800000,0.030376
neomexicanus_ChrY,7900000,8900000,0.02866
neomexicanus_ChrY,8000000,9000000,0.027857
neomexicanus_ChrY,8100000,9100000,0.026794
neomexicanus_ChrY,8200000,9200000,0.024182
neomexicanus_ChrY,8300000,9300000,0.013449
neomexicanus_ChrY,8400000,9400000,0.014162
neomexicanus_ChrY,8500000,9500000,0.014254
neomexicanus_ChrY,8600000,9600000,0.014136
neomexicanus_ChrY,8700000,9700000,0.013525
neomexicanus_ChrY,8800000,9800000,0.013109
neomexicanus_ChrY,8900000,9900000,0.013344
neomexicanus_ChrY,9000000,10000000,0.014192
neomexicanus_ChrY,9100000,10100000,0.0144
neomexicanus_ChrY,9200000,10200000,0.017603
neomexicanus_ChrY,9300000,10300000,0.016231
neomexicanus_ChrY,9400000,10400000,0.014601
neomexicanus_ChrY,9500000,10500000,0.014094
neomexicanus_ChrY,9600000,10600000,0.013689
neomexicanus_ChrY,9700000,10700000,0.014323
neomexicanus_ChrY,9800000,10800000,0.014746
neomexicanus_ChrY,9900000,10900000,0.014683
neomexicanus_ChrY,10000000,11000000,0.014853
neomexicanus_ChrY,10100000,11100000,0.014764
neomexicanus_ChrY,10200000,11200000,0.012224
neomexicanus_ChrY,10300000,11300000,0.009144
neomexicanus_ChrY,10400000,11400000,0.011856
neomexicanus_ChrY,10500000,11500000,0.011497
neomexicanus_ChrY,10600000,11600000,0.01221
neomexicanus_ChrY,10700000,11700000,0.012257
neomexicanus_ChrY,10800000,11800000,0.012021
neomexicanus_ChrY,10900000,11900000,0.018813
neomexicanus_ChrY,11000000,12000000,0.019407
neomexicanus_ChrY,11100000,12100000,0.018822
neomexicanus_ChrY,11200000,12200000,0.018055
neomexicanus_ChrY,11300000,12300000,0.01779
neomexicanus_ChrY,11400000,12400000,0.017707
neomexicanus_ChrY,11500000,12500000,0.018602
neomexicanus_ChrY,11600000,12600000,0.018321
neomexicanus_ChrY,11700000,12700000,0.017601
neomexicanus_ChrY,11800000,12800000,0.016844
neomexicanus_ChrY,11900000,12900000,0.011207
neomexicanus_ChrY,12000000,13000000,0.010445
neomexicanus_ChrY,12100000,13100000,0.011777
neomexicanus_ChrY,12200000,13200000,0.013639
neomexicanus_ChrY,12300000,13300000,0.012375
neomexicanus_ChrY,12400000,13400000,0.009468
neomexicanus_ChrY,12500000,13500000,0.009059
neomexicanus_ChrY,12600000,13600000,0.012801
neomexicanus_ChrY,12700000,13700000,0.013577
neomexicanus_ChrY,12800000,13800000,0.014348
neomexicanus_ChrY,12900000,13900000,0.013386
neomexicanus_ChrY,13000000,14000000,0.014969
neomexicanus_ChrY,13100000,14100000,0.013599
neomexicanus_ChrY,13200000,14200000,0.013383
neomexicanus_ChrY,13300000,14300000,0.014223
neomexicanus_ChrY,13400000,14400000,0.014102
neomexicanus_ChrY,13500000,14500000,0.013464
neomexicanus_ChrY,13600000,14600000,0.009134
neomexicanus_ChrY,13700000,14700000,0.008359
neomexicanus_ChrY,13800000,14800000,0.00762
neomexicanus_ChrY,13900000,14900000,0.006959
neomexicanus_ChrY,14000000,15000000,0.004544
neomexicanus_ChrY,14100000,15100000,0.004304
neomexicanus_ChrY,14200000,15200000,0.002659
neomexicanus_ChrY,14300000,15300000,0.002297
neomexicanus_ChrY,14400000,15400000,0.00253
neomexicanus_ChrY,14500000,15500000,0.002459
neomexicanus_ChrY,14600000,15600000,0.002445
neomexicanus_ChrY,14700000,15700000,0.002784
neomexicanus_ChrY,14800000,15800000,0.003029
neomexicanus_ChrY,14900000,15900000,0.003311
neomexicanus_ChrY,15000000,16000000,0.003645
neomexicanus_ChrY,15100000,16100000,0.006153
neomexicanus_ChrY,15200000,16200000,0.013866
neomexicanus_ChrY,15300000,16300000,0.017161
neomexicanus_ChrY,15400000,16400000,0.017454
neomexicanus_ChrY,15500000,16500000,0.029099
neomexicanus_ChrY,15600000,16600000,0.02938
neomexicanus_ChrY,15700000,16700000,0.029743
neomexicanus_ChrY,15800000,16800000,0.034289
neomexicanus_ChrY,15900000,16900000,0.034295
neomexicanus_ChrY,16000000,17000000,0.035032
neomexicanus_ChrY,16100000,17100000,0.03342
neomexicanus_ChrY,16200000,17200000,0.047164
neomexicanus_ChrY,16300000,17300000,0.043957
neomexicanus_ChrY,16400000,17400000,0.043454
neomexicanus_ChrY,16500000,17500000,0.032549
neomexicanus_ChrY,16600000,17600000,0.033629
neomexicanus_ChrY,16700000,17700000,0.034345
neomexicanus_ChrY,16800000,17800000,0.030607
neomexicanus_ChrY,16900000,17900000,0.031698
neomexicanus_ChrY,17000000,18000000,0.031526
neomexicanus_ChrY,17100000,18100000,0.031523
neomexicanus_ChrY,17200000,18200000,0.010275
neomexicanus_ChrY,17300000,18300000,0.010702
neomexicanus_ChrY,17400000,18400000,0.011116
neomexicanus_ChrY,17500000,18500000,0.01066
neomexicanus_ChrY,17600000,18600000,0.0101
neomexicanus_ChrY,17700000,18700000,0.011002
neomexicanus_ChrY,17800000,18800000,0.010379
neomexicanus_ChrY,17900000,18900000,0.013897
neomexicanus_ChrY,18000000,19000000,0.014619
neomexicanus_ChrY,18100000,19100000,0.014444
neomexicanus_ChrY,18200000,19200000,0.022155
neomexicanus_ChrY,18300000,19300000,0.025505
neomexicanus_ChrY,18400000,19400000,0.02585
neomexicanus_ChrY,18500000,19500000,0.026509
neomexicanus_ChrY,18600000,19600000,0.027061
neomexicanus_ChrY,18700000,19700000,0.02517
neomexicanus_ChrY,18800000,19800000,0.025807
neomexicanus_ChrY,18900000,19900000,0.021642
neomexicanus_ChrY,19000000,20000000,0.020467
neomexicanus_ChrY,19100000,20100000,0.019559
neomexicanus_ChrY,19200000,20200000,0.011593
neomexicanus_ChrY,19300000,20300000,0.007792
neomexicanus_ChrY,19400000,20400000,0.007929
neomexicanus_ChrY,19500000,20500000,0.009093
neomexicanus_ChrY,19600000,20600000,0.007826
neomexicanus_ChrY,19700000,20700000,0.00741
neomexicanus_ChrY,19800000,20800000,0.006169
neomexicanus_ChrY,19900000,20900000,0.005661
neomexicanus_ChrY,20000000,21000000,0.005108
neomexicanus_ChrY,20100000,21100000,0.005132
neomexicanus_ChrY,20200000,21200000,0.004819
neomexicanus_ChrY,20300000,21300000,0.004193
neomexicanus_ChrY,20400000,21400000,0.00332
neomexicanus_ChrY,20500000,21500000,0.001274
neomexicanus_ChrY,20600000,21600000,0.003516
neomexicanus_ChrY,20700000,21700000,0.004068
neomexicanus_ChrY,20800000,21800000,0.006021
neomexicanus_ChrY,20900000,21900000,0.006032
neomexicanus_ChrY,21000000,22000000,0.007045
neomexicanus_ChrY,21100000,22100000,0.008291
neomexicanus_ChrY,21200000,22200000,0.009031
neomexicanus_ChrY,21300000,22300000,0.010998
neomexicanus_ChrY,21400000,22400000,0.011043
neomexicanus_ChrY,21500000,22500000,0.011148
neomexicanus_ChrY,21600000,22600000,0.008915
neomexicanus_ChrY,21700000,22700000,0.008272
neomexicanus_ChrY,21800000,22800000,0.006717
neomexicanus_ChrY,21900000,22900000,0.006805
neomexicanus_ChrY,22000000,23000000,0.007261
neomexicanus_ChrY,22100000,23100000,0.00649
neomexicanus_ChrY,22200000,23200000,0.00644
neomexicanus_ChrY,22300000,23300000,0.004831
neomexicanus_ChrY,22400000,23400000,0.005077
neomexicanus_ChrY,22500000,23500000,0.005433
neomexicanus_ChrY,22600000,23600000,0.005509
neomexicanus_ChrY,22700000,23700000,0.006025
neomexicanus_ChrY,22800000,23800000,0.007694
neomexicanus_ChrY,22900000,23900000,0.009973
neomexicanus_ChrY,23000000,24000000,0.01009
neomexicanus_ChrY,23100000,24100000,0.012866
neomexicanus_ChrY,23200000,24200000,0.013537
neomexicanus_ChrY,23300000,24300000,0.025616
neomexicanus_ChrY,23400000,24400000,0.027142
neomexicanus_ChrY,23500000,24500000,0.02758
neomexicanus_ChrY,23600000,24600000,0.027987
neomexicanus_ChrY,23700000,24700000,0.028285
neomexicanus_ChrY,23800000,24800000,0.027558
neomexicanus_ChrY,23900000,24900000,0.025432
neomexicanus_ChrY,24000000,25000000,0.023825
neomexicanus_ChrY,24100000,25100000,0.020595
neomexicanus_ChrY,24200000,25200000,0.019587
neomexicanus_ChrY,24300000,25300000,0.011933
neomexicanus_ChrY,24400000,25400000,0.010922
neomexicanus_ChrY,24500000,25500000,0.010687
neomexicanus_ChrY,24600000,25600000,0.011236
neomexicanus_ChrY,24700000,25700000,0.012658
neomexicanus_ChrY,24800000,25800000,0.012587
neomexicanus_ChrY,24900000,25900000,0.013343
neomexicanus_ChrY,25000000,26000000,0.014075
neomexicanus_ChrY,25100000,26100000,0.014059
neomexicanus_ChrY,25200000,26200000,0.013791
neomexicanus_ChrY,25300000,26300000,0.009392
neomexicanus_ChrY,25400000,26400000,0.010472
neomexicanus_ChrY,25500000,26500000,0.01131
neomexicanus_ChrY,25600000,26600000,0.016997
neomexicanus_ChrY,25700000,26700000,0.016961
neomexicanus_ChrY,25800000,26800000,0.016508
neomexicanus_ChrY,25900000,26900000,0.0154
neomexicanus_ChrY,26000000,27000000,0.014966
neomexicanus_ChrY,26100000,27100000,0.015804
neomexicanus_ChrY,26200000,27200000,0.023675
neomexicanus_ChrY,26300000,27300000,0.023786
neomexicanus_ChrY,26400000,27400000,0.021861
neomexicanus_ChrY,26500000,27500000,0.02187
neomexicanus_ChrY,26600000,27600000,0.01583
neomexicanus_ChrY,26700000,27700000,0.0139
neomexicanus_ChrY,26800000,27800000,0.013888
neomexicanus_ChrY,26900000,27900000,0.013959
neomexicanus_ChrY,27000000,28000000,0.013753
neomexicanus_ChrY,27100000,28100000,0.012996
neomexicanus_ChrY,27200000,28200000,0.005887
neomexicanus_ChrY,27300000,28300000,0.01608
neomexicanus_ChrY,27400000,28400000,0.023341
neomexicanus_ChrY,27500000,28500000,0.02414
neomexicanus_ChrY,27600000,28600000,0.024665
neomexicanus_ChrY,27700000,28700000,0.025778
neomexicanus_ChrY,27800000,28800000,0.025886
neomexicanus_ChrY,27900000,28900000,0.030922
neomexicanus_ChrY,28000000,29000000,0.03229
neomexicanus_ChrY,28100000,29100000,0.035411
neomexicanus_ChrY,28200000,29200000,0.037233
neomexicanus_ChrY,28300000,29300000,0.027577
neomexicanus_ChrY,28400000,29400000,0.020982
neomexicanus_ChrY,28500000,29500000,0.01982
neomexicanus_ChrY,28600000,29600000,0.023845
neomexicanus_ChrY,28700000,29700000,0.025446
neomexicanus_ChrY,28800000,29800000,0.02894
neomexicanus_ChrY,28900000,29900000,0.026364
neomexicanus_ChrY,29000000,30000000,0.026271
neomexicanus_ChrY,29100000,30100000,0.024427
neomexicanus_ChrY,29200000,30200000,0.02345
neomexicanus_ChrY,29300000,30300000,0.027272
neomexicanus_ChrY,29400000,30400000,0.026895
neomexicanus_ChrY,29500000,30500000,0.025802
neomexicanus_ChrY,29600000,30600000,0.020511
neomexicanus_ChrY,29700000,30700000,0.017526
neomexicanus_ChrY,29800000,30800000,0.013246
neomexicanus_ChrY,29900000,30900000,0.010569
neomexicanus_ChrY,30000000,31000000,0.009266
neomexicanus_ChrY,30100000,31100000,0.007946
neomexicanus_ChrY,30200000,31200000,0.006346
neomexicanus_ChrY,30300000,31300000,0.0016
neomexicanus_ChrY,30400000,31400000,0.0034
neomexicanus_ChrY,30500000,31500000,0.004162
neomexicanus_ChrY,30600000,31600000,0.004189
neomexicanus_ChrY,30700000,31700000,0.011514
neomexicanus_ChrY,30800000,31800000,0.014546
neomexicanus_ChrY,30900000,31900000,0.018052
neomexicanus_ChrY,31000000,32000000,0.030081
neomexicanus_ChrY,31100000,32100000,0.031581
neomexicanus_ChrY,31200000,32200000,0.033711
neomexicanus_ChrY,31300000,32300000,0.035384
neomexicanus_ChrY,31400000,32400000,0.034687
neomexicanus_ChrY,31500000,32500000,0.034061
neomexicanus_ChrY,31600000,32600000,0.03416
neomexicanus_ChrY,31700000,32700000,0.027669
neomexicanus_ChrY,31800000,32800000,0.025192
neomexicanus_ChrY,31900000,32900000,0.02275
neomexicanus_ChrY,32000000,33000000,0.016446
neomexicanus_ChrY,32100000,33100000,0.02436
neomexicanus_ChrY,32200000,33200000,0.02248
neomexicanus_ChrY,32300000,33300000,0.021397
neomexicanus_ChrY,32400000,33400000,0.020469
neomexicanus_ChrY,32500000,33500000,0.021727
neomexicanus_ChrY,32600000,33600000,0.022091
neomexicanus_ChrY,32700000,33700000,0.022692
neomexicanus_ChrY,32800000,33800000,0.026506
neomexicanus_ChrY,32900000,33900000,0.026181
neomexicanus_ChrY,33000000,34000000,0.022271
neomexicanus_ChrY,33100000,34100000,0.014
neomexicanus_ChrY,33200000,34200000,0.015024
neomexicanus_ChrY,33300000,34300000,0.015633
neomexicanus_ChrY,33400000,34400000,0.028829
neomexicanus_ChrY,33500000,34500000,0.029168
neomexicanus_ChrY,33600000,34600000,0.028939
neomexicanus_ChrY,33700000,34700000,0.028489
neomexicanus_ChrY,33800000,34800000,0.024914
neomexicanus_ChrY,33900000,34900000,0.026325
neomexicanus_ChrY,34000000,35000000,0.025627
neomexicanus_ChrY,34100000,35100000,0.026393
neomexicanus_ChrY,34200000,35200000,0.025135
neomexicanus_ChrY,34300000,35300000,0.023816
neomexicanus_ChrY,34400000,35400000,0.010117
neomexicanus_ChrY,34500000,35500000,0.008575
neomexicanus_ChrY,34600000,35600000,0.008587
neomexicanus_ChrY,34700000,35700000,0.007797
neomexicanus_ChrY,34800000,35800000,0.00823
neomexicanus_ChrY,34900000,35900000,0.007916
neomexicanus_ChrY,35000000,36000000,0.007607
neomexicanus_ChrY,35100000,36100000,0.015585
neomexicanus_ChrY,35200000,36200000,0.016244
neomexicanus_ChrY,35300000,36300000,0.016809
neomexicanus_ChrY,35400000,36400000,0.017576
neomexicanus_ChrY,35500000,36500000,0.018803
neomexicanus_ChrY,35600000,36600000,0.019379
neomexicanus_ChrY,35700000,36700000,0.020545
neomexicanus_ChrY,35800000,36800000,0.020754
neomexicanus_ChrY,35900000,36900000,0.019015
neomexicanus_ChrY,36000000,37000000,0.018361
neomexicanus_ChrY,36100000,37100000,0.008454
neomexicanus_ChrY,36200000,37200000,0.008197
neomexicanus_ChrY,36300000,37300000,0.008265
neomexicanus_ChrY,36400000,37400000,0.008184
neomexicanus_ChrY,36500000,37500000,0.00819
neomexicanus_ChrY,36600000,37600000,0.009802
neomexicanus_ChrY,36700000,37700000,0.009501
neomexicanus_ChrY,36800000,37800000,0.009006
neomexicanus_ChrY,36900000,37900000,0.009632
neomexicanus_ChrY,37000000,38000000,0.010091
neomexicanus_ChrY,37100000,38100000,0.012419
neomexicanus_ChrY,37200000,38200000,0.01389
neomexicanus_ChrY,37300000,38300000,0.014339
neomexicanus_ChrY,37400000,38400000,0.019439
neomexicanus_ChrY,37500000,38500000,0.018835
neomexicanus_ChrY,37600000,38600000,0.018377
neomexicanus_ChrY,37700000,38700000,0.018874
neomexicanus_ChrY,37800000,38800000,0.018775
neomexicanus_ChrY,37900000,38900000,0.019333
neomexicanus_ChrY,38000000,39000000,0.019728
neomexicanus_ChrY,38100000,39100000,0.020535
neomexicanus_ChrY,38200000,39200000,0.019742
neomexicanus_ChrY,38300000,39300000,0.023009
neomexicanus_ChrY,38400000,39400000,0.018455
neomexicanus_ChrY,38500000,39500000,0.020038
neomexicanus_ChrY,38600000,39600000,0.020087
neomexicanus_ChrY,38700000,39700000,0.019762
neomexicanus_ChrY,38800000,39800000,0.020482
neomexicanus_ChrY,38900000,39900000,0.02117
neomexicanus_ChrY,39000000,40000000,0.020883
neomexicanus_ChrY,39100000,40100000,0.017743
neomexicanus_ChrY,39200000,40200000,0.017898
neomexicanus_ChrY,39300000,40300000,0.0144
neomexicanus_ChrY,39400000,40400000,0.015499
neomexicanus_ChrY,39500000,40500000,0.018511
neomexicanus_ChrY,39600000,40600000,0.018204
neomexicanus_ChrY,39700000,40700000,0.017386
neomexicanus_ChrY,39800000,40800000,0.015937
neomexicanus_ChrY,39900000,40900000,0.014901
neomexicanus_ChrY,40000000,41000000,0.014539
neomexicanus_ChrY,40100000,41100000,0.015148
neomexicanus_ChrY,40200000,41200000,0.01842
neomexicanus_ChrY,40300000,41300000,0.020309
neomexicanus_ChrY,40400000,41400000,0.018543
neomexicanus_ChrY,40500000,41500000,0.016992
neomexicanus_ChrY,40600000,41600000,0.01654
neomexicanus_ChrY,40700000,41700000,0.01834
neomexicanus_ChrY,40800000,41800000,0.023982
neomexicanus_ChrY,40900000,41900000,0.02412
neomexicanus_ChrY,41000000,42000000,0.024115
neomexicanus_ChrY,41100000,42100000,0.024947
neomexicanus_ChrY,41200000,42200000,0.020453
neomexicanus_ChrY,41300000,42300000,0.017818
neomexicanus_ChrY,41400000,42400000,0.01738
neomexicanus_ChrY,41500000,42500000,0.014318
neomexicanus_ChrY,41600000,42600000,0.014371
neomexicanus_ChrY,41700000,42700000,0.013304
neomexicanus_ChrY,41800000,42800000,0.008692
neomexicanus_ChrY,41900000,42900000,0.00888
neomexicanus_ChrY,42000000,43000000,0.009671
neomexicanus_ChrY,42100000,43100000,0.009971
neomexicanus_ChrY,42200000,43200000,0.021383
neomexicanus_ChrY,42300000,43300000,0.022633
neomexicanus_ChrY,42400000,43400000,0.022944
neomexicanus_ChrY,42500000,43500000,0.023038
neomexicanus_ChrY,42600000,43600000,0.022985
neomexicanus_ChrY,42700000,43700000,0.023307
neomexicanus_ChrY,42800000,43800000,0.023445
neomexicanus_ChrY,42900000,43900000,0.022698
neomexicanus_ChrY,43000000,44000000,0.023188
neomexicanus_ChrY,43100000,44100000,0.02302
neomexicanus_ChrY,43200000,44200000,0.013595
neomexicanus_ChrY,43300000,44300000,0.013443
neomexicanus_ChrY,43400000,44400000,0.014169
neomexicanus_ChrY,43500000,44500000,0.016314
neomexicanus_ChrY,43600000,44600000,0.024625
neomexicanus_ChrY,43700000,44700000,0.025141
neomexicanus_ChrY,43800000,44800000,0.024627
neomexicanus_ChrY,43900000,44900000,0.025337
neomexicanus_ChrY,44000000,45000000,0.02539
neomexicanus_ChrY,44100000,45100000,0.024823
neomexicanus_ChrY,44200000,45200000,0.02373
neomexicanus_ChrY,44300000,45300000,0.023089
neomexicanus_ChrY,44400000,45400000,0.023126
neomexicanus_ChrY,44500000,45500000,0.021747
neomexicanus_ChrY,44600000,45600000,0.013808
neomexicanus_ChrY,44700000,45700000,0.014758
neomexicanus_ChrY,44800000,45800000,0.016025
neomexicanus_ChrY,44900000,45900000,0.016838
neomexicanus_ChrY,45000000,46000000,0.01554
neomexicanus_ChrY,45100000,46100000,0.015206
neomexicanus_ChrY,45200000,46200000,0.015334
neomexicanus_ChrY,45300000,46300000,0.016106
neomexicanus_ChrY,45400000,46400000,0.01612
neomexicanus_ChrY,45500000,46500000,0.014878
neomexicanus_ChrY,45600000,46600000,0.014457
neomexicanus_ChrY,45700000,46700000,0.012468
neomexicanus_ChrY,45800000,46800000,0.013538
neomexicanus_ChrY,45900000,46900000,0.013604
neomexicanus_ChrY,46000000,47000000,0.015044
neomexicanus_ChrY,46100000,47100000,0.016399
neomexicanus_ChrY,46200000,47200000,0.017018
neomexicanus_ChrY,46300000,47300000,0.016951
neomexicanus_ChrY,46400000,47400000,0.017686
neomexicanus_ChrY,46500000,47500000,0.018904
neomexicanus_ChrY,46600000,47600000,0.020333
neomexicanus_ChrY,46700000,47700000,0.045454
neomexicanus_ChrY,46800000,47800000,0.045444
neomexicanus_ChrY,46900000,47900000,0.054692
neomexicanus_ChrY,47000000,48000000,0.055692
neomexicanus_ChrY,47100000,48100000,0.055041
neomexicanus_ChrY,47200000,48200000,0.054462
neomexicanus_ChrY,47300000,48300000,0.054587
neomexicanus_ChrY,47400000,48400000,0.054279
neomexicanus_ChrY,47500000,48500000,0.055254
neomexicanus_ChrY,47600000,48600000,0.053299
neomexicanus_ChrY,47700000,48700000,0.029511
neomexicanus_ChrY,47800000,48800000,0.026789
neomexicanus_ChrY,47900000,48900000,0.01563
neomexicanus_ChrY,48000000,49000000,0.014908
neomexicanus_ChrY,48100000,49100000,0.015281
neomexicanus_ChrY,48200000,49200000,0.01545
neomexicanus_ChrY,48300000,49300000,0.015868
neomexicanus_ChrY,48400000,49400000,0.01482
neomexicanus_ChrY,48500000,49500000,0.022743
neomexicanus_ChrY,48600000,49600000,0.023572
neomexicanus_ChrY,48700000,49700000,0.024152
neomexicanus_ChrY,48800000,49800000,0.02704
neomexicanus_ChrY,48900000,49900000,0.027963
neomexicanus_ChrY,49000000,50000000,0.028522
neomexicanus_ChrY,49100000,50100000,0.029332
neomexicanus_ChrY,49200000,50200000,0.028157
neomexicanus_ChrY,49300000,50300000,0.027639
neomexicanus_ChrY,49400000,50400000,0.028457
neomexicanus_ChrY,49500000,50500000,0.021161
neomexicanus_ChrY,49600000,50600000,0.020947
neomexicanus_ChrY,49700000,50700000,0.018753
neomexicanus_ChrY,49800000,50800000,0.015476
neomexicanus_ChrY,49900000,50900000,0.014561
neomexicanus_ChrY,50000000,51000000,0.011922
neomexicanus_ChrY,50100000,51100000,0.010669
neomexicanus_ChrY,50200000,51200000,0.012495
neomexicanus_ChrY,50300000,51300000,0.012002
neomexicanus_ChrY,50400000,51400000,0.011482
neomexicanus_ChrY,50500000,51500000,0.009184
neomexicanus_ChrY,50600000,51600000,0.00964
neomexicanus_ChrY,50700000,51700000,0.011977
neomexicanus_ChrY,50800000,51800000,0.016472
neomexicanus_ChrY,50900000,51900000,0.019089
neomexicanus_ChrY,51000000,52000000,0.021721
neomexicanus_ChrY,51100000,52100000,0.022269
neomexicanus_ChrY,51200000,52200000,0.022853
neomexicanus_ChrY,51300000,52300000,0.023509
neomexicanus_ChrY,51400000,52400000,0.023389
neomexicanus_ChrY,51500000,52500000,0.022934
neomexicanus_ChrY,51600000,52600000,0.022464
neomexicanus_ChrY,51700000,52700000,0.021539
neomexicanus_ChrY,51800000,52800000,0.018687
neomexicanus_ChrY,51900000,52900000,0.016608
neomexicanus_ChrY,52000000,53000000,0.01503
neomexicanus_ChrY,52100000,53100000,0.014246
neomexicanus_ChrY,52200000,53200000,0.013053
neomexicanus_ChrY,52300000,53300000,0.0128
neomexicanus_ChrY,52400000,53400000,0.013528
neomexicanus_ChrY,52500000,53500000,0.013974
neomexicanus_ChrY,52600000,53600000,0.013505
neomexicanus_ChrY,52700000,53700000,0.012338
neomexicanus_ChrY,52800000,53800000,0.011443
neomexicanus_ChrY,52900000,53900000,0.011744
neomexicanus_ChrY,53000000,54000000,0.011561
neomexicanus_ChrY,53100000,54100000,0.011982
neomexicanus_ChrY,53200000,54200000,0.011028
neomexicanus_ChrY,53300000,54300000,0.011491
neomexicanus_ChrY,53400000,54400000,0.010877
neomexicanus_ChrY,53500000,54500000,0.011202
neomexicanus_ChrY,53600000,54600000,0.012228
neomexicanus_ChrY,53700000,54700000,0.012831
neomexicanus_ChrY,53800000,54800000,0.014068
neomexicanus_ChrY,53900000,54900000,0.014936
neomexicanus_ChrY,54000000,55000000,0.01546
neomexicanus_ChrY,54100000,55100000,0.014548
neomexicanus_ChrY,54200000,55200000,0.020351
neomexicanus_ChrY,54300000,55300000,0.03484
neomexicanus_ChrY,54400000,55400000,0.034991
neomexicanus_ChrY,54500000,55500000,0.034573
neomexicanus_ChrY,54600000,55600000,0.033955
neomexicanus_ChrY,54700000,55700000,0.033333
neomexicanus_ChrY,54800000,55800000,0.031749
neomexicanus_ChrY,54900000,55900000,0.031354
neomexicanus_ChrY,55000000,56000000,0.031469
neomexicanus_ChrY,55100000,56100000,0.035972
neomexicanus_ChrY,55200000,56200000,0.031009
neomexicanus_ChrY,55300000,56300000,0.015412
neomexicanus_ChrY,55400000,56400000,0.01558
neomexicanus_ChrY,55500000,56500000,0.016588
neomexicanus_ChrY,55600000,56600000,0.015534
neomexicanus_ChrY,55700000,56700000,0.015389
neomexicanus_ChrY,55800000,56800000,0.015699
neomexicanus_ChrY,55900000,56900000,0.015619
neomexicanus_ChrY,56000000,57000000,0.01509
neomexicanus_ChrY,56100000,57100000,0.011931
neomexicanus_ChrY,56200000,57200000,0.014177
neomexicanus_ChrY,56300000,57300000,0.01487
neomexicanus_ChrY,56400000,57400000,0.016139
neomexicanus_ChrY,56500000,57500000,0.015678
neomexicanus_ChrY,56600000,57600000,0.016881
neomexicanus_ChrY,56700000,57700000,0.018605
neomexicanus_ChrY,56800000,57800000,0.019318
neomexicanus_ChrY,56900000,57900000,0.019853
neomexicanus_ChrY,57000000,58000000,0.020036
neomexicanus_ChrY,57100000,58100000,0.030353
neomexicanus_ChrY,57200000,58200000,0.027924
neomexicanus_ChrY,57300000,58300000,0.040388
neomexicanus_ChrY,57400000,58400000,0.040224
neomexicanus_ChrY,57500000,58500000,0.040323
neomexicanus_ChrY,57600000,58600000,0.040376
neomexicanus_ChrY,57700000,58700000,0.055745
neomexicanus_ChrY,57800000,58800000,0.055602
neomexicanus_ChrY,57900000,58900000,0.05469
neomexicanus_ChrY,58000000,59000000,0.056869
neomexicanus_ChrY,58100000,59100000,0.045143
neomexicanus_ChrY,58200000,59200000,0.046355
neomexicanus_ChrY,58300000,59300000,0.033896
neomexicanus_ChrY,58400000,59400000,0.033172
neomexicanus_ChrY,58500000,59500000,0.033114
neomexicanus_ChrY,58600000,59600000,0.035012
neomexicanus_ChrY,58700000,59700000,0.018722
neomexicanus_ChrY,58800000,59800000,0.018558
neomexicanus_ChrY,58900000,59900000,0.018139
neomexicanus_ChrY,59000000,60000000,0.014806
neomexicanus_ChrY,59100000,60100000,0.014438
neomexicanus_ChrY,59200000,60200000,0.012476
neomexicanus_ChrY,59300000,60300000,0.012279
neomexicanus_ChrY,59400000,60400000,0.012771
neomexicanus_ChrY,59500000,60500000,0.015445
neomexicanus_ChrY,59600000,60600000,0.012187
neomexicanus_ChrY,59700000,60700000,0.010833
neomexicanus_ChrY,59800000,60800000,0.017746
neomexicanus_ChrY,59900000,60900000,0.020429
neomexicanus_ChrY,60000000,61000000,0.02114
neomexicanus_ChrY,60100000,61100000,0.021932
neomexicanus_ChrY,60200000,61200000,0.022103
neomexicanus_ChrY,60300000,61300000,0.021672
neomexicanus_ChrY,60400000,61400000,0.019864
neomexicanus_ChrY,60500000,61500000,0.015604
neomexicanus_ChrY,60600000,61600000,0.017868
neomexicanus_ChrY,60700000,61700000,0.018699
neomexicanus_ChrY,60800000,61800000,0.010698
neomexicanus_ChrY,60900000,61900000,0.009065
neomexicanus_ChrY,61000000,62000000,0.008719
neomexicanus_ChrY,61100000,62100000,0.008436
neomexicanus_ChrY,61200000,62200000,0.009264
neomexicanus_ChrY,61300000,62300000,0.011013
neomexicanus_ChrY,61400000,62400000,0.012006
neomexicanus_ChrY,61500000,62500000,0.012576
neomexicanus_ChrY,61600000,62600000,0.010465
neomexicanus_ChrY,61700000,62700000,0.011252
neomexicanus_ChrY,61800000,62800000,0.011942
neomexicanus_ChrY,61900000,62900000,0.011416
neomexicanus_ChrY,62000000,63000000,0.012781
neomexicanus_ChrY,62100000,63100000,0.01316
neomexicanus_ChrY,62200000,63200000,0.012591
neomexicanus_ChrY,62300000,63300000,0.012059
neomexicanus_ChrY,62400000,63400000,0.011397
neomexicanus_ChrY,62500000,63500000,0.011558
neomexicanus_ChrY,62600000,63600000,0.012061
neomexicanus_ChrY,62700000,63700000,0.01143
neomexicanus_ChrY,62800000,63800000,0.014614
neomexicanus_ChrY,62900000,63900000,0.025757
neomexicanus_ChrY,63000000,64000000,0.02523
neomexicanus_ChrY,63100000,64100000,0.025343
neomexicanus_ChrY,63200000,64200000,0.025793
neomexicanus_ChrY,63300000,64300000,0.025153
neomexicanus_ChrY,63400000,64400000,0.024782
neomexicanus_ChrY,63500000,64500000,0.025426
neomexicanus_ChrY,63600000,64600000,0.025484
neomexicanus_ChrY,63700000,64700000,0.025934
neomexicanus_ChrY,63800000,64800000,0.023281
neomexicanus_ChrY,63900000,64900000,0.011704
neomexicanus_ChrY,64000000,65000000,0.024785
neomexicanus_ChrY,64100000,65100000,0.029516
neomexicanus_ChrY,64200000,65200000,0.0303
neomexicanus_ChrY,64300000,65300000,0.029513
neomexicanus_ChrY,64400000,65400000,0.029373
neomexicanus_ChrY,64500000,65500000,0.028393
neomexicanus_ChrY,64600000,65600000,0.028484
neomexicanus_ChrY,64700000,65700000,0.027853
neomexicanus_ChrY,64800000,65800000,0.030285
neomexicanus_ChrY,64900000,65900000,0.030688
neomexicanus_ChrY,65000000,66000000,0.017414
neomexicanus_ChrY,65100000,66100000,0.014901
neomexicanus_ChrY,65200000,66200000,0.014778
neomexicanus_ChrY,65300000,66300000,0.01738
neomexicanus_ChrY,65400000,66400000,0.018017
neomexicanus_ChrY,65500000,66500000,0.018643
neomexicanus_ChrY,65600000,66600000,0.019125
neomexicanus_ChrY,65700000,66700000,0.033451
neomexicanus_ChrY,65800000,66800000,0.031299
neomexicanus_ChrY,65900000,66900000,0.03108
neomexicanus_ChrY,66000000,67000000,0.030964
neomexicanus_ChrY,66100000,67100000,0.029024
neomexicanus_ChrY,66200000,67200000,0.028715
neomexicanus_ChrY,66300000,67300000,0.026893
neomexicanus_ChrY,66400000,67400000,0.028431
neomexicanus_ChrY,66500000,67500000,0.028564
neomexicanus_ChrY,66600000,67600000,0.032022
neomexicanus_ChrY,66700000,67700000,0.019028
neomexicanus_ChrY,66800000,67800000,0.022615
neomexicanus_ChrY,66900000,67900000,0.023095
neomexicanus_ChrY,67000000,68000000,0.025566
neomexicanus_ChrY,67100000,68100000,0.027171
neomexicanus_ChrY,67200000,68200000,0.026631
neomexicanus_ChrY,67300000,68300000,0.026387
neomexicanus_ChrY,67400000,68400000,0.025463
neomexicanus_ChrY,67500000,68500000,0.025616
neomexicanus_ChrY,67600000,68600000,0.020781
neomexicanus_ChrY,67700000,68700000,0.019093
neomexicanus_ChrY,67800000,68800000,0.014616
neomexicanus_ChrY,67900000,68900000,0.014123
neomexicanus_ChrY,68000000,69000000,0.011209
neomexicanus_ChrY,68100000,69100000,0.010617
neomexicanus_ChrY,68200000,69200000,0.010315
neomexicanus_ChrY,68300000,69300000,0.00956
neomexicanus_ChrY,68400000,69400000,0.008206
neomexicanus_ChrY,68500000,69500000,0.00716
neomexicanus_ChrY,68600000,69600000,0.007114
neomexicanus_ChrY,68700000,69700000,0.006493
neomexicanus_ChrY,68800000,69800000,0.005888
neomexicanus_ChrY,68900000,69900000,0.005988
neomexicanus_ChrY,69000000,70000000,0.006755
neomexicanus_ChrY,69100000,70100000,0.005101
neomexicanus_ChrY,69200000,70200000,0.005319
neomexicanus_ChrY,69300000,70300000,0.005965
neomexicanus_ChrY,69400000,70400000,0.006824
neomexicanus_ChrY,69500000,70500000,0.007117
neomexicanus_ChrY,69600000,70600000,0.007981
neomexicanus_ChrY,69700000,70700000,0.009989
neomexicanus_ChrY,69800000,70800000,0.010597
neomexicanus_ChrY,69900000,70900000,0.010705
neomexicanus_ChrY,70000000,71000000,0.016867
neomexicanus_ChrY,70100000,71100000,0.016463
neomexicanus_ChrY,70200000,71200000,0.017351
neomexicanus_ChrY,70300000,71300000,0.016747
neomexicanus_ChrY,70400000,71400000,0.016621
neomexicanus_ChrY,70500000,71500000,0.017095
neomexicanus_ChrY,70600000,71600000,0.016913
neomexicanus_ChrY,70700000,71700000,0.016269
neomexicanus_ChrY,70800000,71800000,0.023888
neomexicanus_ChrY,70900000,71900000,0.023745
neomexicanus_ChrY,71000000,72000000,0.016969
neomexicanus_ChrY,71100000,72100000,0.016586
neomexicanus_ChrY,71200000,72200000,0.01474
neomexicanus_ChrY,71300000,72300000,0.014443
neomexicanus_ChrY,71400000,72400000,0.013695
neomexicanus_ChrY,71500000,72500000,0.012756
neomexicanus_ChrY,71600000,72600000,0.012069
neomexicanus_ChrY,71700000,72700000,0.010656
neomexicanus_ChrY,71800000,72800000,0.002364
neomexicanus_ChrY,71900000,72900000,0.001512
neomexicanus_ChrY,72000000,73000000,0.001017
neomexicanus_ChrY,72100000,73100000,0.001084
neomexicanus_ChrY,72200000,73200000,0.00121
neomexicanus_ChrY,72300000,73300000,0.001312
neomexicanus_ChrY,72400000,73400000,0.002516
neomexicanus_ChrY,72500000,73500000,0.004463
neomexicanus_ChrY,72600000,73600000,0.006434
neomexicanus_ChrY,72700000,73700000,0.007083
neomexicanus_ChrY,72800000,73800000,0.006977
neomexicanus_ChrY,72900000,73900000,0.007704
neomexicanus_ChrY,73000000,74000000,0.008456
neomexicanus_ChrY,73100000,74100000,0.010281
neomexicanus_ChrY,73200000,74200000,0.011209
neomexicanus_ChrY,73300000,74300000,0.013118
neomexicanus_ChrY,73400000,74400000,0.013905
neomexicanus_ChrY,73500000,74500000,0.016024
neomexicanus_ChrY,73600000,74600000,0.015129
neomexicanus_ChrY,73700000,74700000,0.015947
neomexicanus_ChrY,73800000,74800000,0.01656
neomexicanus_ChrY,73900000,74900000,0.016967
neomexicanus_ChrY,74000000,75000000,0.016676
neomexicanus_ChrY,74100000,75100000,0.016012
neomexicanus_ChrY,74200000,75200000,0.016643
neomexicanus_ChrY,74300000,75300000,0.014716
neomexicanus_ChrY,74400000,75400000,0.012965
neomexicanus_ChrY,74500000,75500000,0.009542
neomexicanus_ChrY,74600000,75600000,0.008898
neomexicanus_ChrY,74700000,75700000,0.008644
neomexicanus_ChrY,74800000,75800000,0.009098
neomexicanus_ChrY,74900000,75900000,0.008147
neomexicanus_ChrY,75000000,76000000,0.007899
neomexicanus_ChrY,75100000,76100000,0.008896
neomexicanus_ChrY,75200000,76200000,0.009183
neomexicanus_ChrY,75300000,76300000,0.011073
neomexicanus_ChrY,75400000,76400000,0.011692
neomexicanus_ChrY,75500000,76500000,0.011812
neomexicanus_ChrY,75600000,76600000,0.012837
neomexicanus_ChrY,75700000,76700000,0.013003
neomexicanus_ChrY,75800000,76800000,0.015637
neomexicanus_ChrY,75900000,76900000,0.016802
neomexicanus_ChrY,76000000,77000000,0.019134
neomexicanus_ChrY,76100000,77100000,0.028045
neomexicanus_ChrY,76200000,77200000,0.027011
neomexicanus_ChrY,76300000,77300000,0.026474
neomexicanus_ChrY,76400000,77400000,0.026431
neomexicanus_ChrY,76500000,77500000,0.026072
neomexicanus_ChrY,76600000,77600000,0.025392
neomexicanus_ChrY,76700000,77700000,0.024682
neomexicanus_ChrY,76800000,77800000,0.021693
neomexicanus_ChrY,76900000,77900000,0.021344
neomexicanus_ChrY,77000000,78000000,0.022035
neomexicanus_ChrY,77100000,78100000,0.012523
neomexicanus_ChrY,77200000,78200000,0.013337
neomexicanus_ChrY,77300000,78300000,0.021284
neomexicanus_ChrY,77400000,78400000,0.022124
neomexicanus_ChrY,77500000,78500000,0.022381
neomexicanus_ChrY,77600000,78600000,0.022764
neomexicanus_ChrY,77700000,78700000,0.024406
neomexicanus_ChrY,77800000,78800000,0.026877
neomexicanus_ChrY,77900000,78900000,0.027349
neomexicanus_ChrY,78000000,79000000,0.030953
neomexicanus_ChrY,78100000,79100000,0.02977
neomexicanus_ChrY,78200000,79200000,0.029302
neomexicanus_ChrY,78300000,79300000,0.024687
neomexicanus_ChrY,78400000,79400000,0.024428
neomexicanus_ChrY,78500000,79500000,0.024199
neomexicanus_ChrY,78600000,79600000,0.026314
neomexicanus_ChrY,78700000,79700000,0.024914
neomexicanus_ChrY,78800000,79800000,0.026135
neomexicanus_ChrY,78900000,79900000,0.026586
neomexicanus_ChrY,79000000,80000000,0.020484
neomexicanus_ChrY,79100000,80100000,0.021161
neomexicanus_ChrY,79200000,80200000,0.025062
neomexicanus_ChrY,79300000,80300000,0.021241
neomexicanus_ChrY,79400000,80400000,0.022626
neomexicanus_ChrY,79500000,80500000,0.026291
neomexicanus_ChrY,79600000,80600000,0.026805
neomexicanus_ChrY,79700000,80700000,0.028616
neomexicanus_ChrY,79800000,80800000,0.026369
neomexicanus_ChrY,79900000,80900000,0.026131
neomexicanus_ChrY,80000000,81000000,0.02813
neomexicanus_ChrY,80100000,81100000,0.027748
neomexicanus_ChrY,80200000,81200000,0.023878
neomexicanus_ChrY,80300000,81300000,0.024224
neomexicanus_ChrY,80400000,81400000,0.02195
neomexicanus_ChrY,80500000,81500000,0.018204
neomexicanus_ChrY,80600000,81600000,0.01492
neomexicanus_ChrY,80700000,81700000,0.01331
neomexicanus_ChrY,80800000,81800000,0.012335
neomexicanus_ChrY,80900000,81900000,0.011323
neomexicanus_ChrY,81000000,82000000,0.009473
neomexicanus_ChrY,81100000,82100000,0.008795
neomexicanus_ChrY,81200000,82200000,0.007628
neomexicanus_ChrY,81300000,82300000,0.006335
neomexicanus_ChrY,81400000,82400000,0.005865
neomexicanus_ChrY,81500000,82500000,0.005717
neomexicanus_ChrY,81600000,82600000,0.005185
neomexicanus_ChrY,81700000,82700000,0.004098
neomexicanus_ChrY,81800000,82800000,0.003112
neomexicanus_ChrY,81900000,82900000,0.002425
neomexicanus_ChrY,82000000,83000000,0.001401
neomexicanus_ChrY,82100000,83100000,0.001501
neomexicanus_ChrY,82200000,83200000,0.00149
neomexicanus_ChrY,82300000,83300000,0.001568
neomexicanus_ChrY,82400000,83400000,0.002393
neomexicanus_ChrY,82500000,83500000,0.00345
neomexicanus_ChrY,82600000,83600000,0.012922
neomexicanus_ChrY,82700000,83700000,0.013436
neomexicanus_ChrY,82800000,83800000,0.013325
neomexicanus_ChrY,82900000,83900000,0.01338
neomexicanus_ChrY,83000000,84000000,0.013435
neomexicanus_ChrY,83100000,84100000,0.013434
neomexicanus_ChrY,83200000,84200000,0.013405
neomexicanus_ChrY,83300000,84300000,0.013404
neomexicanus_ChrY,83400000,84400000,0.012951
neomexicanus_ChrY,83500000,84500000,0.011666
neomexicanus_ChrY,83600000,84600000,0.002273
neomexicanus_ChrY,83700000,84700000,0.001886
neomexicanus_ChrY,83800000,84800000,0.001898
neomexicanus_ChrY,83900000,84900000,0.001872
neomexicanus_ChrY,84000000,85000000,0.003013
neomexicanus_ChrY,84100000,85100000,0.003403
neomexicanus_ChrY,84200000,85200000,0.003481
neomexicanus_ChrY,84300000,85300000,0.004608
neomexicanus_ChrY,84400000,85400000,0.005145
neomexicanus_ChrY,84500000,85500000,0.0055
neomexicanus_ChrY,84600000,85600000,0.00661
neomexicanus_ChrY,84700000,85700000,0.007641
neomexicanus_ChrY,84800000,85800000,0.009138
neomexicanus_ChrY,84900000,85900000,0.009197
neomexicanus_ChrY,85000000,86000000,0.00842
neomexicanus_ChrY,85100000,86100000,0.008345
neomexicanus_ChrY,85200000,86200000,0.013756
neomexicanus_ChrY,85300000,86300000,0.017021
neomexicanus_ChrY,85400000,86400000,0.016479
neomexicanus_ChrY,85500000,86500000,0.016081
neomexicanus_ChrY,85600000,86600000,0.015828
neomexicanus_ChrY,85700000,86700000,0.01552
neomexicanus_ChrY,85800000,86800000,0.014369
neomexicanus_ChrY,85900000,86900000,0.014235
neomexicanus_ChrY,86000000,87000000,0.013839
neomexicanus_ChrY,86100000,87100000,0.013822
neomexicanus_ChrY,86200000,87200000,0.009699
neomexicanus_ChrY,86300000,87300000,0.00547
neomexicanus_ChrY,86400000,87400000,0.005104
neomexicanus_ChrY,86500000,87500000,0.005892
neomexicanus_ChrY,86600000,87600000,0.006242
neomexicanus_ChrY,86700000,87700000,0.005971
neomexicanus_ChrY,86800000,87800000,0.006647
neomexicanus_ChrY,86900000,87900000,0.007173
neomexicanus_ChrY,87000000,88000000,0.008052
neomexicanus_ChrY,87100000,88100000,0.023
neomexicanus_ChrY,87200000,88200000,0.023598
neomexicanus_ChrY,87300000,88300000,0.023958
neomexicanus_ChrY,87400000,88400000,0.024325
neomexicanus_ChrY,87500000,88500000,0.024333
neomexicanus_ChrY,87600000,88600000,0.023161
neomexicanus_ChrY,87700000,88700000,0.022513
neomexicanus_ChrY,87800000,88800000,0.021585
neomexicanus_ChrY,87900000,88900000,0.021243
neomexicanus_ChrY,88000000,89000000,0.020335
neomexicanus_ChrY,88100000,89100000,0.006019
neomexicanus_ChrY,88200000,89200000,0.005753
neomexicanus_ChrY,88300000,89300000,0.005875
neomexicanus_ChrY,88400000,89400000,0.006174
neomexicanus_ChrY,88500000,89500000,0.005882
neomexicanus_ChrY,88600000,89600000,0.008136
neomexicanus_ChrY,88700000,89700000,0.009066
neomexicanus_ChrY,88800000,89800000,0.013307
neomexicanus_ChrY,88900000,89900000,0.020068
neomexicanus_ChrY,89000000,90000000,0.020331
neomexicanus_ChrY,89100000,90100000,0.020236
neomexicanus_ChrY,89200000,90200000,0.018928
neomexicanus_ChrY,89300000,90300000,0.018582
neomexicanus_ChrY,89400000,90400000,0.018445
neomexicanus_ChrY,89500000,90500000,0.018195
neomexicanus_ChrY,89600000,90600000,0.01678
neomexicanus_ChrY,89700000,90700000,0.01713
neomexicanus_ChrY,89800000,90800000,0.013956
neomexicanus_ChrY,89900000,90900000,0.008343
neomexicanus_ChrY,90000000,91000000,0.008249
neomexicanus_ChrY,90100000,91100000,0.007938
neomexicanus_ChrY,90200000,91200000,0.008089
neomexicanus_ChrY,90300000,91300000,0.008426
neomexicanus_ChrY,90400000,91400000,0.008595
neomexicanus_ChrY,90500000,91500000,0.009002
neomexicanus_ChrY,90600000,91600000,0.009103
neomexicanus_ChrY,90700000,91700000,0.008307
neomexicanus_ChrY,90800000,91800000,0.008227
neomexicanus_ChrY,90900000,91900000,0.008025
neomexicanus_ChrY,91000000,92000000,0.008763
neomexicanus_ChrY,91100000,92100000,0.008766
neomexicanus_ChrY,91200000,92200000,0.008209
neomexicanus_ChrY,91300000,92300000,0.007614
neomexicanus_ChrY,91400000,92400000,0.006922
neomexicanus_ChrY,91500000,92500000,0.007419
neomexicanus_ChrY,91600000,92600000,0.007148
neomexicanus_ChrY,91700000,92700000,0.008084
neomexicanus_ChrY,91800000,92800000,0.016818
neomexicanus_ChrY,91900000,92900000,0.016076
neomexicanus_ChrY,92000000,93000000,0.015913
neomexicanus_ChrY,92100000,93100000,0.016455
neomexicanus_ChrY,92200000,93200000,0.016644
neomexicanus_ChrY,92300000,93300000,0.016627
neomexicanus_ChrY,92400000,93400000,0.017382
neomexicanus_ChrY,92500000,93500000,0.017941
neomexicanus_ChrY,92600000,93600000,0.018596
neomexicanus_ChrY,92700000,93700000,0.018274
neomexicanus_ChrY,92800000,93800000,0.009179
neomexicanus_ChrY,92900000,93900000,0.009213
neomexicanus_ChrY,93000000,94000000,0.00919
neomexicanus_ChrY,93100000,94100000,0.008667
neomexicanus_ChrY,93200000,94200000,0.008861
neomexicanus_ChrY,93300000,94300000,0.00987
neomexicanus_ChrY,93400000,94400000,0.009431
neomexicanus_ChrY,93500000,94500000,0.020936
neomexicanus_ChrY,93600000,94600000,0.045411
neomexicanus_ChrY,93700000,94700000,0.044905
neomexicanus_ChrY,93800000,94800000,0.045745
neomexicanus_ChrY,93900000,94900000,0.046078
neomexicanus_ChrY,94000000,95000000,0.046763
neomexicanus_ChrY,94100000,95100000,0.046997
neomexicanus_ChrY,94200000,95200000,0.050335
neomexicanus_ChrY,94300000,95300000,0.049736
neomexicanus_ChrY,94400000,95400000,0.049938
neomexicanus_ChrY,94500000,95500000,0.038004
neomexicanus_ChrY,94600000,95600000,0.013161
neomexicanus_ChrY,94700000,95700000,0.012727
neomexicanus_ChrY,94800000,95800000,0.011417
neomexicanus_ChrY,94900000,95900000,0.011416
neomexicanus_ChrY,95000000,96000000,0.0105
neomexicanus_ChrY,95100000,96100000,0.009565
neomexicanus_ChrY,95200000,96200000,0.006988
neomexicanus_ChrY,95300000,96300000,0.007621
neomexicanus_ChrY,95400000,96400000,0.008285
neomexicanus_ChrY,95500000,96500000,0.007571
neomexicanus_ChrY,95600000,96600000,0.00702
neomexicanus_ChrY,95700000,96700000,0.007837
neomexicanus_ChrY,95800000,96800000,0.008311
neomexicanus_ChrY,95900000,96900000,0.008328
neomexicanus_ChrY,96000000,97000000,0.008877
neomexicanus_ChrY,96100000,97100000,0.01012
neomexicanus_ChrY,96200000,97200000,0.012642
neomexicanus_ChrY,96300000,97300000,0.016566
neomexicanus_ChrY,96400000,97400000,0.01627
neomexicanus_ChrY,96500000,97500000,0.0186
neomexicanus_ChrY,96600000,97600000,0.020697
neomexicanus_ChrY,96700000,97700000,0.023156
neomexicanus_ChrY,96800000,97800000,0.037106
neomexicanus_ChrY,96900000,97900000,0.038791
neomexicanus_ChrY,97000000,98000000,0.038293
neomexicanus_ChrY,97100000,98100000,0.039484
neomexicanus_ChrY,97200000,98200000,0.051332
neomexicanus_ChrY,97300000,98300000,0.046959
neomexicanus_ChrY,97400000,98400000,0.047826
neomexicanus_ChrY,97500000,98500000,0.045675
neomexicanus_ChrY,97600000,98600000,0.043863
neomexicanus_ChrY,97700000,98700000,0.041426
neomexicanus_ChrY,97800000,98800000,0.028662
neomexicanus_ChrY,97900000,98900000,0.028006
neomexicanus_ChrY,98000000,99000000,0.031161
neomexicanus_ChrY,98100000,99100000,0.030232
neomexicanus_ChrY,98200000,99200000,0.01677
neomexicanus_ChrY,98300000,99300000,0.017616
neomexicanus_ChrY,98400000,99400000,0.017039
neomexicanus_ChrY,98500000,99500000,0.017475
neomexicanus_ChrY,98600000,99600000,0.029085
neomexicanus_ChrY,98700000,99700000,0.029131
neomexicanus_ChrY,98800000,99800000,0.033779
neomexicanus_ChrY,98900000,99900000,0.032934
neomexicanus_ChrY,99000000,100000000,0.030956
neomexicanus_ChrY,99100000,100100000,0.0315
neomexicanus_ChrY,99200000,100200000,0.031528
neomexicanus_ChrY,99300000,100300000,0.030319
neomexicanus_ChrY,99400000,100400000,0.029506
neomexicanus_ChrY,99500000,100500000,0.029763
neomexicanus_ChrY,99600000,100600000,0.019818
neomexicanus_ChrY,99700000,100700000,0.019486
neomexicanus_ChrY,99800000,100800000,0.017307
neomexicanus_ChrY,99900000,100900000,0.017534
neomexicanus_ChrY,100000000,101000000,0.019681
neomexicanus_ChrY,100100000,101100000,0.019518
neomexicanus_ChrY,100200000,101200000,0.017818
neomexicanus_ChrY,100300000,101300000,0.01836
neomexicanus_ChrY,100400000,101400000,0.018743
neomexicanus_ChrY,100500000,101500000,0.018138
neomexicanus_ChrY,100600000,101600000,0.016405
neomexicanus_ChrY,100700000,101700000,0.025319
neomexicanus_ChrY,100800000,101800000,0.02368
neomexicanus_ChrY,100900000,101900000,0.02323
neomexicanus_ChrY,101000000,102000000,0.02093
neomexicanus_ChrY,101100000,102100000,0.021445
neomexicanus_ChrY,101200000,102200000,0.022449
neomexicanus_ChrY,101300000,102300000,0.022296
neomexicanus_ChrY,101400000,102400000,0.022859
neomexicanus_ChrY,101500000,102500000,0.023484
neomexicanus_ChrY,101600000,102600000,0.024306
neomexicanus_ChrY,101700000,102700000,0.015746
neomexicanus_ChrY,101800000,102800000,0.013225
neomexicanus_ChrY,101900000,102900000,0.01315
neomexicanus_ChrY,102000000,103000000,0.011817
neomexicanus_ChrY,102100000,103100000,0.009722
neomexicanus_ChrY,102200000,103200000,0.00874
neomexicanus_ChrY,102300000,103300000,0.008199
neomexicanus_ChrY,102400000,103400000,0.007189
neomexicanus_ChrY,102500000,103500000,0.005766
neomexicanus_ChrY,102600000,103600000,0.004773
neomexicanus_ChrY,102700000,103700000,0.003751
neomexicanus_ChrY,102800000,103800000,0.004552
neomexicanus_ChrY,102900000,103900000,0.004756
neomexicanus_ChrY,103000000,104000000,0.005573
neomexicanus_ChrY,103100000,104100000,0.006505
neomexicanus_ChrY,103200000,104200000,0.006802
neomexicanus_ChrY,103300000,104300000,0.006634
neomexicanus_ChrY,103400000,104400000,0.006326
neomexicanus_ChrY,103500000,104500000,0.006375
neomexicanus_ChrY,103600000,104600000,0.005852
neomexicanus_ChrY,103700000,104700000,0.006801
neomexicanus_ChrY,103800000,104800000,0.006731
neomexicanus_ChrY,103900000,104900000,0.00687
neomexicanus_ChrY,104000000,105000000,0.007
neomexicanus_ChrY,104100000,105100000,0.006528
neomexicanus_ChrY,104200000,105200000,0.006843
neomexicanus_ChrY,104300000,105300000,0.007738
neomexicanus_ChrY,104400000,105400000,0.009239
neomexicanus_ChrY,104500000,105500000,0.010546
neomexicanus_ChrY,104600000,105600000,0.011467
neomexicanus_ChrY,104700000,105700000,0.011567
neomexicanus_ChrY,104800000,105800000,0.011108
neomexicanus_ChrY,104900000,105900000,0.010993
neomexicanus_ChrY,105000000,106000000,0.012423
neomexicanus_ChrY,105100000,106100000,0.012421
neomexicanus_ChrY,105200000,106200000,0.011685
neomexicanus_ChrY,105300000,106300000,0.011912
neomexicanus_ChrY,105400000,106400000,0.011377
neomexicanus_ChrY,105500000,106500000,0.010724
neomexicanus_ChrY,105600000,106600000,0.010335
neomexicanus_ChrY,105700000,106700000,0.01017
neomexicanus_ChrY,105800000,106800000,0.010387
neomexicanus_ChrY,105900000,106900000,0.010304
neomexicanus_ChrY,106000000,107000000,0.021148
neomexicanus_ChrY,106100000,107100000,0.021638
neomexicanus_ChrY,106200000,107200000,0.022405
neomexicanus_ChrY,106300000,107300000,0.021226
neomexicanus_ChrY,106400000,107400000,0.020176
neomexicanus_ChrY,106500000,107500000,0.019459
neomexicanus_ChrY,106600000,107600000,0.018943
neomexicanus_ChrY,106700000,107700000,0.018083
neomexicanus_ChrY,106800000,107800000,0.0297
neomexicanus_ChrY,106900000,107900000,0.02934
neomexicanus_ChrY,107000000,108000000,0.015885
neomexicanus_ChrY,107100000,108100000,0.015444
neomexicanus_ChrY,107200000,108200000,0.015138
neomexicanus_ChrY,107300000,108300000,0.015804
neomexicanus_ChrY,107400000,108400000,0.016947
neomexicanus_ChrY,107500000,108500000,0.017644
neomexicanus_ChrY,107600000,108600000,0.01759
neomexicanus_ChrY,107700000,108700000,0.022261
neomexicanus_ChrY,107800000,108800000,0.010339
neomexicanus_ChrY,107900000,108900000,0.011243
neomexicanus_ChrY,108000000,109000000,0.01626
neomexicanus_ChrY,108100000,109100000,0.015932
neomexicanus_ChrY,108200000,109200000,0.017174
neomexicanus_ChrY,108300000,109300000,0.016749
neomexicanus_ChrY,108400000,109400000,0.015991
neomexicanus_ChrY,108500000,109500000,0.015562
neomexicanus_ChrY,108600000,109600000,0.015516
neomexicanus_ChrY,108700000,109700000,0.011604
neomexicanus_ChrY,108800000,109800000,0.011273
neomexicanus_ChrY,108900000,109900000,0.009939
neomexicanus_ChrY,109000000,110000000,0.004986
neomexicanus_ChrY,109100000,110100000,0.004508
neomexicanus_ChrY,109200000,110200000,0.002989
neomexicanus_ChrY,109300000,110300000,0.003163
neomexicanus_ChrY,109400000,110400000,0.00334
neomexicanus_ChrY,109500000,110500000,0.003225
neomexicanus_ChrY,109600000,110600000,0.003799
neomexicanus_ChrY,109700000,110700000,0.003283
neomexicanus_ChrY,109800000,110800000,0.003455
neomexicanus_ChrY,109900000,110900000,0.003975
neomexicanus_ChrY,110000000,111000000,0.004578
neomexicanus_ChrY,110100000,111100000,0.004828
neomexicanus_ChrY,110200000,111200000,0.007933
neomexicanus_ChrY,110300000,111300000,0.012032
neomexicanus_ChrY,110400000,111400000,0.023681
neomexicanus_ChrY,110500000,111500000,0.02751
neomexicanus_ChrY,110600000,111600000,0.02781
neomexicanus_ChrY,110700000,111700000,0.028059
neomexicanus_ChrY,110800000,111800000,0.027921
neomexicanus_ChrY,110900000,111900000,0.027462
neomexicanus_ChrY,111000000,112000000,0.026835
neomexicanus_ChrY,111100000,112100000,0.026539
neomexicanus_ChrY,111200000,112200000,0.023041
neomexicanus_ChrY,111300000,112300000,0.018632
neomexicanus_ChrY,111400000,112400000,0.006554
neomexicanus_ChrY,111500000,112500000,0.002657
neomexicanus_ChrY,111600000,112600000,0.001827
neomexicanus_ChrY,111700000,112700000,0.001298
neomexicanus_ChrY,111800000,112800000,0.001231
neomexicanus_ChrY,111900000,112900000,0.001202
neomexicanus_ChrY,112000000,113000000,0.001071
neomexicanus_ChrY,112100000,113100000,0.001136
neomexicanus_ChrY,112200000,113200000,0.001112
neomexicanus_ChrY,112300000,113300000,0.00107
neomexicanus_ChrY,112400000,113400000,0.001024
neomexicanus_ChrY,112500000,113500000,0.00105
neomexicanus_ChrY,112600000,113600000,0.001147
neomexicanus_ChrY,112700000,113700000,0.001364
neomexicanus_ChrY,112800000,113800000,0.001386
neomexicanus_ChrY,112900000,113900000,0.001337
neomexicanus_ChrY,113000000,114000000,0.001381
neomexicanus_ChrY,113100000,114100000,0.001442
neomexicanus_ChrY,113200000,114200000,0.001357
neomexicanus_ChrY,113300000,114300000,0.001384
neomexicanus_ChrY,113400000,114400000,0.001401
neomexicanus_ChrY,113500000,114500000,0.001331
neomexicanus_ChrY,113600000,114600000,0.00152
neomexicanus_ChrY,113700000,114700000,0.002735
neomexicanus_ChrY,113800000,114800000,0.00366
neomexicanus_ChrY,113900000,114900000,0.005702
neomexicanus_ChrY,114000000,115000000,0.006845
neomexicanus_ChrY,114100000,115100000,0.013376
neomexicanus_ChrY,114200000,115200000,0.013706
neomexicanus_ChrY,114300000,115300000,0.013614
neomexicanus_ChrY,114400000,115400000,0.015328
neomexicanus_ChrY,114500000,115500000,0.017287
neomexicanus_ChrY,114600000,115600000,0.01851
neomexicanus_ChrY,114700000,115700000,0.018516
neomexicanus_ChrY,114800000,115800000,0.019866
neomexicanus_ChrY,114900000,115900000,0.019047
neomexicanus_ChrY,115000000,116000000,0.018576
neomexicanus_ChrY,115100000,116100000,0.012629
neomexicanus_ChrY,115200000,116200000,0.013647
neomexicanus_ChrY,115300000,116300000,0.014043
neomexicanus_ChrY,115400000,116400000,0.023101
neomexicanus_ChrY,115500000,116500000,0.02176
neomexicanus_ChrY,115600000,116600000,0.020562
neomexicanus_ChrY,115700000,116700000,0.019416
neomexicanus_ChrY,115800000,116800000,0.017122
neomexicanus_ChrY,115900000,116900000,0.016007
neomexicanus_ChrY,116000000,117000000,0.015386
neomexicanus_ChrY,116100000,117100000,0.014723
neomexicanus_ChrY,116200000,117200000,0.013368
neomexicanus_ChrY,116300000,117300000,0.013125
neomexicanus_ChrY,116400000,117400000,0.002325
neomexicanus_ChrY,116500000,117500000,0.001663
neomexicanus_ChrY,116600000,117600000,0.00131
neomexicanus_ChrY,116700000,117700000,0.002217
neomexicanus_ChrY,116800000,117800000,0.00349
neomexicanus_ChrY,116900000,117900000,0.003808
neomexicanus_ChrY,117000000,118000000,0.004752
neomexicanus_ChrY,117100000,118100000,0.005852
neomexicanus_ChrY,117200000,118200000,0.006049
neomexicanus_ChrY,117300000,118300000,0.00634
neomexicanus_ChrY,117400000,118400000,0.006905
neomexicanus_ChrY,117500000,118500000,0.007669
neomexicanus_ChrY,117600000,118600000,0.01046
neomexicanus_ChrY,117700000,118700000,0.010912
neomexicanus_ChrY,117800000,118800000,0.009845
neomexicanus_ChrY,117900000,118900000,0.010244
neomexicanus_ChrY,118000000,119000000,0.011159
neomexicanus_ChrY,118100000,119100000,0.010875
neomexicanus_ChrY,118200000,119200000,0.011011
neomexicanus_ChrY,118300000,119300000,0.010977
neomexicanus_ChrY,118400000,119400000,0.010358
neomexicanus_ChrY,118500000,119500000,0.009972
neomexicanus_ChrY,118600000,119600000,0.007895
neomexicanus_ChrY,118700000,119700000,0.007339
neomexicanus_ChrY,118800000,119800000,0.007665
neomexicanus_ChrY,118900000,119900000,0.022561
neomexicanus_ChrY,119000000,120000000,0.027343
neomexicanus_ChrY,119100000,120100000,0.026772
neomexicanus_ChrY,119200000,120200000,0.027039
neomexicanus_ChrY,119300000,120300000,0.026745
neomexicanus_ChrY,119400000,120400000,0.02818
neomexicanus_ChrY,119500000,120500000,0.028658
neomexicanus_ChrY,119600000,120600000,0.028601
neomexicanus_ChrY,119700000,120700000,0.027852
neomexicanus_ChrY,119800000,120800000,0.027896
neomexicanus_ChrY,119900000,120900000,0.01755
neomexicanus_ChrY,120000000,121000000,0.011935
neomexicanus_ChrY,120100000,121100000,0.014496
neomexicanus_ChrY,120200000,121200000,0.014446
neomexicanus_ChrY,120300000,121300000,0.015258
neomexicanus_ChrY,120400000,121400000,0.019278
neomexicanus_ChrY,120500000,121500000,0.019544
neomexicanus_ChrY,120600000,121600000,0.020999
neomexicanus_ChrY,120700000,121700000,0.021975
neomexicanus_ChrY,120800000,121800000,0.022182
neomexicanus_ChrY,120900000,121900000,0.016857
neomexicanus_ChrY,121000000,122000000,0.015947
neomexicanus_ChrY,121100000,122100000,0.013134
neomexicanus_ChrY,121200000,122200000,0.012631
neomexicanus_ChrY,121300000,122300000,0.011705
neomexicanus_ChrY,121400000,122400000,0.006274
neomexicanus_ChrY,121500000,122500000,0.005242
neomexicanus_ChrY,121600000,122600000,0.003327
neomexicanus_ChrY,121700000,122700000,0.00206
neomexicanus_ChrY,121800000,122800000,0.001225
neomexicanus_ChrY,121900000,122900000,0.001252
neomexicanus_ChrY,122000000,123000000,0.001162
neomexicanus_ChrY,122100000,123100000,0.002305
neomexicanus_ChrY,122200000,123200000,0.004622
neomexicanus_ChrY,122300000,123300000,0.00555
neomexicanus_ChrY,122400000,123400000,0.005989
neomexicanus_ChrY,122500000,123500000,0.006647
neomexicanus_ChrY,122600000,123600000,0.007976
neomexicanus_ChrY,122700000,123700000,0.021432
neomexicanus_ChrY,122800000,123800000,0.022447
neomexicanus_ChrY,122900000,123900000,0.023097
neomexicanus_ChrY,123000000,124000000,0.025015
neomexicanus_ChrY,123100000,124100000,0.025669
neomexicanus_ChrY,123200000,124200000,0.024556
neomexicanus_ChrY,123300000,124300000,0.024946
neomexicanus_ChrY,123400000,124400000,0.029028
neomexicanus_ChrY,123500000,124500000,0.030487
neomexicanus_ChrY,123600000,124600000,0.030105
neomexicanus_ChrY,123700000,124700000,0.017739
neomexicanus_ChrY,123800000,124800000,0.016736
neomexicanus_ChrY,123900000,124900000,0.016148
neomexicanus_ChrY,124000000,125000000,0.015384
neomexicanus_ChrY,124100000,125100000,0.015069
neomexicanus_ChrY,124200000,125200000,0.014697
neomexicanus_ChrY,124300000,125300000,0.014194
neomexicanus_ChrY,124400000,125400000,0.010344
neomexicanus_ChrY,124500000,125500000,0.020046
neomexicanus_ChrY,124600000,125600000,0.020046
neomexicanus_ChrY,124700000,125700000,0.018944
neomexicanus_ChrY,124800000,125800000,0.018924
neomexicanus_ChrY,124900000,125900000,0.018855
neomexicanus_ChrY,125000000,126000000,0.018143
neomexicanus_ChrY,125100000,126100000,0.017288
neomexicanus_ChrY,125200000,126200000,0.017544
neomexicanus_ChrY,125300000,126300000,0.018739
neomexicanus_ChrY,125400000,126400000,0.018493
neomexicanus_ChrY,125500000,126500000,0.006984
neomexicanus_ChrY,125600000,126600000,0.007255
neomexicanus_ChrY,125700000,126700000,0.008261
neomexicanus_ChrY,125800000,126800000,0.009589
neomexicanus_ChrY,125900000,126900000,0.010277
neomexicanus_ChrY,126000000,127000000,0.013892
neomexicanus_ChrY,126100000,127100000,0.014932
neomexicanus_ChrY,126200000,127200000,0.01398
neomexicanus_ChrY,126300000,127300000,0.01235
neomexicanus_ChrY,126400000,127400000,0.011953
neomexicanus_ChrY,126500000,127500000,0.017317
neomexicanus_ChrY,126600000,127600000,0.017376
neomexicanus_ChrY,126700000,127700000,0.018268
neomexicanus_ChrY,126800000,127800000,0.017688
neomexicanus_ChrY,126900000,127900000,0.018457
neomexicanus_ChrY,127000000,128000000,0.015672
neomexicanus_ChrY,127100000,128100000,0.016735
neomexicanus_ChrY,127200000,128200000,0.01776
neomexicanus_ChrY,127300000,128300000,0.018165
neomexicanus_ChrY,127400000,128400000,0.018593
neomexicanus_ChrY,127500000,128500000,0.013539
neomexicanus_ChrY,127600000,128600000,0.013015
neomexicanus_ChrY,127700000,128700000,0.011095
neomexicanus_ChrY,127800000,128800000,0.010268
neomexicanus_ChrY,127900000,128900000,0.008916
neomexicanus_ChrY,128000000,129000000,0.008108
neomexicanus_ChrY,128100000,129100000,0.006407
neomexicanus_ChrY,128200000,129200000,0.005493
neomexicanus_ChrY,128300000,129300000,0.005173
neomexicanus_ChrY,128400000,129400000,0.005678
neomexicanus_ChrY,128500000,129500000,0.005684
neomexicanus_ChrY,128600000,129600000,0.00469
neomexicanus_ChrY,128700000,129700000,0.005305
neomexicanus_ChrY,128800000,129800000,0.006326
neomexicanus_ChrY,128900000,129900000,0.007037
neomexicanus_ChrY,129000000,130000000,0.007078
neomexicanus_ChrY,129100000,130100000,0.007111
neomexicanus_ChrY,129200000,130200000,0.008147
neomexicanus_ChrY,129300000,130300000,0.008902
neomexicanus_ChrY,129400000,130400000,0.009041
neomexicanus_ChrY,129500000,130500000,0.009947
neomexicanus_ChrY,129600000,130600000,0.011296
neomexicanus_ChrY,129700000,130700000,0.011869
neomexicanus_ChrY,129800000,130800000,0.011843
neomexicanus_ChrY,129900000,130900000,0.011655
neomexicanus_ChrY,130000000,131000000,0.012152
neomexicanus_ChrY,130100000,131100000,0.012864
neomexicanus_ChrY,130200000,131200000,0.011674
neomexicanus_ChrY,130300000,131300000,0.011065
neomexicanus_ChrY,130400000,131400000,0.010401
neomexicanus_ChrY,130500000,131500000,0.00945
neomexicanus_ChrY,130600000,131600000,0.024581
neomexicanus_ChrY,130700000,131700000,0.024059
neomexicanus_ChrY,130800000,131800000,0.024805
neomexicanus_ChrY,130900000,131900000,0.025112
neomexicanus_ChrY,131000000,132000000,0.02563
neomexicanus_ChrY,131100000,132100000,0.024928
neomexicanus_ChrY,131200000,132200000,0.026895
neomexicanus_ChrY,131300000,132300000,0.027666
neomexicanus_ChrY,131400000,132400000,0.027952
neomexicanus_ChrY,131500000,132500000,0.028973
neomexicanus_ChrY,131600000,132600000,0.013885
neomexicanus_ChrY,131700000,132700000,0.014638
neomexicanus_ChrY,131800000,132800000,0.017789
neomexicanus_ChrY,131900000,132900000,0.017152
neomexicanus_ChrY,132000000,133000000,0.016468
neomexicanus_ChrY,132100000,133100000,0.01708
neomexicanus_ChrY,132200000,133200000,0.016186
neomexicanus_ChrY,132300000,133300000,0.016257
neomexicanus_ChrY,132400000,133400000,0.017651
neomexicanus_ChrY,132500000,133500000,0.01683
neomexicanus_ChrY,132600000,133600000,0.017389
neomexicanus_ChrY,132700000,133700000,0.01615
neomexicanus_ChrY,132800000,133800000,0.01145
neomexicanus_ChrY,132900000,133900000,0.012082
neomexicanus_ChrY,133000000,134000000,0.012855
neomexicanus_ChrY,133100000,134100000,0.01198
neomexicanus_ChrY,133200000,134200000,0.011785
neomexicanus_ChrY,133300000,134300000,0.010817
neomexicanus_ChrY,133400000,134400000,0.010332
neomexicanus_ChrY,133500000,134500000,0.009923
neomexicanus_ChrY,133600000,134600000,0.009795
neomexicanus_ChrY,133700000,134700000,0.01115
neomexicanus_ChrY,133800000,134800000,0.011861
neomexicanus_ChrY,133900000,134900000,0.011738
neomexicanus_ChrY,134000000,135000000,0.011442
neomexicanus_ChrY,134100000,135100000,0.011892
neomexicanus_ChrY,134200000,135200000,0.013716
neomexicanus_ChrY,134300000,135300000,0.014622
neomexicanus_ChrY,134400000,135400000,0.014426
neomexicanus_ChrY,134500000,135500000,0.015193
neomexicanus_ChrY,134600000,135600000,0.013942
neomexicanus_ChrY,134700000,135700000,0.013479
neomexicanus_ChrY,134800000,135800000,0.013189
neomexicanus_ChrY,134900000,135900000,0.013705
neomexicanus_ChrY,135000000,136000000,0.013037
neomexicanus_ChrY,135100000,136100000,0.013501
neomexicanus_ChrY,135200000,136200000,0.013009
neomexicanus_ChrY,135300000,136300000,0.013377
neomexicanus_ChrY,135400000,136400000,0.013694
neomexicanus_ChrY,135500000,136500000,0.014154
neomexicanus_ChrY,135600000,136600000,0.01489
neomexicanus_ChrY,135700000,136700000,0.019951
neomexicanus_ChrY,135800000,136800000,0.02096
neomexicanus_ChrY,135900000,136900000,0.020928
neomexicanus_ChrY,136000000,137000000,0.020617
neomexicanus_ChrY,136100000,137100000,0.020223
neomexicanus_ChrY,136200000,137200000,0.018917
neomexicanus_ChrY,136300000,137300000,0.017548
neomexicanus_ChrY,136400000,137400000,0.016958
neomexicanus_ChrY,136500000,137500000,0.016309
neomexicanus_ChrY,136600000,137600000,0.015237
neomexicanus_ChrY,136700000,137700000,0.009724
neomexicanus_ChrY,136800000,137800000,0.008604
neomexicanus_ChrY,136900000,137900000,0.008722
neomexicanus_ChrY,137000000,138000000,0.009362
neomexicanus_ChrY,137100000,138100000,0.009066
neomexicanus_ChrY,137200000,138200000,0.009115
neomexicanus_ChrY,137300000,138300000,0.009421
neomexicanus_ChrY,137400000,138400000,0.009012
neomexicanus_ChrY,137500000,138500000,0.008672
neomexicanus_ChrY,137600000,138600000,0.009637
neomexicanus_ChrY,137700000,138700000,0.010167
neomexicanus_ChrY,137800000,138800000,0.010822
neomexicanus_ChrY,137900000,138900000,0.010623
neomexicanus_ChrY,138000000,139000000,0.011598
neomexicanus_ChrY,138100000,139100000,0.011193
neomexicanus_ChrY,138200000,139200000,0.010643
neomexicanus_ChrY,138300000,139300000,0.010777
neomexicanus_ChrY,138400000,139400000,0.010557
neomexicanus_ChrY,138500000,139500000,0.013183
neomexicanus_ChrY,138600000,139600000,0.025742
neomexicanus_ChrY,138700000,139700000,0.025044
neomexicanus_ChrY,138800000,139800000,0.024663
neomexicanus_ChrY,138900000,139900000,0.024643
neomexicanus_ChrY,139000000,140000000,0.02328
neomexicanus_ChrY,139100000,140100000,0.023181
neomexicanus_ChrY,139200000,140200000,0.023917
neomexicanus_ChrY,139300000,140300000,0.024066
neomexicanus_ChrY,139400000,140400000,0.024631
neomexicanus_ChrY,139500000,140500000,0.022314
neomexicanus_ChrY,139600000,140600000,0.009338
neomexicanus_ChrY,139700000,140700000,0.009341
neomexicanus_ChrY,139800000,140800000,0.009357
neomexicanus_ChrY,139900000,140900000,0.00899
neomexicanus_ChrY,140000000,141000000,0.009444
neomexicanus_ChrY,140100000,141100000,0.009982
neomexicanus_ChrY,140200000,141200000,0.009339
neomexicanus_ChrY,140300000,141300000,0.009223
neomexicanus_ChrY,140400000,141400000,0.009258
neomexicanus_ChrY,140500000,141500000,0.00959
neomexicanus_ChrY,140600000,141600000,0.010221
neomexicanus_ChrY,140700000,141700000,0.011552
neomexicanus_ChrY,140800000,141800000,0.012212
neomexicanus_ChrY,140900000,141900000,0.012703
neomexicanus_ChrY,141000000,142000000,0.012139
neomexicanus_ChrY,141100000,142100000,0.011865
neomexicanus_ChrY,141200000,142200000,0.011844
neomexicanus_ChrY,141300000,142300000,0.011274
neomexicanus_ChrY,141400000,142400000,0.010264
neomexicanus_ChrY,141500000,142500000,0.008957
neomexicanus_ChrY,141600000,142600000,0.007659
neomexicanus_ChrY,141700000,142700000,0.006474
neomexicanus_ChrY,141800000,142800000,0.006729
neomexicanus_ChrY,141900000,142900000,0.006378
neomexicanus_ChrY,142000000,143000000,0.007213
neomexicanus_ChrY,142100000,143100000,0.009714
neomexicanus_ChrY,142200000,143200000,0.010605
neomexicanus_ChrY,142300000,143300000,0.014501
neomexicanus_ChrY,142400000,143400000,0.015642
neomexicanus_ChrY,142500000,143500000,0.016596
neomexicanus_ChrY,142600000,143600000,0.017323
neomexicanus_ChrY,142700000,143700000,0.01766
neomexicanus_ChrY,142800000,143800000,0.016433
neomexicanus_ChrY,142900000,143900000,0.015925
neomexicanus_ChrY,143000000,144000000,0.015137
neomexicanus_ChrY,143100000,144100000,0.012417
neomexicanus_ChrY,143200000,144200000,0.011252
neomexicanus_ChrY,143300000,144300000,0.007558
neomexicanus_ChrY,143400000,144400000,0.00932
neomexicanus_ChrY,143500000,144500000,0.009012
neomexicanus_ChrY,143600000,144600000,0.008822
neomexicanus_ChrY,143700000,144700000,0.008482
neomexicanus_ChrY,143800000,144800000,0.008901
neomexicanus_ChrY,143900000,144900000,0.008888
neomexicanus_ChrY,144000000,145000000,0.00885
neomexicanus_ChrY,144100000,145100000,0.008339
neomexicanus_ChrY,144200000,145200000,0.008169
neomexicanus_ChrY,144300000,145300000,0.007821
neomexicanus_ChrY,144400000,145400000,0.004835
neomexicanus_ChrY,144500000,145500000,0.004217
neomexicanus_ChrY,144600000,145600000,0.003727
neomexicanus_ChrY,144700000,145700000,0.003473
neomexicanus_ChrY,144800000,145800000,0.00278
neomexicanus_ChrY,144900000,145900000,0.002524
neomexicanus_ChrY,145000000,146000000,0.002002
neomexicanus_ChrY,145100000,146100000,0.00215
neomexicanus_ChrY,145200000,146200000,0.002
neomexicanus_ChrY,145300000,146300000,0.002026
neomexicanus_ChrY,145400000,146400000,0.002058
neomexicanus_ChrY,145500000,146500000,0.002055
neomexicanus_ChrY,145600000,146600000,0.002059
neomexicanus_ChrY,145700000,146700000,0.001703
neomexicanus_ChrY,145800000,146800000,0.001766
neomexicanus_ChrY,145900000,146900000,0.001644
neomexicanus_ChrY,146000000,147000000,0.0034
neomexicanus_ChrY,146100000,147100000,0.003919
neomexicanus_ChrY,146200000,147200000,0.006184
neomexicanus_ChrY,146300000,147300000,0.006827
neomexicanus_ChrY,146400000,147400000,0.014998
neomexicanus_ChrY,146500000,147500000,0.015922
neomexicanus_ChrY,146600000,147600000,0.017252
neomexicanus_ChrY,146700000,147700000,0.017769
neomexicanus_ChrY,146800000,147800000,0.019309
neomexicanus_ChrY,146900000,147900000,0.020153
neomexicanus_ChrY,147000000,148000000,0.023876
neomexicanus_ChrY,147100000,148100000,0.029247
neomexicanus_ChrY,147200000,148200000,0.028523
neomexicanus_ChrY,147300000,148300000,0.030431
neomexicanus_ChrY,147400000,148400000,0.022165
neomexicanus_ChrY,147500000,148500000,0.022004
neomexicanus_ChrY,147600000,148600000,0.02093
neomexicanus_ChrY,147700000,148700000,0.022019
neomexicanus_ChrY,147800000,148800000,0.05312
neomexicanus_ChrY,147900000,148900000,0.053161
neomexicanus_ChrY,148000000,149000000,0.047887
neomexicanus_ChrY,148100000,149100000,0.042317
neomexicanus_ChrY,148200000,149200000,0.041072
neomexicanus_ChrY,148300000,149300000,0.039142
neomexicanus_ChrY,148400000,149400000,0.039741
neomexicanus_ChrY,148500000,149500000,0.040461
neomexicanus_ChrY,148600000,149600000,0.052803
neomexicanus_ChrY,148700000,149700000,0.054928
neomexicanus_ChrY,148800000,149800000,0.022039
neomexicanus_ChrY,148900000,149900000,0.021034
neomexicanus_ChrY,149000000,150000000,0.02081
neomexicanus_ChrY,149100000,150100000,0.020236
neomexicanus_ChrY,149200000,150200000,0.020139
neomexicanus_ChrY,149300000,150300000,0.019382
neomexicanus_ChrY,149400000,150400000,0.018739
neomexicanus_ChrY,149500000,150500000,0.017306
neomexicanus_ChrY,149600000,150600000,0.004722
neomexicanus_ChrY,149700000,150700000,0.001047
neomexicanus_ChrY,149800000,150800000,0.001209
neomexicanus_ChrY,149900000,150900000,0.001223
neomexicanus_ChrY,150000000,151000000,0.001297
neomexicanus_ChrY,150100000,151100000,0.001586
neomexicanus_ChrY,150200000,151200000,0.001461
neomexicanus_ChrY,150300000,151300000,0.001492
neomexicanus_ChrY,150400000,151400000,0.001513
neomexicanus_ChrY,150500000,151500000,0.001379
neomexicanus_ChrY,150600000,151600000,0.001336
neomexicanus_ChrY,150700000,151700000,0.001407
neomexicanus_ChrY,150800000,151800000,0.003685
neomexicanus_ChrY,150900000,151900000,0.004526
neomexicanus_ChrY,151000000,152000000,0.005698
neomexicanus_ChrY,151100000,152100000,0.005509
neomexicanus_ChrY,151200000,152200000,0.005439
neomexicanus_ChrY,151300000,152300000,0.005489
neomexicanus_ChrY,151400000,152400000,0.005489
neomexicanus_ChrY,151500000,152500000,0.005579
neomexicanus_ChrY,151600000,152600000,0.005687
neomexicanus_ChrY,151700000,152700000,0.008604
neomexicanus_ChrY,151800000,152800000,0.00649
neomexicanus_ChrY,151900000,152900000,0.006174
neomexicanus_ChrY,152000000,153000000,0.005942
neomexicanus_ChrY,152100000,153100000,0.006479
neomexicanus_ChrY,152200000,153200000,0.007326
neomexicanus_ChrY,152300000,153300000,0.008622
neomexicanus_ChrY,152400000,153400000,0.009101
neomexicanus_ChrY,152500000,153500000,0.011043
neomexicanus_ChrY,152600000,153600000,0.011784
neomexicanus_ChrY,152700000,153700000,0.009347
neomexicanus_ChrY,152800000,153800000,0.010595
neomexicanus_ChrY,152900000,153900000,0.011974
neomexicanus_ChrY,153000000,154000000,0.014069
neomexicanus_ChrY,153100000,154100000,0.013785
neomexicanus_ChrY,153200000,154200000,0.012936
neomexicanus_ChrY,153300000,154300000,0.011573
neomexicanus_ChrY,153400000,154400000,0.012874
neomexicanus_ChrY,153500000,154500000,0.011932
neomexicanus_ChrY,153600000,154600000,0.013089
neomexicanus_ChrY,153700000,154700000,0.014573
neomexicanus_ChrY,153800000,154800000,0.014544
neomexicanus_ChrY,153900000,154900000,0.013679
neomexicanus_ChrY,154000000,155000000,0.012206
neomexicanus_ChrY,154100000,155100000,0.013005
neomexicanus_ChrY,154200000,155200000,0.013895
neomexicanus_ChrY,154300000,155300000,0.015935
neomexicanus_ChrY,154400000,155400000,0.015569
neomexicanus_ChrY,154500000,155500000,0.016675
neomexicanus_ChrY,154600000,155600000,0.01588
neomexicanus_ChrY,154700000,155700000,0.014085
neomexicanus_ChrY,154800000,155800000,0.013234
neomexicanus_ChrY,154900000,155900000,0.01399
neomexicanus_ChrY,155000000,156000000,0.015533
neomexicanus_ChrY,155100000,156100000,0.018343
neomexicanus_ChrY,155200000,156200000,0.018901
neomexicanus_ChrY,155300000,156300000,0.022162
neomexicanus_ChrY,155400000,156400000,0.029526
neomexicanus_ChrY,155500000,156500000,0.028339
neomexicanus_ChrY,155600000,156600000,0.027631
neomexicanus_ChrY,155700000,156700000,0.028291
neomexicanus_ChrY,155800000,156800000,0.028863
neomexicanus_ChrY,155900000,156900000,0.028636
neomexicanus_ChrY,156000000,157000000,0.026269
neomexicanus_ChrY,156100000,157100000,0.023451
neomexicanus_ChrY,156200000,157200000,0.023255
neomexicanus_ChrY,156300000,157300000,0.019155
neomexicanus_ChrY,156400000,157400000,0.010771
neomexicanus_ChrY,156500000,157500000,0.011057
neomexicanus_ChrY,156600000,157600000,0.012179
neomexicanus_ChrY,156700000,157700000,0.011221
neomexicanus_ChrY,156800000,157800000,0.010033
neomexicanus_ChrY,156900000,157900000,0.008501
neomexicanus_ChrY,157000000,158000000,0.008183
neomexicanus_ChrY,157100000,158100000,0.007938
neomexicanus_ChrY,157200000,158200000,0.007393
neomexicanus_ChrY,157300000,158300000,0.00767
neomexicanus_ChrY,157400000,158400000,0.0093
neomexicanus_ChrY,157500000,158500000,0.00954
neomexicanus_ChrY,157600000,158600000,0.009305
neomexicanus_ChrY,157700000,158700000,0.010518
neomexicanus_ChrY,157800000,158800000,0.011385
neomexicanus_ChrY,157900000,158900000,0.012047
neomexicanus_ChrY,158000000,159000000,0.012409
neomexicanus_ChrY,158100000,159100000,0.012452
neomexicanus_ChrY,158200000,159200000,0.012296
neomexicanus_ChrY,158300000,159300000,0.011213
neomexicanus_ChrY,158400000,159400000,0.010647
neomexicanus_ChrY,158500000,159500000,0.009941
neomexicanus_ChrY,158600000,159600000,0.008435
neomexicanus_ChrY,158700000,159700000,0.007869
neomexicanus_ChrY,158800000,159800000,0.008143
neomexicanus_ChrY,158900000,159900000,0.008959
neomexicanus_ChrY,159000000,160000000,0.008772
neomexicanus_ChrY,159100000,160100000,0.009389
neomexicanus_ChrY,159200000,160200000,0.010865
neomexicanus_ChrY,159300000,160300000,0.011861
neomexicanus_ChrY,159400000,160400000,0.011243
neomexicanus_ChrY,159500000,160500000,0.011168
neomexicanus_ChrY,159600000,160600000,0.012476
neomexicanus_ChrY,159700000,160700000,0.012806
neomexicanus_ChrY,159800000,160800000,0.012219
neomexicanus_ChrY,159900000,160900000,0.011674
neomexicanus_ChrY,160000000,161000000,0.011917
neomexicanus_ChrY,160100000,161100000,0.011735
neomexicanus_ChrY,160200000,161200000,0.011008
neomexicanus_ChrY,160300000,161300000,0.011513
neomexicanus_ChrY,160400000,161400000,0.012089
neomexicanus_ChrY,160500000,161500000,0.012241
neomexicanus_ChrY,160600000,161600000,0.012049
neomexicanus_ChrY,160700000,161700000,0.012074
neomexicanus_ChrY,160800000,161800000,0.012199
neomexicanus_ChrY,160900000,161900000,0.011738
neomexicanus_ChrY,161000000,162000000,0.011962
neomexicanus_ChrY,161100000,162100000,0.01146
neomexicanus_ChrY,161200000,162200000,0.010994
neomexicanus_ChrY,161300000,162300000,0.00989
neomexicanus_ChrY,161400000,162400000,0.009362
neomexicanus_ChrY,161500000,162500000,0.00961
neomexicanus_ChrY,161600000,162600000,0.009463
neomexicanus_ChrY,161700000,162700000,0.009185
neomexicanus_ChrY,161800000,162800000,0.009415
neomexicanus_ChrY,161900000,162900000,0.009709
neomexicanus_ChrY,162000000,163000000,0.009305
neomexicanus_ChrY,162100000,163100000,0.009742
neomexicanus_ChrY,162200000,163200000,0.010437
neomexicanus_ChrY,162300000,163300000,0.010107
neomexicanus_ChrY,162400000,163400000,0.010118
neomexicanus_ChrY,162500000,163500000,0.009838
neomexicanus_ChrY,162600000,163600000,0.01008
neomexicanus_ChrY,162700000,163700000,0.009738
neomexicanus_ChrY,162800000,163800000,0.01012
neomexicanus_ChrY,162900000,163900000,0.010277
neomexicanus_ChrY,163000000,164000000,0.010323
neomexicanus_ChrY,163100000,164100000,0.010014
neomexicanus_ChrY,163200000,164200000,0.009686
neomexicanus_ChrY,163300000,164300000,0.010571
neomexicanus_ChrY,163400000,164400000,0.01149
neomexicanus_ChrY,163500000,164500000,0.017113
neomexicanus_ChrY,163600000,164600000,0.020952
neomexicanus_ChrY,163700000,164700000,0.026717
neomexicanus_ChrY,163800000,164800000,0.025787
neomexicanus_ChrY,163900000,164900000,0.026569
neomexicanus_ChrY,164000000,165000000,0.026482
neomexicanus_ChrY,164100000,165100000,0.027314
neomexicanus_ChrY,164200000,165200000,0.027874
neomexicanus_ChrY,164300000,165300000,0.02945
neomexicanus_ChrY,164400000,165400000,0.028948
neomexicanus_ChrY,164500000,165500000,0.023689
neomexicanus_ChrY,164600000,165600000,0.019394
neomexicanus_ChrY,164700000,165700000,0.015648
neomexicanus_ChrY,164800000,165800000,0.018539
neomexicanus_ChrY,164900000,165900000,0.020171
neomexicanus_ChrY,165000000,166000000,0.020761
neomexicanus_ChrY,165100000,166100000,0.020036
neomexicanus_ChrY,165200000,166200000,0.018645
neomexicanus_ChrY,165300000,166300000,0.017234
neomexicanus_ChrY,165400000,166400000,0.01929
neomexicanus_ChrY,165500000,166500000,0.019595
neomexicanus_ChrY,165600000,166600000,0.021224
neomexicanus_ChrY,165700000,166700000,0.020769
neomexicanus_ChrY,165800000,166800000,0.018195
neomexicanus_ChrY,165900000,166900000,0.015364
neomexicanus_ChrY,166000000,167000000,0.025785
neomexicanus_ChrY,166100000,167100000,0.029541
neomexicanus_ChrY,166200000,167200000,0.029258
neomexicanus_ChrY,166300000,167300000,0.027788
neomexicanus_ChrY,166400000,167400000,0.024743
neomexicanus_ChrY,166500000,167500000,0.023535
neomexicanus_ChrY,166600000,167600000,0.021358
neomexicanus_ChrY,166700000,167700000,0.019426
neomexicanus_ChrY,166800000,167800000,0.019837
neomexicanus_ChrY,166900000,167900000,0.02119
neomexicanus_ChrY,167000000,168000000,0.011579
neomexicanus_ChrY,167100000,168100000,0.017422
neomexicanus_ChrY,167200000,168200000,0.031408
neomexicanus_ChrY,167300000,168300000,0.032655
neomexicanus_ChrY,167400000,168400000,0.033609
neomexicanus_ChrY,167500000,168500000,0.033939
neomexicanus_ChrY,167600000,168600000,0.034942
neomexicanus_ChrY,167700000,168700000,0.035902
neomexicanus_ChrY,167800000,168800000,0.03495
neomexicanus_ChrY,167900000,168900000,0.039333
neomexicanus_ChrY,168000000,169000000,0.038973
neomexicanus_ChrY,168100000,169100000,0.029838
neomexicanus_ChrY,168200000,169200000,0.018251
neomexicanus_ChrY,168300000,169300000,0.020933
neomexicanus_ChrY,168400000,169400000,0.021986
neomexicanus_ChrY,168500000,169500000,0.023132
neomexicanus_ChrY,168600000,169600000,0.023436
neomexicanus_ChrY,168700000,169700000,0.024439
neomexicanus_ChrY,168800000,169800000,0.024807
neomexicanus_ChrY,168900000,169900000,0.020936
neomexicanus_ChrY,169000000,170000000,0.022013
neomexicanus_ChrY,169100000,170100000,0.021026
neomexicanus_ChrY,169200000,170200000,0.019764
neomexicanus_ChrY,169300000,170300000,0.017383
neomexicanus_ChrY,169400000,170400000,0.021903
neomexicanus_ChrY,169500000,170500000,0.021347
neomexicanus_ChrY,169600000,170600000,0.021254
neomexicanus_ChrY,169700000,170700000,0.022558
neomexicanus_ChrY,169800000,170800000,0.023212
neomexicanus_ChrY,169900000,170900000,0.022326
neomexicanus_ChrY,170000000,171000000,0.023743
neomexicanus_ChrY,170100000,171100000,0.023217
neomexicanus_ChrY,170200000,171200000,0.022037
neomexicanus_ChrY,170300000,171300000,0.021197
neomexicanus_ChrY,170400000,171400000,0.01657
neomexicanus_ChrY,170500000,171500000,0.016614
neomexicanus_ChrY,170600000,171600000,0.016861
neomexicanus_ChrY,170700000,171700000,0.015463
neomexicanus_ChrY,170800000,171800000,0.01464
neomexicanus_ChrY,170900000,171900000,0.013788
neomexicanus_ChrY,171000000,172000000,0.010368
neomexicanus_ChrY,171100000,172100000,0.010673
neomexicanus_ChrY,171200000,172200000,0.014233
neomexicanus_ChrY,171300000,172300000,0.023594
neomexicanus_ChrY,171400000,172400000,0.02204
neomexicanus_ChrY,171500000,172500000,0.022051
neomexicanus_ChrY,171600000,172600000,0.020975
neomexicanus_ChrY,171700000,172700000,0.019406
neomexicanus_ChrY,171800000,172800000,0.020561
neomexicanus_ChrY,171900000,172900000,0.020212
neomexicanus_ChrY,172000000,173000000,0.020605
neomexicanus_ChrY,172100000,173100000,0.022823
neomexicanus_ChrY,172200000,173200000,0.021307
neomexicanus_ChrY,172300000,173300000,0.011813
neomexicanus_ChrY,172400000,173400000,0.011817
neomexicanus_ChrY,172500000,173500000,0.011586
neomexicanus_ChrY,172600000,173600000,0.012422
neomexicanus_ChrY,172700000,173700000,0.012877
neomexicanus_ChrY,172800000,173800000,0.023091
neomexicanus_ChrY,172900000,173900000,0.022992
neomexicanus_ChrY,173000000,174000000,0.021869
neomexicanus_ChrY,173100000,174100000,0.019434
neomexicanus_ChrY,173200000,174200000,0.018408
neomexicanus_ChrY,173300000,174300000,0.019886
neomexicanus_ChrY,173400000,174400000,0.021362
neomexicanus_ChrY,173500000,174500000,0.021717
neomexicanus_ChrY,173600000,174600000,0.020984
neomexicanus_ChrY,173700000,174700000,0.021363
neomexicanus_ChrY,173800000,174800000,0.010545
neomexicanus_ChrY,173900000,174900000,0.012134
neomexicanus_ChrY,174000000,175000000,0.012573
neomexicanus_ChrY,174100000,175100000,0.018098
neomexicanus_ChrY,174200000,175200000,0.018857
neomexicanus_ChrY,174300000,175300000,0.018472
neomexicanus_ChrY,174400000,175400000,0.017746
neomexicanus_ChrY,174500000,175500000,0.017358
neomexicanus_ChrY,174600000,175600000,0.016731
neomexicanus_ChrY,174700000,175700000,0.01607
neomexicanus_ChrY,174800000,175800000,0.016069
neomexicanus_ChrY,174900000,175900000,0.01729
neomexicanus_ChrY,175000000,176000000,0.0195
neomexicanus_ChrY,175100000,176100000,0.014969
neomexicanus_ChrY,175200000,176200000,0.014006
neomexicanus_ChrY,175300000,176300000,0.014907
neomexicanus_ChrY,175400000,176400000,0.014908
neomexicanus_ChrY,175500000,176500000,0.01547
neomexicanus_ChrY,175600000,176600000,0.020526
neomexicanus_ChrY,175700000,176700000,0.020735
neomexicanus_ChrY,175800000,176800000,0.027461
neomexicanus_ChrY,175900000,176900000,0.02489
neomexicanus_ChrY,176000000,177000000,0.023781
neomexicanus_ChrY,176100000,177100000,0.023069
neomexicanus_ChrY,176200000,177200000,0.023446
neomexicanus_ChrY,176300000,177300000,0.022747
neomexicanus_ChrY,176400000,177400000,0.021585
neomexicanus_ChrY,176500000,177500000,0.021247
neomexicanus_ChrY,176600000,177600000,0.016781
neomexicanus_ChrY,176700000,177700000,0.017751
neomexicanus_ChrY,176800000,177800000,0.010685
neomexicanus_ChrY,176900000,177900000,0.010987
neomexicanus_ChrY,177000000,178000000,0.011173
neomexicanus_ChrY,177100000,178100000,0.011195
neomexicanus_ChrY,177200000,178200000,0.010562
neomexicanus_ChrY,177300000,178300000,0.009861
neomexicanus_ChrY,177400000,178400000,0.010007
neomexicanus_ChrY,177500000,178500000,0.009217
neomexicanus_ChrY,177600000,178600000,0.009559
neomexicanus_ChrY,177700000,178700000,0.008707
neomexicanus_ChrY,177800000,178800000,0.008959
neomexicanus_ChrY,177900000,178900000,0.009613
neomexicanus_ChrY,178000000,179000000,0.008807
neomexicanus_ChrY,178100000,179100000,0.00904
neomexicanus_ChrY,178200000,179200000,0.010125
neomexicanus_ChrY,178300000,179300000,0.009702
neomexicanus_ChrY,178400000,179400000,0.010034
neomexicanus_ChrY,178500000,179500000,0.011478
neomexicanus_ChrY,178600000,179600000,0.012751
neomexicanus_ChrY,178700000,179700000,0.012096
neomexicanus_ChrY,178800000,179800000,0.011824
neomexicanus_ChrY,178900000,179900000,0.01365
neomexicanus_ChrY,179000000,180000000,0.015593
neomexicanus_ChrY,179100000,180100000,0.016164
neomexicanus_ChrY,179200000,180200000,0.015359
neomexicanus_ChrY,179300000,180300000,0.015546
neomexicanus_ChrY,179400000,180400000,0.015684
neomexicanus_ChrY,179500000,180500000,0.014694
neomexicanus_ChrY,179600000,180600000,0.013675
neomexicanus_ChrY,179700000,180700000,0.015116
neomexicanus_ChrY,179800000,180800000,0.018882
neomexicanus_ChrY,179900000,180900000,0.017441
neomexicanus_ChrY,180000000,181000000,0.017053
neomexicanus_ChrY,180100000,181100000,0.017155
neomexicanus_ChrY,180200000,181200000,0.016831
neomexicanus_ChrY,180300000,181300000,0.015878
neomexicanus_ChrY,180400000,181400000,0.016989
neomexicanus_ChrY,180500000,181500000,0.017122
neomexicanus_ChrY,180600000,181600000,0.016918
neomexicanus_ChrY,180700000,181700000,0.017909
neomexicanus_ChrY,180800000,181800000,0.015198
neomexicanus_ChrY,180900000,181900000,0.013877
neomexicanus_ChrY,181000000,182000000,0.020479
neomexicanus_ChrY,181100000,182100000,0.023806
neomexicanus_ChrY,181200000,182200000,0.028794
neomexicanus_ChrY,181300000,182300000,0.033318
neomexicanus_ChrY,181400000,182400000,0.032399
neomexicanus_ChrY,181500000,182500000,0.032659
neomexicanus_ChrY,181600000,182600000,0.032566
neomexicanus_ChrY,181700000,182700000,0.030381
neomexicanus_ChrY,181800000,182800000,0.029419
neomexicanus_ChrY,181900000,182900000,0.039686
neomexicanus_ChrY,182000000,183000000,0.030997
neomexicanus_ChrY,182100000,183100000,0.027717
neomexicanus_ChrY,182200000,183200000,0.023789
neomexicanus_ChrY,182300000,183300000,0.019887
neomexicanus_ChrY,182400000,183400000,0.019953
neomexicanus_ChrY,182500000,183500000,0.019935
neomexicanus_ChrY,182600000,183600000,0.023744
neomexicanus_ChrY,182700000,183700000,0.024365
neomexicanus_ChrY,182800000,183800000,0.024476
neomexicanus_ChrY,182900000,183900000,0.014696
neomexicanus_ChrY,183000000,184000000,0.014541
neomexicanus_ChrY,183100000,184100000,0.013818
neomexicanus_ChrY,183200000,184200000,0.012563
neomexicanus_ChrY,183300000,184300000,0.012018
neomexicanus_ChrY,183400000,184400000,0.011615
neomexicanus_ChrY,183500000,184500000,0.011642
neomexicanus_ChrY,183600000,184600000,0.008356
neomexicanus_ChrY,183700000,184700000,0.009063
neomexicanus_ChrY,183800000,184800000,0.012123
neomexicanus_ChrY,183900000,184900000,0.011366
neomexicanus_ChrY,184000000,185000000,0.012192
neomexicanus_ChrY,184100000,185100000,0.012411
neomexicanus_ChrY,184200000,185200000,0.012728
neomexicanus_ChrY,184300000,185300000,0.013677
neomexicanus_ChrY,184400000,185400000,0.013053
neomexicanus_ChrY,184500000,185500000,0.011758
neomexicanus_ChrY,184600000,185600000,0.011043
neomexicanus_ChrY,184700000,185700000,0.009953
neomexicanus_ChrY,184800000,185800000,0.006511
neomexicanus_ChrY,184900000,185900000,0.0063
neomexicanus_ChrY,185000000,186000000,0.005324
neomexicanus_ChrY,185100000,186100000,0.005732
neomexicanus_ChrY,185200000,186200000,0.006621
neomexicanus_ChrY,185300000,186300000,0.007302
neomexicanus_ChrY,185400000,186400000,0.008956
neomexicanus_ChrY,185500000,186500000,0.009167
neomexicanus_ChrY,185600000,186600000,0.008755
neomexicanus_ChrY,185700000,186700000,0.008357
neomexicanus_ChrY,185800000,186800000,0.008173
neomexicanus_ChrY,185900000,186900000,0.008308
neomexicanus_ChrY,186000000,187000000,0.008237
neomexicanus_ChrY,186100000,187100000,0.006906
neomexicanus_ChrY,186200000,187200000,0.005365
neomexicanus_ChrY,186300000,187300000,0.003794
neomexicanus_ChrY,186400000,187400000,0.002099
neomexicanus_ChrY,186500000,187500000,0.002467
neomexicanus_ChrY,186600000,187600000,0.002447
neomexicanus_ChrY,186700000,187700000,0.003022
neomexicanus_ChrY,186800000,187800000,0.013684
neomexicanus_ChrY,186900000,187900000,0.013573
neomexicanus_ChrY,187000000,188000000,0.01358
neomexicanus_ChrY,187100000,188100000,0.013644
neomexicanus_ChrY,187200000,188200000,0.013616
neomexicanus_ChrY,187300000,188300000,0.013556
neomexicanus_ChrY,187400000,188400000,0.013771
neomexicanus_ChrY,187500000,188500000,0.01315
neomexicanus_ChrY,187600000,188600000,0.012816
neomexicanus_ChrY,187700000,188700000,0.011916
neomexicanus_ChrY,187800000,188800000,0.001138
neomexicanus_ChrY,187900000,188900000,0.001279
neomexicanus_ChrY,188000000,189000000,0.001498
neomexicanus_ChrY,188100000,189100000,0.002172
neomexicanus_ChrY,188200000,189200000,0.002448
neomexicanus_ChrY,188300000,189300000,0.021734
neomexicanus_ChrY,188400000,189400000,0.021901
neomexicanus_ChrY,188500000,189500000,0.024193
neomexicanus_ChrY,188600000,189600000,0.026176
neomexicanus_ChrY,188700000,189700000,0.027048
neomexicanus_ChrY,188800000,189800000,0.03439
neomexicanus_ChrY,188900000,189900000,0.034573
neomexicanus_ChrY,189000000,190000000,0.034998
neomexicanus_ChrY,189100000,190100000,0.034879
neomexicanus_ChrY,189200000,190200000,0.034729
neomexicanus_ChrY,189300000,190300000,0.01725
neomexicanus_ChrY,189400000,190400000,0.01761
neomexicanus_ChrY,189500000,190500000,0.016241
neomexicanus_ChrY,189600000,190600000,0.015336
neomexicanus_ChrY,189700000,190700000,0.01557
neomexicanus_ChrY,189800000,190800000,0.008417
neomexicanus_ChrY,189900000,190900000,0.008932
neomexicanus_ChrY,190000000,191000000,0.008604
neomexicanus_ChrY,190100000,191100000,0.009284
neomexicanus_ChrY,190200000,191200000,0.0095
neomexicanus_ChrY,190300000,191300000,0.00843
neomexicanus_ChrY,190400000,191400000,0.008883
neomexicanus_ChrY,190500000,191500000,0.008962
neomexicanus_ChrY,190600000,191600000,0.009055
neomexicanus_ChrY,190700000,191700000,0.008333
neomexicanus_ChrY,190800000,191800000,0.008633
neomexicanus_ChrY,190900000,191900000,0.008254
neomexicanus_ChrY,191000000,192000000,0.007802
neomexicanus_ChrY,191100000,192100000,0.009919
neomexicanus_ChrY,191200000,192200000,0.016031
neomexicanus_ChrY,191300000,192300000,0.015672
neomexicanus_ChrY,191400000,192400000,0.014811
neomexicanus_ChrY,191500000,192500000,0.014027
neomexicanus_ChrY,191600000,192600000,0.013618
neomexicanus_ChrY,191700000,192700000,0.015103
neomexicanus_ChrY,191800000,192800000,0.015567
neomexicanus_ChrY,191900000,192900000,0.019236
neomexicanus_ChrY,192000000,193000000,0.019772
neomexicanus_ChrY,192100000,193100000,0.017429
neomexicanus_ChrY,192200000,193200000,0.020314
neomexicanus_ChrY,192300000,193300000,0.029395
neomexicanus_ChrY,192400000,193400000,0.03584
neomexicanus_ChrY,192500000,193500000,0.038531
neomexicanus_ChrY,192600000,193600000,0.04441
neomexicanus_ChrY,192700000,193700000,0.043599
neomexicanus_ChrY,192800000,193800000,0.042957
neomexicanus_ChrY,192900000,193900000,0.039717
neomexicanus_ChrY,193000000,194000000,0.039628
neomexicanus_ChrY,193100000,194100000,0.038701
neomexicanus_ChrY,193200000,194200000,0.030127
neomexicanus_ChrY,193300000,194300000,0.022058
neomexicanus_ChrY,193400000,194400000,0.016112
neomexicanus_ChrY,193500000,194500000,0.018587
neomexicanus_ChrY,193600000,194600000,0.012565
neomexicanus_ChrY,193700000,194700000,0.012805
neomexicanus_ChrY,193800000,194800000,0.012936
neomexicanus_ChrY,193900000,194900000,0.012087
neomexicanus_ChrY,194000000,195000000,0.011836
neomexicanus_ChrY,194100000,195100000,0.011891
neomexicanus_ChrY,194200000,195200000,0.011667
neomexicanus_ChrY,194300000,195300000,0.015837
neomexicanus_ChrY,194400000,195400000,0.016236
neomexicanus_ChrY,194500000,195500000,0.012
neomexicanus_ChrY,194600000,195600000,0.012589
neomexicanus_ChrY,194700000,195700000,0.01234
neomexicanus_ChrY,194800000,195800000,0.012866
neomexicanus_ChrY,194900000,195900000,0.012852
neomexicanus_ChrY,195000000,196000000,0.012883
neomexicanus_ChrY,195100000,196100000,0.014072
neomexicanus_ChrY,195200000,196200000,0.014125
neomexicanus_ChrY,195300000,196300000,0.019335
neomexicanus_ChrY,195400000,196400000,0.019468
neomexicanus_ChrY,195500000,196500000,0.020073
neomexicanus_ChrY,195600000,196600000,0.020198
neomexicanus_ChrY,195700000,196700000,0.021302
neomexicanus_ChrY,195800000,196800000,0.020652
neomexicanus_ChrY,195900000,196900000,0.021112
neomexicanus_ChrY,196000000,197000000,0.021341
neomexicanus_ChrY,196100000,197100000,0.021072
neomexicanus_ChrY,196200000,197200000,0.021059
neomexicanus_ChrY,196300000,197300000,0.010976
neomexicanus_ChrY,196400000,197400000,0.01041
neomexicanus_ChrY,196500000,197500000,0.009046
neomexicanus_ChrY,196600000,197600000,0.008439
neomexicanus_ChrY,196700000,197700000,0.007656
neomexicanus_ChrY,196800000,197800000,0.008892
neomexicanus_ChrY,196900000,197900000,0.009
neomexicanus_ChrY,197000000,198000000,0.009564
neomexicanus_ChrY,197100000,198100000,0.009028
neomexicanus_ChrY,197200000,198200000,0.00988
neomexicanus_ChrY,197300000,198300000,0.009629
neomexicanus_ChrY,197400000,198400000,0.008893
neomexicanus_ChrY,197500000,198500000,0.008797
neomexicanus_ChrY,197600000,198600000,0.008626
neomexicanus_ChrY,197700000,198700000,0.008233
neomexicanus_ChrY,197800000,198800000,0.007122
neomexicanus_ChrY,197900000,198900000,0.006926
neomexicanus_ChrY,198000000,199000000,0.005974
neomexicanus_ChrY,198100000,199100000,0.005553
neomexicanus_ChrY,198200000,199200000,0.004489
neomexicanus_ChrY,198300000,199300000,0.004395
neomexicanus_ChrY,198400000,199400000,0.004369
neomexicanus_ChrY,198500000,199500000,0.004215
neomexicanus_ChrY,198600000,199600000,0.003796
neomexicanus_ChrY,198700000,199700000,0.002882
neomexicanus_ChrY,198800000,199800000,0.002429
neomexicanus_ChrY,198900000,199900000,0.002005
neomexicanus_ChrY,199000000,200000000,0.002062
neomexicanus_ChrY,199100000,200100000,0.002044
neomexicanus_ChrY,199200000,200200000,0.001678
neomexicanus_ChrY,199300000,200300000,0.001259
neomexicanus_ChrY,199400000,200400000,0.001412
neomexicanus_ChrY,199500000,200500000,0.001369
neomexicanus_ChrY,199600000,200600000,0.001233
neomexicanus_ChrY,199700000,200700000,0.001331
neomexicanus_ChrY,199800000,200800000,0.001283
neomexicanus_ChrY,199900000,200900000,0.001389
neomexicanus_ChrY,200000000,201000000,0.001268
neomexicanus_ChrY,200100000,201100000,0.001636
neomexicanus_ChrY,200200000,201200000,0.001711
neomexicanus_ChrY,200300000,201300000,0.002121
neomexicanus_ChrY,200400000,201400000,0.002789
neomexicanus_ChrY,200500000,201500000,0.003664
neomexicanus_ChrY,200600000,201600000,0.003642
neomexicanus_ChrY,200700000,201700000,0.004067
neomexicanus_ChrY,200800000,201800000,0.005683
neomexicanus_ChrY,200900000,201900000,0.006287
neomexicanus_ChrY,201000000,202000000,0.00904
neomexicanus_ChrY,201100000,202100000,0.010387
neomexicanus_ChrY,201200000,202200000,0.01169
neomexicanus_ChrY,201300000,202300000,0.018151
neomexicanus_ChrY,201400000,202400000,0.017471
neomexicanus_ChrY,201500000,202500000,0.016502
neomexicanus_ChrY,201600000,202600000,0.016656
neomexicanus_ChrY,201700000,202700000,0.016238
neomexicanus_ChrY,201800000,202800000,0.014554
neomexicanus_ChrY,201900000,202900000,0.014203
neomexicanus_ChrY,202000000,203000000,0.012347
neomexicanus_ChrY,202100000,203100000,0.011453
neomexicanus_ChrY,202200000,203200000,0.011127
neomexicanus_ChrY,202300000,203300000,0.005105
neomexicanus_ChrY,202400000,203400000,0.005821
neomexicanus_ChrY,202500000,203500000,0.006885
neomexicanus_ChrY,202600000,203600000,0.008194
neomexicanus_ChrY,202700000,203700000,0.008667
neomexicanus_ChrY,202800000,203800000,0.009472
neomexicanus_ChrY,202900000,203900000,0.009621
neomexicanus_ChrY,203000000,204000000,0.009263
neomexicanus_ChrY,203100000,204100000,0.009466
neomexicanus_ChrY,203200000,204200000,0.009417
neomexicanus_ChrY,203300000,204300000,0.009611
neomexicanus_ChrY,203400000,204400000,0.00956
neomexicanus_ChrY,203500000,204500000,0.009528
neomexicanus_ChrY,203600000,204600000,0.008343
neomexicanus_ChrY,203700000,204700000,0.007702
neomexicanus_ChrY,203800000,204800000,0.007161
neomexicanus_ChrY,203900000,204900000,0.006628
neomexicanus_ChrY,204000000,205000000,0.006331
neomexicanus_ChrY,204100000,205100000,0.005271
neomexicanus_ChrY,204200000,205200000,0.004839
neomexicanus_ChrY,204300000,205300000,0.004994
neomexicanus_ChrY,204400000,205400000,0.005126
neomexicanus_ChrY,204500000,205500000,0.004879
neomexicanus_ChrY,204600000,205600000,0.005931
neomexicanus_ChrY,204700000,205700000,0.006872
neomexicanus_ChrY,204800000,205800000,0.007899
neomexicanus_ChrY,204900000,205900000,0.009778
neomexicanus_ChrY,205000000,206000000,0.011732
neomexicanus_ChrY,205100000,206100000,0.014106
neomexicanus_ChrY,205200000,206200000,0.015011
neomexicanus_ChrY,205300000,206300000,0.014258
neomexicanus_ChrY,205400000,206400000,0.014415
neomexicanus_ChrY,205500000,206500000,0.015193
neomexicanus_ChrY,205600000,206600000,0.015098
neomexicanus_ChrY,205700000,206700000,0.015976
neomexicanus_ChrY,205800000,206800000,0.016134
neomexicanus_ChrY,205900000,206900000,0.023449
neomexicanus_ChrY,206000000,207000000,0.027782
neomexicanus_ChrY,206100000,207100000,0.026469
neomexicanus_ChrY,206200000,207200000,0.025107
neomexicanus_ChrY,206300000,207300000,0.024826
neomexicanus_ChrY,206400000,207400000,0.024616
neomexicanus_ChrY,206500000,207500000,0.024404
neomexicanus_ChrY,206600000,207600000,0.028681
neomexicanus_ChrY,206700000,207700000,0.0275
neomexicanus_ChrY,206800000,207800000,0.027395
neomexicanus_ChrY,206900000,207900000,0.020213
neomexicanus_ChrY,207000000,208000000,0.016705
neomexicanus_ChrY,207100000,208100000,0.016472
neomexicanus_ChrY,207200000,208200000,0.018125
neomexicanus_ChrY,207300000,208300000,0.019301
neomexicanus_ChrY,207400000,208400000,0.019176
neomexicanus_ChrY,207500000,208500000,0.02007
neomexicanus_ChrY,207600000,208600000,0.017043
neomexicanus_ChrY,207700000,208700000,0.017205
neomexicanus_ChrY,207800000,208800000,0.017054
neomexicanus_ChrY,207900000,208900000,0.016006
neomexicanus_ChrY,208000000,209000000,0.013761
neomexicanus_ChrY,208100000,209100000,0.014706
neomexicanus_ChrY,208200000,209200000,0.014313
neomexicanus_ChrY,208300000,209300000,0.022296
neomexicanus_ChrY,208400000,209400000,0.024528
neomexicanus_ChrY,208500000,209500000,0.026508
neomexicanus_ChrY,208600000,209600000,0.026949
neomexicanus_ChrY,208700000,209700000,0.027931
neomexicanus_ChrY,208800000,209800000,0.027309
neomexicanus_ChrY,208900000,209900000,0.027851
neomexicanus_ChrY,209000000,210000000,0.028436
neomexicanus_ChrY,209100000,210100000,0.027323
neomexicanus_ChrY,209200000,210200000,0.028632
neomexicanus_ChrY,209300000,210300000,0.021437
neomexicanus_ChrY,209400000,210400000,0.024837
neomexicanus_ChrY,209500000,210500000,0.021031
neomexicanus_ChrY,209600000,210600000,0.019038
neomexicanus_ChrY,209700000,210700000,0.019193
neomexicanus_ChrY,209800000,210800000,0.026292
neomexicanus_ChrY,209900000,210900000,0.02732
neomexicanus_ChrY,210000000,211000000,0.026949
neomexicanus_ChrY,210100000,211100000,0.027377
neomexicanus_ChrY,210200000,211200000,0.026934
neomexicanus_ChrY,210300000,211300000,0.026591
neomexicanus_ChrY,210400000,211400000,0.021551
neomexicanus_ChrY,210500000,211500000,0.021722
neomexicanus_ChrY,210600000,211600000,0.021252
neomexicanus_ChrY,210700000,211700000,0.020294
neomexicanus_ChrY,210800000,211800000,0.012796
neomexicanus_ChrY,210900000,211900000,0.010488
neomexicanus_ChrY,211000000,212000000,0.009672
neomexicanus_ChrY,211100000,212100000,0.008602
neomexicanus_ChrY,211200000,212200000,0.006445
neomexicanus_ChrY,211300000,212300000,0.004814
neomexicanus_ChrY,211400000,212400000,0.003527
neomexicanus_ChrY,211500000,212500000,0.003041
neomexicanus_ChrY,211600000,212600000,0.00354
neomexicanus_ChrY,211700000,212700000,0.003644
neomexicanus_ChrY,211800000,212800000,0.008499
neomexicanus_ChrY,211900000,212900000,0.009085
neomexicanus_ChrY,212000000,213000000,0.010266
neomexicanus_ChrY,212100000,213100000,0.011498
neomexicanus_ChrY,212200000,213200000,0.01225
neomexicanus_ChrY,212300000,213300000,0.014333
neomexicanus_ChrY,212400000,213400000,0.016326
neomexicanus_ChrY,212500000,213500000,0.018697
neomexicanus_ChrY,212600000,213600000,0.019365
neomexicanus_ChrY,212700000,213700000,0.01912
neomexicanus_ChrY,212800000,213800000,0.014792
neomexicanus_ChrY,212900000,213900000,0.014681
neomexicanus_ChrY,213000000,214000000,0.014479
neomexicanus_ChrY,213100000,214100000,0.014198
neomexicanus_ChrY,213200000,214200000,0.014194
neomexicanus_ChrY,213300000,214300000,0.014339
neomexicanus_ChrY,213400000,214400000,0.014305
neomexicanus_ChrY,213500000,214500000,0.012872
neomexicanus_ChrY,213600000,214600000,0.013256
neomexicanus_ChrY,213700000,214700000,0.01472
neomexicanus_ChrY,213800000,214800000,0.014341
neomexicanus_ChrY,213900000,214900000,0.020281
neomexicanus_ChrY,214000000,215000000,0.022864
neomexicanus_ChrY,214100000,215100000,0.023557
neomexicanus_ChrY,214200000,215200000,0.024208
neomexicanus_ChrY,214300000,215300000,0.025285
neomexicanus_ChrY,214400000,215400000,0.024022
neomexicanus_ChrY,214500000,215500000,0.02375
neomexicanus_ChrY,214600000,215600000,0.029093
neomexicanus_ChrY,214700000,215700000,0.031883
neomexicanus_ChrY,214800000,215800000,0.033986
neomexicanus_ChrY,214900000,215900000,0.029127
neomexicanus_ChrY,215000000,216000000,0.027227
neomexicanus_ChrY,215100000,216100000,0.026558
neomexicanus_ChrY,215200000,216200000,0.025329
neomexicanus_ChrY,215300000,216300000,0.023862
neomexicanus_ChrY,215400000,216400000,0.025077
neomexicanus_ChrY,215500000,216500000,0.025475
neomexicanus_ChrY,215600000,216600000,0.018345
neomexicanus_ChrY,215700000,216700000,0.01438
neomexicanus_ChrY,215800000,216800000,0.01307
neomexicanus_ChrY,215900000,216900000,0.011816
neomexicanus_ChrY,216000000,217000000,0.01124
neomexicanus_ChrY,216100000,217100000,0.0118
neomexicanus_ChrY,216200000,217200000,0.013279
neomexicanus_ChrY,216300000,217300000,0.012378
neomexicanus_ChrY,216400000,217400000,0.010903
neomexicanus_ChrY,216500000,217500000,0.010975
neomexicanus_ChrY,216600000,217600000,0.012286
neomexicanus_ChrY,216700000,217700000,0.011673
neomexicanus_ChrY,216800000,217800000,0.011661
neomexicanus_ChrY,216900000,217900000,0.011133
neomexicanus_ChrY,217000000,218000000,0.010258
neomexicanus_ChrY,217100000,218100000,0.010004
neomexicanus_ChrY,217200000,218200000,0.008742
neomexicanus_ChrY,217300000,218300000,0.007559
neomexicanus_ChrY,217400000,218400000,0.006928
neomexicanus_ChrY,217500000,218500000,0.005686
neomexicanus_ChrY,217600000,218600000,0.004148
neomexicanus_ChrY,217700000,218700000,0.003634
neomexicanus_ChrY,217800000,218800000,0.002512
neomexicanus_ChrY,217900000,218900000,0.00247
neomexicanus_ChrY,218000000,219000000,0.002037
neomexicanus_ChrY,218100000,219100000,0.000607
neomexicanus_ChrY,218200000,219200000,0.000045
neomexicanus_ChrY,218300000,219300000,0.000042
neomexicanus_ChrY,218400000,219400000,0.000042
neomexicanus_ChrY,218500000,219500000,0.000021
neomexicanus_ChrY,218600000,219600000,0.000021
neomexicanus_ChrY,218700000,219700000,0.000021
neomexicanus_ChrY,218800000,219800000,0.000021
neomexicanus_ChrY,218900000,219900000,0.000074
neomexicanus_ChrY,219000000,220000000,0.000074
neomexicanus_ChrY,219100000,220100000,0.000074
neomexicanus_ChrY,219200000,220200000,0.000074
neomexicanus_ChrY,219300000,220300000,0.000053
neomexicanus_ChrY,219400000,220400000,0.000053
neomexicanus_ChrY,219500000,220500000,0.000053
neomexicanus_ChrY,219600000,220600000,0.000053
neomexicanus_ChrY,219700000,220700000,0.000053
neomexicanus_ChrY,219800000,220800000,0.000075
neomexicanus_ChrY,219900000,220900000,0.000022
neomexicanus_ChrY,220000000,221000000,0.000047
neomexicanus_ChrY,220100000,221100000,0.000047
neomexicanus_ChrY,220200000,221200000,0.000047
neomexicanus_ChrY,220300000,221300000,0.000047
neomexicanus_ChrY,220400000,221400000,0.000047
neomexicanus_ChrY,220500000,221500000,0.000047
neomexicanus_ChrY,220600000,221600000,0.000047
neomexicanus_ChrY,220700000,221700000,0.000047
neomexicanus_ChrY,220800000,221800000,0.000025
neomexicanus_ChrY,220900000,221900000,0.000025
neomexicanus_ChrY,221000000,222000000,0
neomexicanus_ChrY,221100000,222100000,0
neomexicanus_ChrY,221200000,222200000,0
neomexicanus_ChrY,221300000,222300000,0
neomexicanus_ChrY,221400000,222400000,0
neomexicanus_ChrY,221500000,222500000,0
neomexicanus_ChrY,221600000,222600000,0
neomexicanus_ChrY,221700000,222700000,0
neomexicanus_ChrY,221800000,222800000,0.000043
neomexicanus_ChrY,221900000,222900000,0.000064
neomexicanus_ChrY,222000000,223000000,0.000085
neomexicanus_ChrY,222100000,223100000,0.000085
neomexicanus_ChrY,222200000,223200000,0.000109
neomexicanus_ChrY,222300000,223300000,0.000109
neomexicanus_ChrY,222400000,223400000,0.00013
neomexicanus_ChrY,222500000,223500000,0.00013
neomexicanus_ChrY,222600000,223600000,0.00013
neomexicanus_ChrY,222700000,223700000,0.00013
neomexicanus_ChrY,222800000,223800000,0.000087
neomexicanus_ChrY,222900000,223900000,0.000066
neomexicanus_ChrY,223000000,224000000,0.000045
neomexicanus_ChrY,223100000,224100000,0.000045
neomexicanus_ChrY,223200000,224200000,0.000021
neomexicanus_ChrY,223300000,224300000,0.000021
neomexicanus_ChrY,223400000,224400000,0
neomexicanus_ChrY,223500000,224500000,0
neomexicanus_ChrY,223600000,224600000,0
neomexicanus_ChrY,223700000,224700000,0
neomexicanus_ChrY,223800000,224800000,0
neomexicanus_ChrY,223900000,224900000,0
neomexicanus_ChrY,224000000,225000000,0
neomexicanus_ChrY,224100000,225100000,0
neomexicanus_ChrY,224200000,225200000,0
neomexicanus_ChrY,224300000,225300000,0
neomexicanus_ChrY,224400000,225400000,0
neomexicanus_ChrY,224500000,225500000,0
neomexicanus_ChrY,224600000,225600000,0
neomexicanus_ChrY,224700000,225700000,0.000021
neomexicanus_ChrY,224800000,225800000,0.000021
neomexicanus_ChrY,224900000,225900000,0.000021
neomexicanus_ChrY,225000000,226000000,0.000021
neomexicanus_ChrY,225100000,226100000,0.000021
neomexicanus_ChrY,225200000,226200000,0.000021
neomexicanus_ChrY,225300000,226300000,0.000042
neomexicanus_ChrY,225400000,226400000,0.000042
neomexicanus_ChrY,225500000,226500000,0.000042
neomexicanus_ChrY,225600000,226600000,0.000042
neomexicanus_ChrY,225700000,226700000,0.000021
neomexicanus_ChrY,225800000,226800000,0.000043
neomexicanus_ChrY,225900000,226900000,0.000043
neomexicanus_ChrY,226000000,227000000,0.000043
neomexicanus_ChrY,226100000,227100000,0.000043
neomexicanus_ChrY,226200000,227200000,0.000043
neomexicanus_ChrY,226300000,227300000,0.000022
neomexicanus_ChrY,226400000,227400000,0.000043
neomexicanus_ChrY,226500000,227500000,0.000043
neomexicanus_ChrY,226600000,227600000,0.000043
neomexicanus_ChrY,226700000,227700000,0.000043
neomexicanus_ChrY,226800000,227800000,0.000021
neomexicanus_ChrY,226900000,227900000,0.000021
neomexicanus_ChrY,227000000,228000000,0.000021
neomexicanus_ChrY,227100000,228100000,0.000021
neomexicanus_ChrY,227200000,228200000,0.000042
neomexicanus_ChrY,227300000,228300000,0.000042
neomexicanus_ChrY,227400000,228400000,0.000021
neomexicanus_ChrY,227500000,228500000,0.000021
neomexicanus_ChrY,227600000,228600000,0.000021
neomexicanus_ChrY,227700000,228700000,0.000021
neomexicanus_ChrY,227800000,228800000,0.000021
neomexicanus_ChrY,227900000,228900000,0.000042
neomexicanus_ChrY,228000000,229000000,0.000042
neomexicanus_ChrY,228100000,229100000,0.000042
neomexicanus_ChrY,228200000,229200000,0.000021
neomexicanus_ChrY,228300000,229300000,0.000021
neomexicanus_ChrY,228400000,229400000,0.000021
neomexicanus_ChrY,228500000,229500000,0.000021
neomexicanus_ChrY,228600000,229600000,0.000021
neomexicanus_ChrY,228700000,229700000,0.000021
neomexicanus_ChrY,228800000,229800000,0.000021
neomexicanus_ChrY,228900000,229900000,0
neomexicanus_ChrY,229000000,230000000,0
neomexicanus_ChrY,229100000,230100000,0
neomexicanus_ChrY,229200000,230200000,0
neomexicanus_ChrY,229300000,230300000,0
neomexicanus_ChrY,229400000,230400000,0
neomexicanus_ChrY,229500000,230500000,0
neomexicanus_ChrY,229600000,230600000,0
neomexicanus_ChrY,229700000,230700000,0
neomexicanus_ChrY,229800000,230800000,0
neomexicanus_ChrY,229900000,230900000,0
neomexicanus_ChrY,230000000,231000000,0
neomexicanus_ChrY,230100000,231100000,0
neomexicanus_ChrY,230200000,231200000,0
neomexicanus_ChrY,230300000,231300000,0
neomexicanus_ChrY,230400000,231400000,0
neomexicanus_ChrY,230500000,231500000,0
neomexicanus_ChrY,230600000,231600000,0
neomexicanus_ChrY,230700000,231700000,0
neomexicanus_ChrY,230800000,231800000,0
neomexicanus_ChrY,230900000,231900000,0
neomexicanus_ChrY,231000000,232000000,0
neomexicanus_ChrY,231100000,232100000,0
neomexicanus_ChrY,231200000,232200000,0
neomexicanus_ChrY,231300000,232300000,0
neomexicanus_ChrY,231400000,232400000,0
neomexicanus_ChrY,231500000,232500000,0
neomexicanus_ChrY,231600000,232600000,0
neomexicanus_ChrY,231700000,232700000,0
neomexicanus_ChrY,231800000,232800000,0
neomexicanus_ChrY,231900000,232900000,0.000021
neomexicanus_ChrY,232000000,233000000,0.000021
neomexicanus_ChrY,232100000,233100000,0.000021
neomexicanus_ChrY,232200000,233200000,0.000021
neomexicanus_ChrY,232300000,233300000,0.000021
neomexicanus_ChrY,232400000,233400000,0.000021
neomexicanus_ChrY,232500000,233500000,0.000021
neomexicanus_ChrY,232600000,233600000,0.000021
neomexicanus_ChrY,232700000,233700000,0.000043
neomexicanus_ChrY,232800000,233800000,0.000043
neomexicanus_ChrY,232900000,233900000,0.000022
neomexicanus_ChrY,233000000,234000000,0.000046
neomexicanus_ChrY,233100000,234100000,0.000046
neomexicanus_ChrY,233200000,234200000,0.000046
neomexicanus_ChrY,233300000,234300000,0.000046
neomexicanus_ChrY,233400000,234400000,0.000046
neomexicanus_ChrY,233500000,234500000,0.000046
neomexicanus_ChrY,233600000,234600000,0.000046
neomexicanus_ChrY,233700000,234700000,0.000024
neomexicanus_ChrY,233800000,234800000,0.000024
neomexicanus_ChrY,233900000,234900000,0.000024
neomexicanus_ChrY,234000000,235000000,0.000051
neomexicanus_ChrY,234100000,235100000,0.000051
neomexicanus_ChrY,234200000,235200000,0.000074
neomexicanus_ChrY,234300000,235300000,0.000074
neomexicanus_ChrY,234400000,235400000,0.000074
neomexicanus_ChrY,234500000,235500000,0.000074
neomexicanus_ChrY,234600000,235600000,0.000074
neomexicanus_ChrY,234700000,235700000,0.000074
neomexicanus_ChrY,234800000,235800000,0.000074
neomexicanus_ChrY,234900000,235900000,0.000074
neomexicanus_ChrY,235000000,236000000,0.000023
neomexicanus_ChrY,235100000,236100000,0.000023
neomexicanus_ChrY,235200000,236200000,0
neomexicanus_ChrY,235300000,236300000,0
neomexicanus_ChrY,235400000,236400000,0
neomexicanus_ChrY,235500000,236500000,0
neomexicanus_ChrY,235600000,236600000,0
neomexicanus_ChrY,235700000,236700000,0.000023
neomexicanus_ChrY,235800000,236800000,0.000023
neomexicanus_ChrY,235900000,236900000,0.000023
neomexicanus_ChrY,236000000,237000000,0.000023
neomexicanus_ChrY,236100000,237100000,0.000023
neomexicanus_ChrY,236200000,237200000,0.000023
neomexicanus_ChrY,236300000,237300000,0.000023
neomexicanus_ChrY,236400000,237400000,0.000023
neomexicanus_ChrY,236500000,237500000,0.000044
neomexicanus_ChrY,236600000,237600000,0.000044
neomexicanus_ChrY,236700000,237700000,0.000043
neomexicanus_ChrY,236800000,237800000,0.000043
neomexicanus_ChrY,236900000,237900000,0.000043
neomexicanus_ChrY,237000000,238000000,0.000043
neomexicanus_ChrY,237100000,238100000,0.000043
neomexicanus_ChrY,237200000,238200000,0.000043
neomexicanus_ChrY,237300000,238300000,0.000043
neomexicanus_ChrY,237400000,238400000,0.000043
neomexicanus_ChrY,237500000,238500000,0.000022
neomexicanus_ChrY,237600000,238600000,0.000022
neomexicanus_ChrY,237700000,238700000,0
neomexicanus_ChrY,237800000,238800000,0
neomexicanus_ChrY,237900000,238900000,0
neomexicanus_ChrY,238000000,239000000,0
neomexicanus_ChrY,238100000,239100000,0
neomexicanus_ChrY,238200000,239200000,0
neomexicanus_ChrY,238300000,239300000,0.000021
neomexicanus_ChrY,238400000,239400000,0.000076
neomexicanus_ChrY,238500000,239500000,0.000076
neomexicanus_ChrY,238600000,239600000,0.000076
neomexicanus_ChrY,238700000,239700000,0.000076
neomexicanus_ChrY,238800000,239800000,0.000142
neomexicanus_ChrY,238900000,239900000,0.000142
neomexicanus_ChrY,239000000,240000000,0.000165
neomexicanus_ChrY,239100000,240100000,0.000165
neomexicanus_ChrY,239200000,240200000,0.00019
neomexicanus_ChrY,239300000,240300000,0.000169
neomexicanus_ChrY,239400000,240400000,0.000141
neomexicanus_ChrY,239500000,240500000,0.000141
neomexicanus_ChrY,239600000,240600000,0.000141
neomexicanus_ChrY,239700000,240700000,0.000141
neomexicanus_ChrY,239800000,240800000,0.000096
neomexicanus_ChrY,239900000,240900000,0.000096
neomexicanus_ChrY,240000000,241000000,0.000157
neomexicanus_ChrY,240100000,241100000,0.000157
neomexicanus_ChrY,240200000,241200000,0.000132
neomexicanus_ChrY,240300000,241300000,0.000132
neomexicanus_ChrY,240400000,241400000,0.000105
neomexicanus_ChrY,240500000,241500000,0.000171
neomexicanus_ChrY,240600000,241600000,0.000198
neomexicanus_ChrY,240700000,241700000,0.000198
neomexicanus_ChrY,240800000,241800000,0.000177
neomexicanus_ChrY,240900000,241900000,0.000177
neomexicanus_ChrY,241000000,242000000,0.000093
neomexicanus_ChrY,241100000,242100000,0.000093
neomexicanus_ChrY,241200000,242200000,0.000093
neomexicanus_ChrY,241300000,242300000,0.000093
neomexicanus_ChrY,241400000,242400000,0.000093
neomexicanus_ChrY,241500000,242500000,0.000027
neomexicanus_ChrY,241600000,242600000,0
neomexicanus_ChrY,241700000,242700000,0
neomexicanus_ChrY,241800000,242800000,0
neomexicanus_ChrY,241900000,242900000,0
neomexicanus_ChrY,242000000,243000000,0
neomexicanus_ChrY,242100000,243100000,0
neomexicanus_ChrY,242200000,243200000,0
neomexicanus_ChrY,242300000,243300000,0
neomexicanus_ChrY,242400000,243400000,0.000021
neomexicanus_ChrY,242500000,243500000,0.000021
neomexicanus_ChrY,242600000,243600000,0.000021
neomexicanus_ChrY,242700000,243700000,0.000021
neomexicanus_ChrY,242800000,243800000,0.000042
neomexicanus_ChrY,242900000,243900000,0.000042
neomexicanus_ChrY,243000000,244000000,0.000042
neomexicanus_ChrY,243100000,244100000,0.000042
neomexicanus_ChrY,243200000,244200000,0.000042
neomexicanus_ChrY,243300000,244300000,0.000063
neomexicanus_ChrY,243400000,244400000,0.000042
neomexicanus_ChrY,243500000,244500000,0.000042
neomexicanus_ChrY,243600000,244600000,0.000042
neomexicanus_ChrY,243700000,244700000,0.000042
neomexicanus_ChrY,243800000,244800000,0.000021
neomexicanus_ChrY,243900000,244900000,0.000021
neomexicanus_ChrY,244000000,245000000,0.000021
neomexicanus_ChrY,244100000,245100000,0.000021
neomexicanus_ChrY,244200000,245200000,0.000021
neomexicanus_ChrY,244300000,245300000,0
neomexicanus_ChrY,244400000,245400000,0
neomexicanus_ChrY,244500000,245500000,0
neomexicanus_ChrY,244600000,245600000,0
neomexicanus_ChrY,244700000,245700000,0
neomexicanus_ChrY,244800000,245800000,0
neomexicanus_ChrY,244900000,245900000,0
neomexicanus_ChrY,245000000,246000000,0
neomexicanus_ChrY,245100000,246096435,0
neomexicanus_ChrY,245200000,246096435,0
neomexicanus_ChrY,245300000,246096435,0
neomexicanus_ChrY,245400000,246096435,0
neomexicanus_ChrY,245500000,246096435,0
neomexicanus_ChrY,245600000,246096435,0
neomexicanus_ChrY,245700000,246096435,0
neomexicanus_ChrY,245800000,246096435,0
neomexicanus_ChrY,245900000,246096435,0
neomexicanus_ChrY,246000000,246096435,0
lupulus_ChrX,0,1000000,0
lupulus_ChrX,100000,1100000,0
lupulus_ChrX,200000,1200000,0
lupulus_ChrX,300000,1300000,0.000021
lupulus_ChrX,400000,1400000,0.000021
lupulus_ChrX,500000,1500000,0.000021
lupulus_ChrX,600000,1600000,0.000021
lupulus_ChrX,700000,1700000,0.000021
lupulus_ChrX,800000,1800000,0.000021
lupulus_ChrX,900000,1900000,0.000021
lupulus_ChrX,1000000,2000000,0.000021
lupulus_ChrX,1100000,2100000,0.000021
lupulus_ChrX,1200000,2200000,0.000021
lupulus_ChrX,1300000,2300000,0
lupulus_ChrX,1400000,2400000,0
lupulus_ChrX,1500000,2500000,0
lupulus_ChrX,1600000,2600000,0
lupulus_ChrX,1700000,2700000,0
lupulus_ChrX,1800000,2800000,0
lupulus_ChrX,1900000,2900000,0
lupulus_ChrX,2000000,3000000,0
lupulus_ChrX,2100000,3100000,0
lupulus_ChrX,2200000,3200000,0
lupulus_ChrX,2300000,3300000,0
lupulus_ChrX,2400000,3400000,0
lupulus_ChrX,2500000,3500000,0
lupulus_ChrX,2600000,3600000,0
lupulus_ChrX,2700000,3700000,0
lupulus_ChrX,2800000,3800000,0
lupulus_ChrX,2900000,3900000,0
lupulus_ChrX,3000000,4000000,0
lupulus_ChrX,3100000,4100000,0
lupulus_ChrX,3200000,4200000,0
lupulus_ChrX,3300000,4300000,0
lupulus_ChrX,3400000,4400000,0
lupulus_ChrX,3500000,4500000,0
lupulus_ChrX,3600000,4600000,0
lupulus_ChrX,3700000,4700000,0
lupulus_ChrX,3800000,4800000,0
lupulus_ChrX,3900000,4900000,0
lupulus_ChrX,4000000,5000000,0
lupulus_ChrX,4100000,5100000,0
lupulus_ChrX,4200000,5200000,0
lupulus_ChrX,4300000,5300000,0
lupulus_ChrX,4400000,5400000,0
lupulus_ChrX,4500000,5500000,0
lupulus_ChrX,4600000,5600000,0
lupulus_ChrX,4700000,5700000,0
lupulus_ChrX,4800000,5800000,0.000025
lupulus_ChrX,4900000,5900000,0.000025
lupulus_ChrX,5000000,6000000,0.000025
lupulus_ChrX,5100000,6100000,0.000025
lupulus_ChrX,5200000,6200000,0.000025
lupulus_ChrX,5300000,6300000,0.000025
lupulus_ChrX,5400000,6400000,0.000025
lupulus_ChrX,5500000,6500000,0.000047
lupulus_ChrX,5600000,6600000,0.000047
lupulus_ChrX,5700000,6700000,0.000047
lupulus_ChrX,5800000,6800000,0.000049
lupulus_ChrX,5900000,6900000,0.000049
lupulus_ChrX,6000000,7000000,0.000049
lupulus_ChrX,6100000,7100000,0.000049
lupulus_ChrX,6200000,7200000,0.000049
lupulus_ChrX,6300000,7300000,0.000049
lupulus_ChrX,6400000,7400000,0.000809
lupulus_ChrX,6500000,7500000,0.000787
lupulus_ChrX,6600000,7600000,0.000787
lupulus_ChrX,6700000,7700000,0.000787
lupulus_ChrX,6800000,7800000,0.00076
lupulus_ChrX,6900000,7900000,0.00076
lupulus_ChrX,7000000,8000000,0.00076
lupulus_ChrX,7100000,8100000,0.000789
lupulus_ChrX,7200000,8200000,0.000789
lupulus_ChrX,7300000,8300000,0.000789
lupulus_ChrX,7400000,8400000,0.000029
lupulus_ChrX,7500000,8500000,0.000029
lupulus_ChrX,7600000,8600000,0.000029
lupulus_ChrX,7700000,8700000,0.000029
lupulus_ChrX,7800000,8800000,0.000029
lupulus_ChrX,7900000,8900000,0.000029
lupulus_ChrX,8000000,9000000,0.000029
lupulus_ChrX,8100000,9100000,0
lupulus_ChrX,8200000,9200000,0
lupulus_ChrX,8300000,9300000,0
lupulus_ChrX,8400000,9400000,0
lupulus_ChrX,8500000,9500000,0
lupulus_ChrX,8600000,9600000,0
lupulus_ChrX,8700000,9700000,0
lupulus_ChrX,8800000,9800000,0
lupulus_ChrX,8900000,9900000,0
lupulus_ChrX,9000000,10000000,0
lupulus_ChrX,9100000,10100000,0
lupulus_ChrX,9200000,10200000,0
lupulus_ChrX,9300000,10300000,0
lupulus_ChrX,9400000,10400000,0
lupulus_ChrX,9500000,10500000,0
lupulus_ChrX,9600000,10600000,0
lupulus_ChrX,9700000,10700000,0
lupulus_ChrX,9800000,10800000,0
lupulus_ChrX,9900000,10900000,0
lupulus_ChrX,10000000,11000000,0
lupulus_ChrX,10100000,11100000,0
lupulus_ChrX,10200000,11200000,0
lupulus_ChrX,10300000,11300000,0
lupulus_ChrX,10400000,11400000,0
lupulus_ChrX,10500000,11500000,0
lupulus_ChrX,10600000,11600000,0
lupulus_ChrX,10700000,11700000,0
lupulus_ChrX,10800000,11800000,0
lupulus_ChrX,10900000,11900000,0
lupulus_ChrX,11000000,12000000,0
lupulus_ChrX,11100000,12100000,0
lupulus_ChrX,11200000,12200000,0
lupulus_ChrX,11300000,12300000,0
lupulus_ChrX,11400000,12400000,0
lupulus_ChrX,11500000,12500000,0
lupulus_ChrX,11600000,12600000,0
lupulus_ChrX,11700000,12700000,0
lupulus_ChrX,11800000,12800000,0
lupulus_ChrX,11900000,12900000,0
lupulus_ChrX,12000000,13000000,0
lupulus_ChrX,12100000,13100000,0
lupulus_ChrX,12200000,13200000,0
lupulus_ChrX,12300000,13300000,0
lupulus_ChrX,12400000,13400000,0
lupulus_ChrX,12500000,13500000,0
lupulus_ChrX,12600000,13600000,0
lupulus_ChrX,12700000,13700000,0
lupulus_ChrX,12800000,13800000,0
lupulus_ChrX,12900000,13900000,0
lupulus_ChrX,13000000,14000000,0
lupulus_ChrX,13100000,14100000,0
lupulus_ChrX,13200000,14200000,0
lupulus_ChrX,13300000,14300000,0
lupulus_ChrX,13400000,14400000,0
lupulus_ChrX,13500000,14500000,0
lupulus_ChrX,13600000,14600000,0
lupulus_ChrX,13700000,14700000,0
lupulus_ChrX,13800000,14800000,0
lupulus_ChrX,13900000,14900000,0
lupulus_ChrX,14000000,15000000,0
lupulus_ChrX,14100000,15100000,0
lupulus_ChrX,14200000,15200000,0
lupulus_ChrX,14300000,15300000,0
lupulus_ChrX,14400000,15400000,0
lupulus_ChrX,14500000,15500000,0
lupulus_ChrX,14600000,15600000,0
lupulus_ChrX,14700000,15700000,0
lupulus_ChrX,14800000,15800000,0
lupulus_ChrX,14900000,15900000,0.000022
lupulus_ChrX,15000000,16000000,0.000022
lupulus_ChrX,15100000,16100000,0.000022
lupulus_ChrX,15200000,16200000,0.000022
lupulus_ChrX,15300000,16300000,0.000022
lupulus_ChrX,15400000,16400000,0.000022
lupulus_ChrX,15500000,16500000,0.000022
lupulus_ChrX,15600000,16600000,0.000022
lupulus_ChrX,15700000,16700000,0.000022
lupulus_ChrX,15800000,16800000,0.000022
lupulus_ChrX,15900000,16900000,0
lupulus_ChrX,16000000,17000000,0
lupulus_ChrX,16100000,17100000,0
lupulus_ChrX,16200000,17200000,0
lupulus_ChrX,16300000,17300000,0
lupulus_ChrX,16400000,17400000,0
lupulus_ChrX,16500000,17500000,0
lupulus_ChrX,16600000,17600000,0
lupulus_ChrX,16700000,17700000,0
lupulus_ChrX,16800000,17800000,0
lupulus_ChrX,16900000,17900000,0
lupulus_ChrX,17000000,18000000,0
lupulus_ChrX,17100000,18100000,0
lupulus_ChrX,17200000,18200000,0
lupulus_ChrX,17300000,18300000,0
lupulus_ChrX,17400000,18400000,0
lupulus_ChrX,17500000,18500000,0
lupulus_ChrX,17600000,18600000,0
lupulus_ChrX,17700000,18700000,0
lupulus_ChrX,17800000,18800000,0
lupulus_ChrX,17900000,18900000,0
lupulus_ChrX,18000000,19000000,0
lupulus_ChrX,18100000,19100000,0
lupulus_ChrX,18200000,19200000,0
lupulus_ChrX,18300000,19300000,0
lupulus_ChrX,18400000,19400000,0
lupulus_ChrX,18500000,19500000,0
lupulus_ChrX,18600000,19600000,0
lupulus_ChrX,18700000,19700000,0
lupulus_ChrX,18800000,19800000,0
lupulus_ChrX,18900000,19900000,0
lupulus_ChrX,19000000,20000000,0
lupulus_ChrX,19100000,20100000,0
lupulus_ChrX,19200000,20200000,0
lupulus_ChrX,19300000,20300000,0
lupulus_ChrX,19400000,20400000,0
lupulus_ChrX,19500000,20500000,0
lupulus_ChrX,19600000,20600000,0
lupulus_ChrX,19700000,20700000,0
lupulus_ChrX,19800000,20800000,0
lupulus_ChrX,19900000,20900000,0
lupulus_ChrX,20000000,21000000,0
lupulus_ChrX,20100000,21100000,0
lupulus_ChrX,20200000,21200000,0
lupulus_ChrX,20300000,21300000,0
lupulus_ChrX,20400000,21400000,0
lupulus_ChrX,20500000,21500000,0
lupulus_ChrX,20600000,21600000,0
lupulus_ChrX,20700000,21700000,0
lupulus_ChrX,20800000,21800000,0
lupulus_ChrX,20900000,21900000,0
lupulus_ChrX,21000000,22000000,0
lupulus_ChrX,21100000,22100000,0
lupulus_ChrX,21200000,22200000,0
lupulus_ChrX,21300000,22300000,0
lupulus_ChrX,21400000,22400000,0
lupulus_ChrX,21500000,22500000,0
lupulus_ChrX,21600000,22600000,0
lupulus_ChrX,21700000,22700000,0
lupulus_ChrX,21800000,22800000,0
lupulus_ChrX,21900000,22900000,0
lupulus_ChrX,22000000,23000000,0
lupulus_ChrX,22100000,23100000,0
lupulus_ChrX,22200000,23200000,0
lupulus_ChrX,22300000,23300000,0
lupulus_ChrX,22400000,23400000,0
lupulus_ChrX,22500000,23500000,0.000021
lupulus_ChrX,22600000,23600000,0.000021
lupulus_ChrX,22700000,23700000,0.000021
lupulus_ChrX,22800000,23800000,0.000021
lupulus_ChrX,22900000,23900000,0.000021
lupulus_ChrX,23000000,24000000,0.000021
lupulus_ChrX,23100000,24100000,0.000021
lupulus_ChrX,23200000,24200000,0.000021
lupulus_ChrX,23300000,24300000,0.000021
lupulus_ChrX,23400000,24400000,0.000021
lupulus_ChrX,23500000,24500000,0
lupulus_ChrX,23600000,24600000,0
lupulus_ChrX,23700000,24700000,0
lupulus_ChrX,23800000,24800000,0
lupulus_ChrX,23900000,24900000,0.00132
lupulus_ChrX,24000000,25000000,0.00132
lupulus_ChrX,24100000,25100000,0.00132
lupulus_ChrX,24200000,25200000,0.00132
lupulus_ChrX,24300000,25300000,0.00132
lupulus_ChrX,24400000,25400000,0.00132
lupulus_ChrX,24500000,25500000,0.00132
lupulus_ChrX,24600000,25600000,0.00132
lupulus_ChrX,24700000,25700000,0.00132
lupulus_ChrX,24800000,25800000,0.00132
lupulus_ChrX,24900000,25900000,0
lupulus_ChrX,25000000,26000000,0
lupulus_ChrX,25100000,26100000,0
lupulus_ChrX,25200000,26200000,0
lupulus_ChrX,25300000,26300000,0
lupulus_ChrX,25400000,26400000,0
lupulus_ChrX,25500000,26500000,0
lupulus_ChrX,25600000,26600000,0
lupulus_ChrX,25700000,26700000,0
lupulus_ChrX,25800000,26800000,0
lupulus_ChrX,25900000,26900000,0
lupulus_ChrX,26000000,27000000,0
lupulus_ChrX,26100000,27100000,0
lupulus_ChrX,26200000,27200000,0
lupulus_ChrX,26300000,27300000,0
lupulus_ChrX,26400000,27400000,0
lupulus_ChrX,26500000,27500000,0
lupulus_ChrX,26600000,27600000,0
lupulus_ChrX,26700000,27700000,0
lupulus_ChrX,26800000,27800000,0
lupulus_ChrX,26900000,27900000,0
lupulus_ChrX,27000000,28000000,0
lupulus_ChrX,27100000,28100000,0
lupulus_ChrX,27200000,28200000,0
lupulus_ChrX,27300000,28300000,0
lupulus_ChrX,27400000,28400000,0
lupulus_ChrX,27500000,28500000,0
lupulus_ChrX,27600000,28600000,0
lupulus_ChrX,27700000,28700000,0
lupulus_ChrX,27800000,28800000,0
lupulus_ChrX,27900000,28900000,0
lupulus_ChrX,28000000,29000000,0
lupulus_ChrX,28100000,29100000,0
lupulus_ChrX,28200000,29200000,0
lupulus_ChrX,28300000,29300000,0
lupulus_ChrX,28400000,29400000,0
lupulus_ChrX,28500000,29500000,0
lupulus_ChrX,28600000,29600000,0
lupulus_ChrX,28700000,29700000,0
lupulus_ChrX,28800000,29800000,0
lupulus_ChrX,28900000,29900000,0
lupulus_ChrX,29000000,30000000,0
lupulus_ChrX,29100000,30100000,0.000022
lupulus_ChrX,29200000,30200000,0.000022
lupulus_ChrX,29300000,30300000,0.000022
lupulus_ChrX,29400000,30400000,0.000022
lupulus_ChrX,29500000,30500000,0.000022
lupulus_ChrX,29600000,30600000,0.000043
lupulus_ChrX,29700000,30700000,0.000043
lupulus_ChrX,29800000,30800000,0.000043
lupulus_ChrX,29900000,30900000,0.000043
lupulus_ChrX,30000000,31000000,0.000043
lupulus_ChrX,30100000,31100000,0.000021
lupulus_ChrX,30200000,31200000,0.000021
lupulus_ChrX,30300000,31300000,0.000021
lupulus_ChrX,30400000,31400000,0.000021
lupulus_ChrX,30500000,31500000,0.000021
lupulus_ChrX,30600000,31600000,0
lupulus_ChrX,30700000,31700000,0.000031
lupulus_ChrX,30800000,31800000,0.000031
lupulus_ChrX,30900000,31900000,0.000031
lupulus_ChrX,31000000,32000000,0.000031
lupulus_ChrX,31100000,32100000,0.000031
lupulus_ChrX,31200000,32200000,0.000031
lupulus_ChrX,31300000,32300000,0.000031
lupulus_ChrX,31400000,32400000,0.000031
lupulus_ChrX,31500000,32500000,0.000031
lupulus_ChrX,31600000,32600000,0.000031
lupulus_ChrX,31700000,32700000,0
lupulus_ChrX,31800000,32800000,0
lupulus_ChrX,31900000,32900000,0
lupulus_ChrX,32000000,33000000,0
lupulus_ChrX,32100000,33100000,0
lupulus_ChrX,32200000,33200000,0
lupulus_ChrX,32300000,33300000,0
lupulus_ChrX,32400000,33400000,0
lupulus_ChrX,32500000,33500000,0
lupulus_ChrX,32600000,33600000,0
lupulus_ChrX,32700000,33700000,0
lupulus_ChrX,32800000,33800000,0
lupulus_ChrX,32900000,33900000,0
lupulus_ChrX,33000000,34000000,0
lupulus_ChrX,33100000,34100000,0
lupulus_ChrX,33200000,34200000,0
lupulus_ChrX,33300000,34300000,0.000024
lupulus_ChrX,33400000,34400000,0.000024
lupulus_ChrX,33500000,34500000,0.000024
lupulus_ChrX,33600000,34600000,0.000024
lupulus_ChrX,33700000,34700000,0.000024
lupulus_ChrX,33800000,34800000,0.000024
lupulus_ChrX,33900000,34900000,0.000024
lupulus_ChrX,34000000,35000000,0.000024
lupulus_ChrX,34100000,35100000,0.000024
lupulus_ChrX,34200000,35200000,0.000024
lupulus_ChrX,34300000,35300000,0
lupulus_ChrX,34400000,35400000,0
lupulus_ChrX,34500000,35500000,0
lupulus_ChrX,34600000,35600000,0
lupulus_ChrX,34700000,35700000,0
lupulus_ChrX,34800000,35800000,0
lupulus_ChrX,34900000,35900000,0
lupulus_ChrX,35000000,36000000,0
lupulus_ChrX,35100000,36100000,0
lupulus_ChrX,35200000,36200000,0
lupulus_ChrX,35300000,36300000,0
lupulus_ChrX,35400000,36400000,0
lupulus_ChrX,35500000,36500000,0
lupulus_ChrX,35600000,36600000,0
lupulus_ChrX,35700000,36700000,0
lupulus_ChrX,35800000,36800000,0
lupulus_ChrX,35900000,36900000,0
lupulus_ChrX,36000000,37000000,0
lupulus_ChrX,36100000,37100000,0
lupulus_ChrX,36200000,37200000,0
lupulus_ChrX,36300000,37300000,0
lupulus_ChrX,36400000,37400000,0
lupulus_ChrX,36500000,37500000,0
lupulus_ChrX,36600000,37600000,0
lupulus_ChrX,36700000,37700000,0
lupulus_ChrX,36800000,37800000,0
lupulus_ChrX,36900000,37900000,0
lupulus_ChrX,37000000,38000000,0
lupulus_ChrX,37100000,38100000,0
lupulus_ChrX,37200000,38200000,0
lupulus_ChrX,37300000,38300000,0
lupulus_ChrX,37400000,38400000,0
lupulus_ChrX,37500000,38500000,0
lupulus_ChrX,37600000,38600000,0
lupulus_ChrX,37700000,38700000,0
lupulus_ChrX,37800000,38800000,0
lupulus_ChrX,37900000,38900000,0
lupulus_ChrX,38000000,39000000,0
lupulus_ChrX,38100000,39100000,0
lupulus_ChrX,38200000,39200000,0
lupulus_ChrX,38300000,39300000,0
lupulus_ChrX,38400000,39400000,0
lupulus_ChrX,38500000,39500000,0
lupulus_ChrX,38600000,39600000,0
lupulus_ChrX,38700000,39700000,0
lupulus_ChrX,38800000,39800000,0
lupulus_ChrX,38900000,39900000,0
lupulus_ChrX,39000000,40000000,0
lupulus_ChrX,39100000,40100000,0
lupulus_ChrX,39200000,40200000,0
lupulus_ChrX,39300000,40300000,0
lupulus_ChrX,39400000,40400000,0
lupulus_ChrX,39500000,40500000,0
lupulus_ChrX,39600000,40600000,0
lupulus_ChrX,39700000,40700000,0
lupulus_ChrX,39800000,40800000,0
lupulus_ChrX,39900000,40900000,0
lupulus_ChrX,40000000,41000000,0
lupulus_ChrX,40100000,41100000,0.000494
lupulus_ChrX,40200000,41200000,0.000494
lupulus_ChrX,40300000,41300000,0.000494
lupulus_ChrX,40400000,41400000,0.000494
lupulus_ChrX,40500000,41500000,0.000494
lupulus_ChrX,40600000,41600000,0.000494
lupulus_ChrX,40700000,41700000,0.000494
lupulus_ChrX,40800000,41800000,0.000494
lupulus_ChrX,40900000,41900000,0.000494
lupulus_ChrX,41000000,42000000,0.000494
lupulus_ChrX,41100000,42100000,0
lupulus_ChrX,41200000,42200000,0
lupulus_ChrX,41300000,42300000,0
lupulus_ChrX,41400000,42400000,0
lupulus_ChrX,41500000,42500000,0
lupulus_ChrX,41600000,42600000,0
lupulus_ChrX,41700000,42700000,0
lupulus_ChrX,41800000,42800000,0
lupulus_ChrX,41900000,42900000,0
lupulus_ChrX,42000000,43000000,0
lupulus_ChrX,42100000,43100000,0
lupulus_ChrX,42200000,43200000,0
lupulus_ChrX,42300000,43300000,0
lupulus_ChrX,42400000,43400000,0
lupulus_ChrX,42500000,43500000,0
lupulus_ChrX,42600000,43600000,0
lupulus_ChrX,42700000,43700000,0
lupulus_ChrX,42800000,43800000,0
lupulus_ChrX,42900000,43900000,0
lupulus_ChrX,43000000,44000000,0
lupulus_ChrX,43100000,44100000,0
lupulus_ChrX,43200000,44200000,0
lupulus_ChrX,43300000,44300000,0
lupulus_ChrX,43400000,44400000,0
lupulus_ChrX,43500000,44500000,0
lupulus_ChrX,43600000,44600000,0
lupulus_ChrX,43700000,44700000,0
lupulus_ChrX,43800000,44800000,0
lupulus_ChrX,43900000,44900000,0
lupulus_ChrX,44000000,45000000,0
lupulus_ChrX,44100000,45100000,0
lupulus_ChrX,44200000,45200000,0
lupulus_ChrX,44300000,45300000,0
lupulus_ChrX,44400000,45400000,0
lupulus_ChrX,44500000,45500000,0
lupulus_ChrX,44600000,45600000,0
lupulus_ChrX,44700000,45700000,0
lupulus_ChrX,44800000,45800000,0
lupulus_ChrX,44900000,45900000,0
lupulus_ChrX,45000000,46000000,0
lupulus_ChrX,45100000,46100000,0
lupulus_ChrX,45200000,46200000,0
lupulus_ChrX,45300000,46300000,0
lupulus_ChrX,45400000,46400000,0
lupulus_ChrX,45500000,46500000,0
lupulus_ChrX,45600000,46600000,0
lupulus_ChrX,45700000,46700000,0
lupulus_ChrX,45800000,46800000,0
lupulus_ChrX,45900000,46900000,0
lupulus_ChrX,46000000,47000000,0
lupulus_ChrX,46100000,47100000,0
lupulus_ChrX,46200000,47200000,0
lupulus_ChrX,46300000,47300000,0
lupulus_ChrX,46400000,47400000,0
lupulus_ChrX,46500000,47500000,0
lupulus_ChrX,46600000,47600000,0
lupulus_ChrX,46700000,47700000,0
lupulus_ChrX,46800000,47800000,0
lupulus_ChrX,46900000,47900000,0
lupulus_ChrX,47000000,48000000,0
lupulus_ChrX,47100000,48100000,0
lupulus_ChrX,47200000,48200000,0
lupulus_ChrX,47300000,48300000,0
lupulus_ChrX,47400000,48400000,0
lupulus_ChrX,47500000,48500000,0
lupulus_ChrX,47600000,48600000,0
lupulus_ChrX,47700000,48700000,0
lupulus_ChrX,47800000,48800000,0
lupulus_ChrX,47900000,48900000,0
lupulus_ChrX,48000000,49000000,0
lupulus_ChrX,48100000,49100000,0
lupulus_ChrX,48200000,49200000,0
lupulus_ChrX,48300000,49300000,0
lupulus_ChrX,48400000,49400000,0
lupulus_ChrX,48500000,49500000,0
lupulus_ChrX,48600000,49600000,0
lupulus_ChrX,48700000,49700000,0
lupulus_ChrX,48800000,49800000,0
lupulus_ChrX,48900000,49900000,0
lupulus_ChrX,49000000,50000000,0
lupulus_ChrX,49100000,50100000,0
lupulus_ChrX,49200000,50200000,0
lupulus_ChrX,49300000,50300000,0
lupulus_ChrX,49400000,50400000,0
lupulus_ChrX,49500000,50500000,0
lupulus_ChrX,49600000,50600000,0
lupulus_ChrX,49700000,50700000,0
lupulus_ChrX,49800000,50800000,0
lupulus_ChrX,49900000,50900000,0
lupulus_ChrX,50000000,51000000,0
lupulus_ChrX,50100000,51100000,0
lupulus_ChrX,50200000,51200000,0
lupulus_ChrX,50300000,51300000,0
lupulus_ChrX,50400000,51400000,0
lupulus_ChrX,50500000,51500000,0
lupulus_ChrX,50600000,51600000,0
lupulus_ChrX,50700000,51700000,0
lupulus_ChrX,50800000,51800000,0
lupulus_ChrX,50900000,51900000,0
lupulus_ChrX,51000000,52000000,0
lupulus_ChrX,51100000,52100000,0
lupulus_ChrX,51200000,52200000,0
lupulus_ChrX,51300000,52300000,0
lupulus_ChrX,51400000,52400000,0
lupulus_ChrX,51500000,52500000,0
lupulus_ChrX,51600000,52600000,0
lupulus_ChrX,51700000,52700000,0
lupulus_ChrX,51800000,52800000,0
lupulus_ChrX,51900000,52900000,0
lupulus_ChrX,52000000,53000000,0
lupulus_ChrX,52100000,53100000,0
lupulus_ChrX,52200000,53200000,0
lupulus_ChrX,52300000,53300000,0
lupulus_ChrX,52400000,53400000,0
lupulus_ChrX,52500000,53500000,0
lupulus_ChrX,52600000,53600000,0
lupulus_ChrX,52700000,53700000,0
lupulus_ChrX,52800000,53800000,0
lupulus_ChrX,52900000,53900000,0
lupulus_ChrX,53000000,54000000,0
lupulus_ChrX,53100000,54100000,0
lupulus_ChrX,53200000,54200000,0
lupulus_ChrX,53300000,54300000,0.000022
lupulus_ChrX,53400000,54400000,0.000022
lupulus_ChrX,53500000,54500000,0.000022
lupulus_ChrX,53600000,54600000,0.000022
lupulus_ChrX,53700000,54700000,0.000022
lupulus_ChrX,53800000,54800000,0.000022
lupulus_ChrX,53900000,54900000,0.000022
lupulus_ChrX,54000000,55000000,0.000022
lupulus_ChrX,54100000,55100000,0.000022
lupulus_ChrX,54200000,55200000,0.000022
lupulus_ChrX,54300000,55300000,0
lupulus_ChrX,54400000,55400000,0
lupulus_ChrX,54500000,55500000,0
lupulus_ChrX,54600000,55600000,0
lupulus_ChrX,54700000,55700000,0
lupulus_ChrX,54800000,55800000,0
lupulus_ChrX,54900000,55900000,0
lupulus_ChrX,55000000,56000000,0
lupulus_ChrX,55100000,56100000,0
lupulus_ChrX,55200000,56200000,0
lupulus_ChrX,55300000,56300000,0
lupulus_ChrX,55400000,56400000,0
lupulus_ChrX,55500000,56500000,0
lupulus_ChrX,55600000,56600000,0
lupulus_ChrX,55700000,56700000,0
lupulus_ChrX,55800000,56800000,0
lupulus_ChrX,55900000,56900000,0
lupulus_ChrX,56000000,57000000,0
lupulus_ChrX,56100000,57100000,0
lupulus_ChrX,56200000,57200000,0
lupulus_ChrX,56300000,57300000,0
lupulus_ChrX,56400000,57400000,0
lupulus_ChrX,56500000,57500000,0
lupulus_ChrX,56600000,57600000,0
lupulus_ChrX,56700000,57700000,0
lupulus_ChrX,56800000,57800000,0
lupulus_ChrX,56900000,57900000,0
lupulus_ChrX,57000000,58000000,0
lupulus_ChrX,57100000,58100000,0
lupulus_ChrX,57200000,58200000,0
lupulus_ChrX,57300000,58300000,0
lupulus_ChrX,57400000,58400000,0
lupulus_ChrX,57500000,58500000,0
lupulus_ChrX,57600000,58600000,0
lupulus_ChrX,57700000,58700000,0
lupulus_ChrX,57800000,58800000,0
lupulus_ChrX,57900000,58900000,0
lupulus_ChrX,58000000,59000000,0
lupulus_ChrX,58100000,59100000,0
lupulus_ChrX,58200000,59200000,0
lupulus_ChrX,58300000,59300000,0
lupulus_ChrX,58400000,59400000,0
lupulus_ChrX,58500000,59500000,0
lupulus_ChrX,58600000,59600000,0
lupulus_ChrX,58700000,59700000,0
lupulus_ChrX,58800000,59800000,0
lupulus_ChrX,58900000,59900000,0
lupulus_ChrX,59000000,60000000,0
lupulus_ChrX,59100000,60100000,0.000021
lupulus_ChrX,59200000,60200000,0.000021
lupulus_ChrX,59300000,60300000,0.000021
lupulus_ChrX,59400000,60400000,0.000021
lupulus_ChrX,59500000,60500000,0.000021
lupulus_ChrX,59600000,60600000,0.000021
lupulus_ChrX,59700000,60700000,0.000021
lupulus_ChrX,59800000,60800000,0.000021
lupulus_ChrX,59900000,60900000,0.000021
lupulus_ChrX,60000000,61000000,0.000021
lupulus_ChrX,60100000,61100000,0
lupulus_ChrX,60200000,61200000,0
lupulus_ChrX,60300000,61300000,0
lupulus_ChrX,60400000,61400000,0
lupulus_ChrX,60500000,61500000,0
lupulus_ChrX,60600000,61600000,0
lupulus_ChrX,60700000,61700000,0
lupulus_ChrX,60800000,61800000,0
lupulus_ChrX,60900000,61900000,0
lupulus_ChrX,61000000,62000000,0
lupulus_ChrX,61100000,62100000,0
lupulus_ChrX,61200000,62200000,0
lupulus_ChrX,61300000,62300000,0
lupulus_ChrX,61400000,62400000,0
lupulus_ChrX,61500000,62500000,0
lupulus_ChrX,61600000,62600000,0
lupulus_ChrX,61700000,62700000,0
lupulus_ChrX,61800000,62800000,0
lupulus_ChrX,61900000,62900000,0
lupulus_ChrX,62000000,63000000,0
lupulus_ChrX,62100000,63100000,0
lupulus_ChrX,62200000,63200000,0
lupulus_ChrX,62300000,63300000,0
lupulus_ChrX,62400000,63400000,0
lupulus_ChrX,62500000,63500000,0
lupulus_ChrX,62600000,63600000,0
lupulus_ChrX,62700000,63700000,0
lupulus_ChrX,62800000,63800000,0
lupulus_ChrX,62900000,63900000,0.000021
lupulus_ChrX,63000000,64000000,0.000021
lupulus_ChrX,63100000,64100000,0.000021
lupulus_ChrX,63200000,64200000,0.000021
lupulus_ChrX,63300000,64300000,0.000021
lupulus_ChrX,63400000,64400000,0.000021
lupulus_ChrX,63500000,64500000,0.000021
lupulus_ChrX,63600000,64600000,0.000021
lupulus_ChrX,63700000,64700000,0.000021
lupulus_ChrX,63800000,64800000,0.000021
lupulus_ChrX,63900000,64900000,0
lupulus_ChrX,64000000,65000000,0
lupulus_ChrX,64100000,65100000,0
lupulus_ChrX,64200000,65200000,0
lupulus_ChrX,64300000,65300000,0
lupulus_ChrX,64400000,65400000,0
lupulus_ChrX,64500000,65500000,0
lupulus_ChrX,64600000,65600000,0
lupulus_ChrX,64700000,65700000,0
lupulus_ChrX,64800000,65800000,0
lupulus_ChrX,64900000,65900000,0.000022
lupulus_ChrX,65000000,66000000,0.000022
lupulus_ChrX,65100000,66100000,0.000022
lupulus_ChrX,65200000,66200000,0.000022
lupulus_ChrX,65300000,66300000,0.000022
lupulus_ChrX,65400000,66400000,0.000022
lupulus_ChrX,65500000,66500000,0.000022
lupulus_ChrX,65600000,66600000,0.000022
lupulus_ChrX,65700000,66700000,0.000022
lupulus_ChrX,65800000,66800000,0.000022
lupulus_ChrX,65900000,66900000,0
lupulus_ChrX,66000000,67000000,0
lupulus_ChrX,66100000,67100000,0
lupulus_ChrX,66200000,67200000,0
lupulus_ChrX,66300000,67300000,0
lupulus_ChrX,66400000,67400000,0
lupulus_ChrX,66500000,67500000,0
lupulus_ChrX,66600000,67600000,0
lupulus_ChrX,66700000,67700000,0
lupulus_ChrX,66800000,67800000,0
lupulus_ChrX,66900000,67900000,0
lupulus_ChrX,67000000,68000000,0
lupulus_ChrX,67100000,68100000,0
lupulus_ChrX,67200000,68200000,0
lupulus_ChrX,67300000,68300000,0
lupulus_ChrX,67400000,68400000,0
lupulus_ChrX,67500000,68500000,0
lupulus_ChrX,67600000,68600000,0
lupulus_ChrX,67700000,68700000,0
lupulus_ChrX,67800000,68800000,0
lupulus_ChrX,67900000,68900000,0
lupulus_ChrX,68000000,69000000,0
lupulus_ChrX,68100000,69100000,0
lupulus_ChrX,68200000,69200000,0
lupulus_ChrX,68300000,69300000,0
lupulus_ChrX,68400000,69400000,0.000023
lupulus_ChrX,68500000,69500000,0.000023
lupulus_ChrX,68600000,69600000,0.000023
lupulus_ChrX,68700000,69700000,0.000023
lupulus_ChrX,68800000,69800000,0.000023
lupulus_ChrX,68900000,69900000,0.000023
lupulus_ChrX,69000000,70000000,0.000023
lupulus_ChrX,69100000,70100000,0.000023
lupulus_ChrX,69200000,70200000,0.000023
lupulus_ChrX,69300000,70300000,0.000023
lupulus_ChrX,69400000,70400000,0
lupulus_ChrX,69500000,70500000,0
lupulus_ChrX,69600000,70600000,0
lupulus_ChrX,69700000,70700000,0
lupulus_ChrX,69800000,70800000,0
lupulus_ChrX,69900000,70900000,0
lupulus_ChrX,70000000,71000000,0
lupulus_ChrX,70100000,71100000,0
lupulus_ChrX,70200000,71200000,0
lupulus_ChrX,70300000,71300000,0
lupulus_ChrX,70400000,71400000,0
lupulus_ChrX,70500000,71500000,0
lupulus_ChrX,70600000,71600000,0
lupulus_ChrX,70700000,71700000,0
lupulus_ChrX,70800000,71800000,0
lupulus_ChrX,70900000,71900000,0
lupulus_ChrX,71000000,72000000,0
lupulus_ChrX,71100000,72100000,0
lupulus_ChrX,71200000,72200000,0
lupulus_ChrX,71300000,72300000,0
lupulus_ChrX,71400000,72400000,0
lupulus_ChrX,71500000,72500000,0
lupulus_ChrX,71600000,72600000,0
lupulus_ChrX,71700000,72700000,0.000021
lupulus_ChrX,71800000,72800000,0.000021
lupulus_ChrX,71900000,72900000,0.000021
lupulus_ChrX,72000000,73000000,0.000021
lupulus_ChrX,72100000,73100000,0.000021
lupulus_ChrX,72200000,73200000,0.000021
lupulus_ChrX,72300000,73300000,0.000021
lupulus_ChrX,72400000,73400000,0.000021
lupulus_ChrX,72500000,73500000,0.000021
lupulus_ChrX,72600000,73600000,0.000021
lupulus_ChrX,72700000,73700000,0
lupulus_ChrX,72800000,73800000,0
lupulus_ChrX,72900000,73900000,0
lupulus_ChrX,73000000,74000000,0
lupulus_ChrX,73100000,74100000,0
lupulus_ChrX,73200000,74200000,0
lupulus_ChrX,73300000,74300000,0
lupulus_ChrX,73400000,74400000,0
lupulus_ChrX,73500000,74500000,0
lupulus_ChrX,73600000,74600000,0
lupulus_ChrX,73700000,74700000,0
lupulus_ChrX,73800000,74800000,0
lupulus_ChrX,73900000,74900000,0
lupulus_ChrX,74000000,75000000,0
lupulus_ChrX,74100000,75100000,0
lupulus_ChrX,74200000,75200000,0
lupulus_ChrX,74300000,75300000,0.001425
lupulus_ChrX,74400000,75400000,0.001425
lupulus_ChrX,74500000,75500000,0.001425
lupulus_ChrX,74600000,75600000,0.001425
lupulus_ChrX,74700000,75700000,0.001425
lupulus_ChrX,74800000,75800000,0.001425
lupulus_ChrX,74900000,75900000,0.001425
lupulus_ChrX,75000000,76000000,0.001425
lupulus_ChrX,75100000,76100000,0.001425
lupulus_ChrX,75200000,76200000,0.001425
lupulus_ChrX,75300000,76300000,0
lupulus_ChrX,75400000,76400000,0
lupulus_ChrX,75500000,76500000,0
lupulus_ChrX,75600000,76600000,0
lupulus_ChrX,75700000,76700000,0
lupulus_ChrX,75800000,76800000,0
lupulus_ChrX,75900000,76900000,0.000027
lupulus_ChrX,76000000,77000000,0.000027
lupulus_ChrX,76100000,77100000,0.000027
lupulus_ChrX,76200000,77200000,0.000027
lupulus_ChrX,76300000,77300000,0.000027
lupulus_ChrX,76400000,77400000,0.000027
lupulus_ChrX,76500000,77500000,0.000027
lupulus_ChrX,76600000,77600000,0.000027
lupulus_ChrX,76700000,77700000,0.000027
lupulus_ChrX,76800000,77800000,0.000027
lupulus_ChrX,76900000,77900000,0
lupulus_ChrX,77000000,78000000,0
lupulus_ChrX,77100000,78100000,0
lupulus_ChrX,77200000,78200000,0
lupulus_ChrX,77300000,78300000,0
lupulus_ChrX,77400000,78400000,0
lupulus_ChrX,77500000,78500000,0
lupulus_ChrX,77600000,78600000,0
lupulus_ChrX,77700000,78700000,0
lupulus_ChrX,77800000,78800000,0
lupulus_ChrX,77900000,78900000,0
lupulus_ChrX,78000000,79000000,0
lupulus_ChrX,78100000,79100000,0
lupulus_ChrX,78200000,79200000,0.000021
lupulus_ChrX,78300000,79300000,0.000021
lupulus_ChrX,78400000,79400000,0.000021
lupulus_ChrX,78500000,79500000,0.000021
lupulus_ChrX,78600000,79600000,0.000021
lupulus_ChrX,78700000,79700000,0.000021
lupulus_ChrX,78800000,79800000,0.000021
lupulus_ChrX,78900000,79900000,0.000021
lupulus_ChrX,79000000,80000000,0.000021
lupulus_ChrX,79100000,80100000,0.000021
lupulus_ChrX,79200000,80200000,0
lupulus_ChrX,79300000,80300000,0
lupulus_ChrX,79400000,80400000,0
lupulus_ChrX,79500000,80500000,0
lupulus_ChrX,79600000,80600000,0
lupulus_ChrX,79700000,80700000,0
lupulus_ChrX,79800000,80800000,0
lupulus_ChrX,79900000,80900000,0
lupulus_ChrX,80000000,81000000,0
lupulus_ChrX,80100000,81100000,0
lupulus_ChrX,80200000,81200000,0
lupulus_ChrX,80300000,81300000,0
lupulus_ChrX,80400000,81400000,0
lupulus_ChrX,80500000,81500000,0
lupulus_ChrX,80600000,81600000,0
lupulus_ChrX,80700000,81700000,0
lupulus_ChrX,80800000,81800000,0
lupulus_ChrX,80900000,81900000,0
lupulus_ChrX,81000000,82000000,0
lupulus_ChrX,81100000,82100000,0
lupulus_ChrX,81200000,82200000,0
lupulus_ChrX,81300000,82300000,0
lupulus_ChrX,81400000,82400000,0
lupulus_ChrX,81500000,82500000,0
lupulus_ChrX,81600000,82600000,0
lupulus_ChrX,81700000,82700000,0
lupulus_ChrX,81800000,82800000,0
lupulus_ChrX,81900000,82900000,0
lupulus_ChrX,82000000,83000000,0
lupulus_ChrX,82100000,83100000,0
lupulus_ChrX,82200000,83200000,0
lupulus_ChrX,82300000,83300000,0
lupulus_ChrX,82400000,83400000,0
lupulus_ChrX,82500000,83500000,0
lupulus_ChrX,82600000,83600000,0.000021
lupulus_ChrX,82700000,83700000,0.000021
lupulus_ChrX,82800000,83800000,0.000021
lupulus_ChrX,82900000,83900000,0.000021
lupulus_ChrX,83000000,84000000,0.000021
lupulus_ChrX,83100000,84100000,0.000021
lupulus_ChrX,83200000,84200000,0.000021
lupulus_ChrX,83300000,84300000,0.000021
lupulus_ChrX,83400000,84400000,0.000021
lupulus_ChrX,83500000,84500000,0.000021
lupulus_ChrX,83600000,84600000,0
lupulus_ChrX,83700000,84700000,0
lupulus_ChrX,83800000,84800000,0
lupulus_ChrX,83900000,84900000,0
lupulus_ChrX,84000000,85000000,0
lupulus_ChrX,84100000,85100000,0
lupulus_ChrX,84200000,85200000,0
lupulus_ChrX,84300000,85300000,0
lupulus_ChrX,84400000,85400000,0
lupulus_ChrX,84500000,85500000,0
lupulus_ChrX,84600000,85600000,0
lupulus_ChrX,84700000,85700000,0
lupulus_ChrX,84800000,85800000,0
lupulus_ChrX,84900000,85900000,0
lupulus_ChrX,85000000,86000000,0
lupulus_ChrX,85100000,86100000,0
lupulus_ChrX,85200000,86200000,0
lupulus_ChrX,85300000,86300000,0
lupulus_ChrX,85400000,86400000,0
lupulus_ChrX,85500000,86500000,0
lupulus_ChrX,85600000,86600000,0
lupulus_ChrX,85700000,86700000,0
lupulus_ChrX,85800000,86800000,0
lupulus_ChrX,85900000,86900000,0
lupulus_ChrX,86000000,87000000,0
lupulus_ChrX,86100000,87100000,0
lupulus_ChrX,86200000,87200000,0
lupulus_ChrX,86300000,87300000,0
lupulus_ChrX,86400000,87400000,0
lupulus_ChrX,86500000,87500000,0
lupulus_ChrX,86600000,87600000,0
lupulus_ChrX,86700000,87700000,0
lupulus_ChrX,86800000,87800000,0
lupulus_ChrX,86900000,87900000,0
lupulus_ChrX,87000000,88000000,0
lupulus_ChrX,87100000,88100000,0.000024
lupulus_ChrX,87200000,88200000,0.000024
lupulus_ChrX,87300000,88300000,0.000024
lupulus_ChrX,87400000,88400000,0.000024
lupulus_ChrX,87500000,88500000,0.000024
lupulus_ChrX,87600000,88600000,0.000024
lupulus_ChrX,87700000,88700000,0.000024
lupulus_ChrX,87800000,88800000,0.000024
lupulus_ChrX,87900000,88900000,0.000024
lupulus_ChrX,88000000,89000000,0.000024
lupulus_ChrX,88100000,89100000,0
lupulus_ChrX,88200000,89200000,0
lupulus_ChrX,88300000,89300000,0
lupulus_ChrX,88400000,89400000,0
lupulus_ChrX,88500000,89500000,0
lupulus_ChrX,88600000,89600000,0
lupulus_ChrX,88700000,89700000,0
lupulus_ChrX,88800000,89800000,0
lupulus_ChrX,88900000,89900000,0
lupulus_ChrX,89000000,90000000,0
lupulus_ChrX,89100000,90100000,0
lupulus_ChrX,89200000,90200000,0
lupulus_ChrX,89300000,90300000,0
lupulus_ChrX,89400000,90400000,0
lupulus_ChrX,89500000,90500000,0
lupulus_ChrX,89600000,90600000,0
lupulus_ChrX,89700000,90700000,0
lupulus_ChrX,89800000,90800000,0
lupulus_ChrX,89900000,90900000,0
lupulus_ChrX,90000000,91000000,0
lupulus_ChrX,90100000,91100000,0
lupulus_ChrX,90200000,91200000,0
lupulus_ChrX,90300000,91300000,0
lupulus_ChrX,90400000,91400000,0
lupulus_ChrX,90500000,91500000,0
lupulus_ChrX,90600000,91600000,0
lupulus_ChrX,90700000,91700000,0
lupulus_ChrX,90800000,91800000,0
lupulus_ChrX,90900000,91900000,0
lupulus_ChrX,91000000,92000000,0
lupulus_ChrX,91100000,92100000,0
lupulus_ChrX,91200000,92200000,0
lupulus_ChrX,91300000,92300000,0
lupulus_ChrX,91400000,92400000,0
lupulus_ChrX,91500000,92500000,0
lupulus_ChrX,91600000,92600000,0
lupulus_ChrX,91700000,92700000,0
lupulus_ChrX,91800000,92800000,0
lupulus_ChrX,91900000,92900000,0
lupulus_ChrX,92000000,93000000,0
lupulus_ChrX,92100000,93100000,0
lupulus_ChrX,92200000,93200000,0
lupulus_ChrX,92300000,93300000,0
lupulus_ChrX,92400000,93400000,0.000025
lupulus_ChrX,92500000,93500000,0.000025
lupulus_ChrX,92600000,93600000,0.000025
lupulus_ChrX,92700000,93700000,0.000025
lupulus_ChrX,92800000,93800000,0.000025
lupulus_ChrX,92900000,93900000,0.000025
lupulus_ChrX,93000000,94000000,0.000025
lupulus_ChrX,93100000,94100000,0.000025
lupulus_ChrX,93200000,94200000,0.000025
lupulus_ChrX,93300000,94300000,0.000025
lupulus_ChrX,93400000,94400000,0
lupulus_ChrX,93500000,94500000,0
lupulus_ChrX,93600000,94600000,0
lupulus_ChrX,93700000,94700000,0
lupulus_ChrX,93800000,94800000,0
lupulus_ChrX,93900000,94900000,0
lupulus_ChrX,94000000,95000000,0
lupulus_ChrX,94100000,95100000,0
lupulus_ChrX,94200000,95200000,0
lupulus_ChrX,94300000,95300000,0
lupulus_ChrX,94400000,95400000,0
lupulus_ChrX,94500000,95500000,0
lupulus_ChrX,94600000,95600000,0
lupulus_ChrX,94700000,95700000,0
lupulus_ChrX,94800000,95800000,0
lupulus_ChrX,94900000,95900000,0
lupulus_ChrX,95000000,96000000,0
lupulus_ChrX,95100000,96100000,0
lupulus_ChrX,95200000,96200000,0
lupulus_ChrX,95300000,96300000,0
lupulus_ChrX,95400000,96400000,0
lupulus_ChrX,95500000,96500000,0
lupulus_ChrX,95600000,96600000,0
lupulus_ChrX,95700000,96700000,0
lupulus_ChrX,95800000,96800000,0
lupulus_ChrX,95900000,96900000,0
lupulus_ChrX,96000000,97000000,0
lupulus_ChrX,96100000,97100000,0
lupulus_ChrX,96200000,97200000,0
lupulus_ChrX,96300000,97300000,0
lupulus_ChrX,96400000,97400000,0
lupulus_ChrX,96500000,97500000,0
lupulus_ChrX,96600000,97600000,0
lupulus_ChrX,96700000,97700000,0
lupulus_ChrX,96800000,97800000,0
lupulus_ChrX,96900000,97900000,0
lupulus_ChrX,97000000,98000000,0
lupulus_ChrX,97100000,98100000,0
lupulus_ChrX,97200000,98200000,0
lupulus_ChrX,97300000,98300000,0
lupulus_ChrX,97400000,98400000,0
lupulus_ChrX,97500000,98500000,0
lupulus_ChrX,97600000,98600000,0
lupulus_ChrX,97700000,98700000,0
lupulus_ChrX,97800000,98800000,0
lupulus_ChrX,97900000,98900000,0
lupulus_ChrX,98000000,99000000,0
lupulus_ChrX,98100000,99100000,0
lupulus_ChrX,98200000,99200000,0
lupulus_ChrX,98300000,99300000,0
lupulus_ChrX,98400000,99400000,0
lupulus_ChrX,98500000,99500000,0
lupulus_ChrX,98600000,99600000,0.000021
lupulus_ChrX,98700000,99700000,0.000021
lupulus_ChrX,98800000,99800000,0.000021
lupulus_ChrX,98900000,99900000,0.000021
lupulus_ChrX,99000000,100000000,0.000021
lupulus_ChrX,99100000,100100000,0.000021
lupulus_ChrX,99200000,100200000,0.000021
lupulus_ChrX,99300000,100300000,0.000021
lupulus_ChrX,99400000,100400000,0.000021
lupulus_ChrX,99500000,100500000,0.000021
lupulus_ChrX,99600000,100600000,0
lupulus_ChrX,99700000,100700000,0
lupulus_ChrX,99800000,100800000,0
lupulus_ChrX,99900000,100900000,0
lupulus_ChrX,100000000,101000000,0.001947
lupulus_ChrX,100100000,101100000,0.001947
lupulus_ChrX,100200000,101200000,0.001947
lupulus_ChrX,100300000,101300000,0.001947
lupulus_ChrX,100400000,101400000,0.001947
lupulus_ChrX,100500000,101500000,0.001947
lupulus_ChrX,100600000,101600000,0.001947
lupulus_ChrX,100700000,101700000,0.001974
lupulus_ChrX,100800000,101800000,0.001974
lupulus_ChrX,100900000,101900000,0.001974
lupulus_ChrX,101000000,102000000,0.000027
lupulus_ChrX,101100000,102100000,0.000027
lupulus_ChrX,101200000,102200000,0.000027
lupulus_ChrX,101300000,102300000,0.000027
lupulus_ChrX,101400000,102400000,0.000027
lupulus_ChrX,101500000,102500000,0.000027
lupulus_ChrX,101600000,102600000,0.000027
lupulus_ChrX,101700000,102700000,0
lupulus_ChrX,101800000,102800000,0
lupulus_ChrX,101900000,102900000,0
lupulus_ChrX,102000000,103000000,0
lupulus_ChrX,102100000,103100000,0
lupulus_ChrX,102200000,103200000,0
lupulus_ChrX,102300000,103300000,0
lupulus_ChrX,102400000,103400000,0
lupulus_ChrX,102500000,103500000,0
lupulus_ChrX,102600000,103600000,0
lupulus_ChrX,102700000,103700000,0
lupulus_ChrX,102800000,103800000,0
lupulus_ChrX,102900000,103900000,0
lupulus_ChrX,103000000,104000000,0
lupulus_ChrX,103100000,104100000,0
lupulus_ChrX,103200000,104200000,0
lupulus_ChrX,103300000,104300000,0
lupulus_ChrX,103400000,104400000,0
lupulus_ChrX,103500000,104500000,0
lupulus_ChrX,103600000,104600000,0
lupulus_ChrX,103700000,104700000,0
lupulus_ChrX,103800000,104800000,0
lupulus_ChrX,103900000,104900000,0
lupulus_ChrX,104000000,105000000,0
lupulus_ChrX,104100000,105100000,0
lupulus_ChrX,104200000,105200000,0
lupulus_ChrX,104300000,105300000,0
lupulus_ChrX,104400000,105400000,0
lupulus_ChrX,104500000,105500000,0
lupulus_ChrX,104600000,105600000,0
lupulus_ChrX,104700000,105700000,0
lupulus_ChrX,104800000,105800000,0
lupulus_ChrX,104900000,105900000,0
lupulus_ChrX,105000000,106000000,0
lupulus_ChrX,105100000,106100000,0
lupulus_ChrX,105200000,106200000,0
lupulus_ChrX,105300000,106300000,0
lupulus_ChrX,105400000,106400000,0
lupulus_ChrX,105500000,106500000,0
lupulus_ChrX,105600000,106600000,0
lupulus_ChrX,105700000,106700000,0
lupulus_ChrX,105800000,106800000,0
lupulus_ChrX,105900000,106900000,0
lupulus_ChrX,106000000,107000000,0.000046
lupulus_ChrX,106100000,107100000,0.000046
lupulus_ChrX,106200000,107200000,0.000046
lupulus_ChrX,106300000,107300000,0.000046
lupulus_ChrX,106400000,107400000,0.000046
lupulus_ChrX,106500000,107500000,0.000046
lupulus_ChrX,106600000,107600000,0.000046
lupulus_ChrX,106700000,107700000,0.000046
lupulus_ChrX,106800000,107800000,0.000046
lupulus_ChrX,106900000,107900000,0.000046
lupulus_ChrX,107000000,108000000,0
lupulus_ChrX,107100000,108100000,0
lupulus_ChrX,107200000,108200000,0
lupulus_ChrX,107300000,108300000,0
lupulus_ChrX,107400000,108400000,0
lupulus_ChrX,107500000,108500000,0
lupulus_ChrX,107600000,108600000,0
lupulus_ChrX,107700000,108700000,0
lupulus_ChrX,107800000,108800000,0
lupulus_ChrX,107900000,108900000,0
lupulus_ChrX,108000000,109000000,0
lupulus_ChrX,108100000,109100000,0
lupulus_ChrX,108200000,109200000,0
lupulus_ChrX,108300000,109300000,0
lupulus_ChrX,108400000,109400000,0
lupulus_ChrX,108500000,109500000,0
lupulus_ChrX,108600000,109600000,0
lupulus_ChrX,108700000,109700000,0
lupulus_ChrX,108800000,109800000,0
lupulus_ChrX,108900000,109900000,0
lupulus_ChrX,109000000,110000000,0
lupulus_ChrX,109100000,110100000,0
lupulus_ChrX,109200000,110200000,0
lupulus_ChrX,109300000,110300000,0
lupulus_ChrX,109400000,110400000,0
lupulus_ChrX,109500000,110500000,0
lupulus_ChrX,109600000,110600000,0
lupulus_ChrX,109700000,110700000,0
lupulus_ChrX,109800000,110800000,0
lupulus_ChrX,109900000,110900000,0
lupulus_ChrX,110000000,111000000,0
lupulus_ChrX,110100000,111100000,0
lupulus_ChrX,110200000,111200000,0
lupulus_ChrX,110300000,111300000,0
lupulus_ChrX,110400000,111400000,0
lupulus_ChrX,110500000,111500000,0
lupulus_ChrX,110600000,111600000,0
lupulus_ChrX,110700000,111700000,0
lupulus_ChrX,110800000,111800000,0
lupulus_ChrX,110900000,111900000,0
lupulus_ChrX,111000000,112000000,0
lupulus_ChrX,111100000,112100000,0
lupulus_ChrX,111200000,112200000,0
lupulus_ChrX,111300000,112300000,0
lupulus_ChrX,111400000,112400000,0
lupulus_ChrX,111500000,112500000,0
lupulus_ChrX,111600000,112600000,0
lupulus_ChrX,111700000,112700000,0
lupulus_ChrX,111800000,112800000,0
lupulus_ChrX,111900000,112900000,0
lupulus_ChrX,112000000,113000000,0
lupulus_ChrX,112100000,113100000,0
lupulus_ChrX,112200000,113200000,0
lupulus_ChrX,112300000,113300000,0
lupulus_ChrX,112400000,113400000,0
lupulus_ChrX,112500000,113500000,0
lupulus_ChrX,112600000,113600000,0
lupulus_ChrX,112700000,113700000,0
lupulus_ChrX,112800000,113800000,0
lupulus_ChrX,112900000,113900000,0
lupulus_ChrX,113000000,114000000,0
lupulus_ChrX,113100000,114100000,0
lupulus_ChrX,113200000,114200000,0
lupulus_ChrX,113300000,114300000,0
lupulus_ChrX,113400000,114400000,0
lupulus_ChrX,113500000,114500000,0
lupulus_ChrX,113600000,114600000,0
lupulus_ChrX,113700000,114700000,0
lupulus_ChrX,113800000,114800000,0
lupulus_ChrX,113900000,114900000,0
lupulus_ChrX,114000000,115000000,0
lupulus_ChrX,114100000,115100000,0.000027
lupulus_ChrX,114200000,115200000,0.000027
lupulus_ChrX,114300000,115300000,0.000027
lupulus_ChrX,114400000,115400000,0.000027
lupulus_ChrX,114500000,115500000,0.000027
lupulus_ChrX,114600000,115600000,0.000027
lupulus_ChrX,114700000,115700000,0.000027
lupulus_ChrX,114800000,115800000,0.000027
lupulus_ChrX,114900000,115900000,0.000027
lupulus_ChrX,115000000,116000000,0.000027
lupulus_ChrX,115100000,116100000,0
lupulus_ChrX,115200000,116200000,0
lupulus_ChrX,115300000,116300000,0
lupulus_ChrX,115400000,116400000,0
lupulus_ChrX,115500000,116500000,0
lupulus_ChrX,115600000,116600000,0
lupulus_ChrX,115700000,116700000,0
lupulus_ChrX,115800000,116800000,0
lupulus_ChrX,115900000,116900000,0
lupulus_ChrX,116000000,117000000,0
lupulus_ChrX,116100000,117100000,0
lupulus_ChrX,116200000,117200000,0
lupulus_ChrX,116300000,117300000,0
lupulus_ChrX,116400000,117400000,0
lupulus_ChrX,116500000,117500000,0
lupulus_ChrX,116600000,117600000,0
lupulus_ChrX,116700000,117700000,0
lupulus_ChrX,116800000,117800000,0
lupulus_ChrX,116900000,117900000,0
lupulus_ChrX,117000000,118000000,0
lupulus_ChrX,117100000,118100000,0
lupulus_ChrX,117200000,118200000,0
lupulus_ChrX,117300000,118300000,0
lupulus_ChrX,117400000,118400000,0
lupulus_ChrX,117500000,118500000,0
lupulus_ChrX,117600000,118600000,0
lupulus_ChrX,117700000,118700000,0
lupulus_ChrX,117800000,118800000,0
lupulus_ChrX,117900000,118900000,0
lupulus_ChrX,118000000,119000000,0
lupulus_ChrX,118100000,119100000,0
lupulus_ChrX,118200000,119200000,0
lupulus_ChrX,118300000,119300000,0
lupulus_ChrX,118400000,119400000,0
lupulus_ChrX,118500000,119500000,0
lupulus_ChrX,118600000,119600000,0
lupulus_ChrX,118700000,119700000,0
lupulus_ChrX,118800000,119800000,0
lupulus_ChrX,118900000,119900000,0.000021
lupulus_ChrX,119000000,120000000,0.000021
lupulus_ChrX,119100000,120100000,0.000021
lupulus_ChrX,119200000,120200000,0.000021
lupulus_ChrX,119300000,120300000,0.000045
lupulus_ChrX,119400000,120400000,0.000045
lupulus_ChrX,119500000,120500000,0.000045
lupulus_ChrX,119600000,120600000,0.000045
lupulus_ChrX,119700000,120700000,0.000045
lupulus_ChrX,119800000,120800000,0.000045
lupulus_ChrX,119900000,120900000,0.000024
lupulus_ChrX,120000000,121000000,0.000024
lupulus_ChrX,120100000,121100000,0.000047
lupulus_ChrX,120200000,121200000,0.000047
lupulus_ChrX,120300000,121300000,0.000023
lupulus_ChrX,120400000,121400000,0.000023
lupulus_ChrX,120500000,121500000,0.000023
lupulus_ChrX,120600000,121600000,0.000023
lupulus_ChrX,120700000,121700000,0.000023
lupulus_ChrX,120800000,121800000,0.000023
lupulus_ChrX,120900000,121900000,0.000023
lupulus_ChrX,121000000,122000000,0.000023
lupulus_ChrX,121100000,122100000,0
lupulus_ChrX,121200000,122200000,0
lupulus_ChrX,121300000,122300000,0
lupulus_ChrX,121400000,122400000,0
lupulus_ChrX,121500000,122500000,0
lupulus_ChrX,121600000,122600000,0
lupulus_ChrX,121700000,122700000,0
lupulus_ChrX,121800000,122800000,0
lupulus_ChrX,121900000,122900000,0.000042
lupulus_ChrX,122000000,123000000,0.000042
lupulus_ChrX,122100000,123100000,0.000042
lupulus_ChrX,122200000,123200000,0.000042
lupulus_ChrX,122300000,123300000,0.000042
lupulus_ChrX,122400000,123400000,0.000042
lupulus_ChrX,122500000,123500000,0.000042
lupulus_ChrX,122600000,123600000,0.000042
lupulus_ChrX,122700000,123700000,0.000042
lupulus_ChrX,122800000,123800000,0.000042
lupulus_ChrX,122900000,123900000,0
lupulus_ChrX,123000000,124000000,0
lupulus_ChrX,123100000,124100000,0
lupulus_ChrX,123200000,124200000,0
lupulus_ChrX,123300000,124300000,0
lupulus_ChrX,123400000,124400000,0
lupulus_ChrX,123500000,124500000,0
lupulus_ChrX,123600000,124600000,0
lupulus_ChrX,123700000,124700000,0
lupulus_ChrX,123800000,124800000,0
lupulus_ChrX,123900000,124900000,0.000021
lupulus_ChrX,124000000,125000000,0.000021
lupulus_ChrX,124100000,125100000,0.000021
lupulus_ChrX,124200000,125200000,0.000021
lupulus_ChrX,124300000,125300000,0.000021
lupulus_ChrX,124400000,125400000,0.000021
lupulus_ChrX,124500000,125500000,0.000021
lupulus_ChrX,124600000,125600000,0.000021
lupulus_ChrX,124700000,125700000,0.000046
lupulus_ChrX,124800000,125800000,0.000046
lupulus_ChrX,124900000,125900000,0.000025
lupulus_ChrX,125000000,126000000,0.000025
lupulus_ChrX,125100000,126100000,0.000025
lupulus_ChrX,125200000,126200000,0.000025
lupulus_ChrX,125300000,126300000,0.000025
lupulus_ChrX,125400000,126400000,0.000025
lupulus_ChrX,125500000,126500000,0.000025
lupulus_ChrX,125600000,126600000,0.000025
lupulus_ChrX,125700000,126700000,0
lupulus_ChrX,125800000,126800000,0
lupulus_ChrX,125900000,126900000,0
lupulus_ChrX,126000000,127000000,0.000021
lupulus_ChrX,126100000,127100000,0.000021
lupulus_ChrX,126200000,127200000,0.000021
lupulus_ChrX,126300000,127300000,0.000021
lupulus_ChrX,126400000,127400000,0.000021
lupulus_ChrX,126500000,127500000,0.000021
lupulus_ChrX,126600000,127600000,0.000021
lupulus_ChrX,126700000,127700000,0.000021
lupulus_ChrX,126800000,127800000,0.000021
lupulus_ChrX,126900000,127900000,0.000021
lupulus_ChrX,127000000,128000000,0
lupulus_ChrX,127100000,128100000,0
lupulus_ChrX,127200000,128200000,0
lupulus_ChrX,127300000,128300000,0
lupulus_ChrX,127400000,128400000,0
lupulus_ChrX,127500000,128500000,0
lupulus_ChrX,127600000,128600000,0
lupulus_ChrX,127700000,128700000,0
lupulus_ChrX,127800000,128800000,0
lupulus_ChrX,127900000,128900000,0
lupulus_ChrX,128000000,129000000,0
lupulus_ChrX,128100000,129100000,0
lupulus_ChrX,128200000,129200000,0
lupulus_ChrX,128300000,129300000,0
lupulus_ChrX,128400000,129400000,0
lupulus_ChrX,128500000,129500000,0
lupulus_ChrX,128600000,129600000,0
lupulus_ChrX,128700000,129700000,0
lupulus_ChrX,128800000,129800000,0
lupulus_ChrX,128900000,129900000,0
lupulus_ChrX,129000000,130000000,0.000021
lupulus_ChrX,129100000,130100000,0.000021
lupulus_ChrX,129200000,130200000,0.000021
lupulus_ChrX,129300000,130300000,0.000021
lupulus_ChrX,129400000,130400000,0.000021
lupulus_ChrX,129500000,130500000,0.000021
lupulus_ChrX,129600000,130600000,0.000021
lupulus_ChrX,129700000,130700000,0.000021
lupulus_ChrX,129800000,130800000,0.000021
lupulus_ChrX,129900000,130900000,0.000021
lupulus_ChrX,130000000,131000000,0.000021
lupulus_ChrX,130100000,131100000,0.000021
lupulus_ChrX,130200000,131200000,0.000043
lupulus_ChrX,130300000,131300000,0.000043
lupulus_ChrX,130400000,131400000,0.000043
lupulus_ChrX,130500000,131500000,0.000065
lupulus_ChrX,130600000,131600000,0.000065
lupulus_ChrX,130700000,131700000,0.000065
lupulus_ChrX,130800000,131800000,0.000065
lupulus_ChrX,130900000,131900000,0.000065
lupulus_ChrX,131000000,132000000,0.000044
lupulus_ChrX,131100000,132100000,0.000044
lupulus_ChrX,131200000,132200000,0.000043
lupulus_ChrX,131300000,132300000,0.000043
lupulus_ChrX,131400000,132400000,0.000043
lupulus_ChrX,131500000,132500000,0.000021
lupulus_ChrX,131600000,132600000,0.000021
lupulus_ChrX,131700000,132700000,0.000021
lupulus_ChrX,131800000,132800000,0.000021
lupulus_ChrX,131900000,132900000,0.000021
lupulus_ChrX,132000000,133000000,0.000021
lupulus_ChrX,132100000,133100000,0.000021
lupulus_ChrX,132200000,133200000,0
lupulus_ChrX,132300000,133300000,0
lupulus_ChrX,132400000,133400000,0
lupulus_ChrX,132500000,133500000,0.000022
lupulus_ChrX,132600000,133600000,0.000022
lupulus_ChrX,132700000,133700000,0.000022
lupulus_ChrX,132800000,133800000,0.000022
lupulus_ChrX,132900000,133900000,0.000022
lupulus_ChrX,133000000,134000000,0.000022
lupulus_ChrX,133100000,134100000,0.000022
lupulus_ChrX,133200000,134200000,0.000022
lupulus_ChrX,133300000,134300000,0.000022
lupulus_ChrX,133400000,134400000,0.000022
lupulus_ChrX,133500000,134500000,0
lupulus_ChrX,133600000,134600000,0
lupulus_ChrX,133700000,134700000,0
lupulus_ChrX,133800000,134800000,0
lupulus_ChrX,133900000,134900000,0.00003
lupulus_ChrX,134000000,135000000,0.00003
lupulus_ChrX,134100000,135100000,0.00003
lupulus_ChrX,134200000,135200000,0.00003
lupulus_ChrX,134300000,135300000,0.00003
lupulus_ChrX,134400000,135400000,0.000051
lupulus_ChrX,134500000,135500000,0.000051
lupulus_ChrX,134600000,135600000,0.000051
lupulus_ChrX,134700000,135700000,0.000101
lupulus_ChrX,134800000,135800000,0.000101
lupulus_ChrX,134900000,135900000,0.000092
lupulus_ChrX,135000000,136000000,0.000092
lupulus_ChrX,135100000,136100000,0.000092
lupulus_ChrX,135200000,136200000,0.000092
lupulus_ChrX,135300000,136300000,0.000092
lupulus_ChrX,135400000,136400000,0.000092
lupulus_ChrX,135500000,136500000,0.000092
lupulus_ChrX,135600000,136600000,0.000092
lupulus_ChrX,135700000,136700000,0.000065
lupulus_ChrX,135800000,136800000,0.000065
lupulus_ChrX,135900000,136900000,0.000074
lupulus_ChrX,136000000,137000000,0.000074
lupulus_ChrX,136100000,137100000,0.000074
lupulus_ChrX,136200000,137200000,0.000095
lupulus_ChrX,136300000,137300000,0.000095
lupulus_ChrX,136400000,137400000,0.000074
lupulus_ChrX,136500000,137500000,0.000074
lupulus_ChrX,136600000,137600000,0.000095
lupulus_ChrX,136700000,137700000,0.000072
lupulus_ChrX,136800000,137800000,0.000072
lupulus_ChrX,136900000,137900000,0.000042
lupulus_ChrX,137000000,138000000,0.000042
lupulus_ChrX,137100000,138100000,0.000042
lupulus_ChrX,137200000,138200000,0.000021
lupulus_ChrX,137300000,138300000,0.000021
lupulus_ChrX,137400000,138400000,0.000021
lupulus_ChrX,137500000,138500000,0.000021
lupulus_ChrX,137600000,138600000,0
lupulus_ChrX,137700000,138700000,0
lupulus_ChrX,137800000,138800000,0.000021
lupulus_ChrX,137900000,138900000,0.000021
lupulus_ChrX,138000000,139000000,0.000192
lupulus_ChrX,138100000,139100000,0.000192
lupulus_ChrX,138200000,139200000,0.000192
lupulus_ChrX,138300000,139300000,0.000192
lupulus_ChrX,138400000,139400000,0.000192
lupulus_ChrX,138500000,139500000,0.000192
lupulus_ChrX,138600000,139600000,0.000192
lupulus_ChrX,138700000,139700000,0.000192
lupulus_ChrX,138800000,139800000,0.000171
lupulus_ChrX,138900000,139900000,0.000171
lupulus_ChrX,139000000,140000000,0
lupulus_ChrX,139100000,140100000,0
lupulus_ChrX,139200000,140200000,0.000021
lupulus_ChrX,139300000,140300000,0.000021
lupulus_ChrX,139400000,140400000,0.000021
lupulus_ChrX,139500000,140500000,0.000021
lupulus_ChrX,139600000,140600000,0.000021
lupulus_ChrX,139700000,140700000,0.000021
lupulus_ChrX,139800000,140800000,0.000021
lupulus_ChrX,139900000,140900000,0.000021
lupulus_ChrX,140000000,141000000,0.000044
lupulus_ChrX,140100000,141100000,0.000044
lupulus_ChrX,140200000,141200000,0.000023
lupulus_ChrX,140300000,141300000,0.000049
lupulus_ChrX,140400000,141400000,0.00007
lupulus_ChrX,140500000,141500000,0.00007
lupulus_ChrX,140600000,141600000,0.00007
lupulus_ChrX,140700000,141700000,0.000095
lupulus_ChrX,140800000,141800000,0.000122
lupulus_ChrX,140900000,141900000,0.000122
lupulus_ChrX,141000000,142000000,0.000099
lupulus_ChrX,141100000,142100000,0.000099
lupulus_ChrX,141200000,142200000,0.000099
lupulus_ChrX,141300000,142300000,0.000073
lupulus_ChrX,141400000,142400000,0.000052
lupulus_ChrX,141500000,142500000,0.000052
lupulus_ChrX,141600000,142600000,0.000052
lupulus_ChrX,141700000,142700000,0.000048
lupulus_ChrX,141800000,142800000,0.000021
lupulus_ChrX,141900000,142900000,0.000021
lupulus_ChrX,142000000,143000000,0.000021
lupulus_ChrX,142100000,143100000,0.000021
lupulus_ChrX,142200000,143200000,0.000021
lupulus_ChrX,142300000,143300000,0.000021
lupulus_ChrX,142400000,143400000,0.000021
lupulus_ChrX,142500000,143500000,0.000043
lupulus_ChrX,142600000,143600000,0.000043
lupulus_ChrX,142700000,143700000,0.000022
lupulus_ChrX,142800000,143800000,0.000022
lupulus_ChrX,142900000,143900000,0.000022
lupulus_ChrX,143000000,144000000,0.000022
lupulus_ChrX,143100000,144100000,0.000043
lupulus_ChrX,143200000,144200000,0.000065
lupulus_ChrX,143300000,144300000,0.000065
lupulus_ChrX,143400000,144400000,0.000065
lupulus_ChrX,143500000,144500000,0.000043
lupulus_ChrX,143600000,144600000,0.000043
lupulus_ChrX,143700000,144700000,0.000043
lupulus_ChrX,143800000,144800000,0.000043
lupulus_ChrX,143900000,144900000,0.000043
lupulus_ChrX,144000000,145000000,0.000043
lupulus_ChrX,144100000,145100000,0.000022
lupulus_ChrX,144200000,145200000,0
lupulus_ChrX,144300000,145300000,0
lupulus_ChrX,144400000,145400000,0
lupulus_ChrX,144500000,145500000,0
lupulus_ChrX,144600000,145600000,0.000042
lupulus_ChrX,144700000,145700000,0.000064
lupulus_ChrX,144800000,145800000,0.000064
lupulus_ChrX,144900000,145900000,0.000064
lupulus_ChrX,145000000,146000000,0.000064
lupulus_ChrX,145100000,146100000,0.000064
lupulus_ChrX,145200000,146200000,0.000064
lupulus_ChrX,145300000,146300000,0.000085
lupulus_ChrX,145400000,146400000,0.000085
lupulus_ChrX,145500000,146500000,0.000085
lupulus_ChrX,145600000,146600000,0.000072
lupulus_ChrX,145700000,146700000,0.00005
lupulus_ChrX,145800000,146800000,0.00005
lupulus_ChrX,145900000,146900000,0.00005
lupulus_ChrX,146000000,147000000,0.00005
lupulus_ChrX,146100000,147100000,0.00005
lupulus_ChrX,146200000,147200000,0.00005
lupulus_ChrX,146300000,147300000,0.00005
lupulus_ChrX,146400000,147400000,0.00005
lupulus_ChrX,146500000,147500000,0.000073
lupulus_ChrX,146600000,147600000,0.000044
lupulus_ChrX,146700000,147700000,0.000044
lupulus_ChrX,146800000,147800000,0.000044
lupulus_ChrX,146900000,147900000,0.000044
lupulus_ChrX,147000000,148000000,0.000044
lupulus_ChrX,147100000,148100000,0.000065
lupulus_ChrX,147200000,148200000,0.000065
lupulus_ChrX,147300000,148300000,0.000044
lupulus_ChrX,147400000,148400000,0.000044
lupulus_ChrX,147500000,148500000,0.000021
lupulus_ChrX,147600000,148600000,0.000043
lupulus_ChrX,147700000,148700000,0.000043
lupulus_ChrX,147800000,148800000,0.000043
lupulus_ChrX,147900000,148900000,0.000043
lupulus_ChrX,148000000,149000000,0.000043
lupulus_ChrX,148100000,149100000,0.000022
lupulus_ChrX,148200000,149200000,0.000022
lupulus_ChrX,148300000,149300000,0.000043
lupulus_ChrX,148400000,149400000,0.000043
lupulus_ChrX,148500000,149500000,0.000043
lupulus_ChrX,148600000,149600000,0.000044
lupulus_ChrX,148700000,149700000,0.000044
lupulus_ChrX,148800000,149800000,0.000044
lupulus_ChrX,148900000,149900000,0.000065
lupulus_ChrX,149000000,150000000,0.000065
lupulus_ChrX,149100000,150100000,0.000065
lupulus_ChrX,149200000,150200000,0.000065
lupulus_ChrX,149300000,150300000,0.000066
lupulus_ChrX,149400000,150400000,0.000066
lupulus_ChrX,149500000,150500000,0.000066
lupulus_ChrX,149600000,150600000,0.000043
lupulus_ChrX,149700000,150700000,0.000043
lupulus_ChrX,149800000,150800000,0.000043
lupulus_ChrX,149900000,150900000,0.000022
lupulus_ChrX,150000000,151000000,0.000022
lupulus_ChrX,150100000,151100000,0.000022
lupulus_ChrX,150200000,151200000,0.000022
lupulus_ChrX,150300000,151300000,0
lupulus_ChrX,150400000,151400000,0
lupulus_ChrX,150500000,151500000,0
lupulus_ChrX,150600000,151600000,0
lupulus_ChrX,150700000,151700000,0
lupulus_ChrX,150800000,151800000,0
lupulus_ChrX,150900000,151900000,0
lupulus_ChrX,151000000,152000000,0
lupulus_ChrX,151100000,152100000,0
lupulus_ChrX,151200000,152200000,0
lupulus_ChrX,151300000,152300000,0
lupulus_ChrX,151400000,152400000,0
lupulus_ChrX,151500000,152500000,0
lupulus_ChrX,151600000,152600000,0
lupulus_ChrX,151700000,152700000,0.000021
lupulus_ChrX,151800000,152800000,0.000042
lupulus_ChrX,151900000,152900000,0.000042
lupulus_ChrX,152000000,153000000,0.000042
lupulus_ChrX,152100000,153100000,0.000042
lupulus_ChrX,152200000,153200000,0.000042
lupulus_ChrX,152300000,153300000,0.000042
lupulus_ChrX,152400000,153400000,0.000042
lupulus_ChrX,152500000,153500000,0.000063
lupulus_ChrX,152600000,153600000,0.000086
lupulus_ChrX,152700000,153700000,0.000065
lupulus_ChrX,152800000,153800000,0.000044
lupulus_ChrX,152900000,153900000,0.000066
lupulus_ChrX,153000000,154000000,0.000066
lupulus_ChrX,153100000,154100000,0.000066
lupulus_ChrX,153200000,154200000,0.000066
lupulus_ChrX,153300000,154300000,0.000066
lupulus_ChrX,153400000,154400000,0.000066
lupulus_ChrX,153500000,154500000,0.000045
lupulus_ChrX,153600000,154600000,0.000022
lupulus_ChrX,153700000,154700000,0.000022
lupulus_ChrX,153800000,154800000,0.000022
lupulus_ChrX,153900000,154900000,0
lupulus_ChrX,154000000,155000000,0
lupulus_ChrX,154100000,155100000,0
lupulus_ChrX,154200000,155200000,0
lupulus_ChrX,154300000,155300000,0
lupulus_ChrX,154400000,155400000,0
lupulus_ChrX,154500000,155500000,0
lupulus_ChrX,154600000,155600000,0
lupulus_ChrX,154700000,155700000,0
lupulus_ChrX,154800000,155800000,0
lupulus_ChrX,154900000,155900000,0.000021
lupulus_ChrX,155000000,156000000,0.000021
lupulus_ChrX,155100000,156100000,0.000021
lupulus_ChrX,155200000,156200000,0.000021
lupulus_ChrX,155300000,156300000,0.000021
lupulus_ChrX,155400000,156400000,0.000044
lupulus_ChrX,155500000,156500000,0.000044
lupulus_ChrX,155600000,156600000,0.000044
lupulus_ChrX,155700000,156700000,0.000044
lupulus_ChrX,155800000,156800000,0.000044
lupulus_ChrX,155900000,156900000,0.000023
lupulus_ChrX,156000000,157000000,0.000023
lupulus_ChrX,156100000,157100000,0.000023
lupulus_ChrX,156200000,157200000,0.000044
lupulus_ChrX,156300000,157300000,0.000044
lupulus_ChrX,156400000,157400000,0.000021
lupulus_ChrX,156500000,157500000,0.000021
lupulus_ChrX,156600000,157600000,0.000042
lupulus_ChrX,156700000,157700000,0.000063
lupulus_ChrX,156800000,157800000,0.000063
lupulus_ChrX,156900000,157900000,0.000092
lupulus_ChrX,157000000,158000000,0.000092
lupulus_ChrX,157100000,158100000,0.000092
lupulus_ChrX,157200000,158200000,0.000071
lupulus_ChrX,157300000,158300000,0.000071
lupulus_ChrX,157400000,158400000,0.000071
lupulus_ChrX,157500000,158500000,0.000071
lupulus_ChrX,157600000,158600000,0.00005
lupulus_ChrX,157700000,158700000,0.000029
lupulus_ChrX,157800000,158800000,0.000029
lupulus_ChrX,157900000,158900000,0
lupulus_ChrX,158000000,159000000,0
lupulus_ChrX,158100000,159100000,0
lupulus_ChrX,158200000,159200000,0
lupulus_ChrX,158300000,159300000,0
lupulus_ChrX,158400000,159400000,0
lupulus_ChrX,158500000,159500000,0
lupulus_ChrX,158600000,159600000,0
lupulus_ChrX,158700000,159700000,0
lupulus_ChrX,158800000,159800000,0.000022
lupulus_ChrX,158900000,159900000,0.000043
lupulus_ChrX,159000000,160000000,0.000043
lupulus_ChrX,159100000,160100000,0.000043
lupulus_ChrX,159200000,160200000,0.000043
lupulus_ChrX,159300000,160300000,0.000043
lupulus_ChrX,159400000,160400000,0.000043
lupulus_ChrX,159500000,160500000,0.000043
lupulus_ChrX,159600000,160600000,0.000043
lupulus_ChrX,159700000,160700000,0.000065
lupulus_ChrX,159800000,160800000,0.000043
lupulus_ChrX,159900000,160900000,0.000022
lupulus_ChrX,160000000,161000000,0.000022
lupulus_ChrX,160100000,161100000,0.000043
lupulus_ChrX,160200000,161200000,0.000043
lupulus_ChrX,160300000,161300000,0.000043
lupulus_ChrX,160400000,161400000,0.000043
lupulus_ChrX,160500000,161500000,0.000043
lupulus_ChrX,160600000,161600000,0.000043
lupulus_ChrX,160700000,161700000,0.000021
lupulus_ChrX,160800000,161800000,0.000021
lupulus_ChrX,160900000,161900000,0.000021
lupulus_ChrX,161000000,162000000,0.000043
lupulus_ChrX,161100000,162100000,0.000043
lupulus_ChrX,161200000,162200000,0.000043
lupulus_ChrX,161300000,162300000,0.000043
lupulus_ChrX,161400000,162400000,0.000064
lupulus_ChrX,161500000,162500000,0.000086
lupulus_ChrX,161600000,162600000,0.000086
lupulus_ChrX,161700000,162700000,0.000107
lupulus_ChrX,161800000,162800000,0.000107
lupulus_ChrX,161900000,162900000,0.000107
lupulus_ChrX,162000000,163000000,0.000085
lupulus_ChrX,162100000,163100000,0.000064
lupulus_ChrX,162200000,163200000,0.000064
lupulus_ChrX,162300000,163300000,0.000064
lupulus_ChrX,162400000,163400000,0.000064
lupulus_ChrX,162500000,163500000,0.000042
lupulus_ChrX,162600000,163600000,0.000042
lupulus_ChrX,162700000,163700000,0.000021
lupulus_ChrX,162800000,163800000,0.000021
lupulus_ChrX,162900000,163900000,0.000021
lupulus_ChrX,163000000,164000000,0.000042
lupulus_ChrX,163100000,164100000,0.000063
lupulus_ChrX,163200000,164200000,0.000063
lupulus_ChrX,163300000,164300000,0.000063
lupulus_ChrX,163400000,164400000,0.000042
lupulus_ChrX,163500000,164500000,0.000042
lupulus_ChrX,163600000,164600000,0.000042
lupulus_ChrX,163700000,164700000,0.000063
lupulus_ChrX,163800000,164800000,0.000063
lupulus_ChrX,163900000,164900000,0.000063
lupulus_ChrX,164000000,165000000,0.000042
lupulus_ChrX,164100000,165100000,0.000021
lupulus_ChrX,164200000,165200000,0.000021
lupulus_ChrX,164300000,165300000,0.000021
lupulus_ChrX,164400000,165400000,0.000021
lupulus_ChrX,164500000,165500000,0.000021
lupulus_ChrX,164600000,165600000,0.000021
lupulus_ChrX,164700000,165700000,0
lupulus_ChrX,164800000,165800000,0.000023
lupulus_ChrX,164900000,165900000,0.000023
lupulus_ChrX,165000000,166000000,0.000023
lupulus_ChrX,165100000,166100000,0.000023
lupulus_ChrX,165200000,166200000,0.000023
lupulus_ChrX,165300000,166300000,0.000023
lupulus_ChrX,165400000,166400000,0.000023
lupulus_ChrX,165500000,166500000,0.000023
lupulus_ChrX,165600000,166600000,0.000023
lupulus_ChrX,165700000,166700000,0.000023
lupulus_ChrX,165800000,166800000,0
lupulus_ChrX,165900000,166900000,0
lupulus_ChrX,166000000,167000000,0
lupulus_ChrX,166100000,167100000,0
lupulus_ChrX,166200000,167200000,0.000021
lupulus_ChrX,166300000,167300000,0.000021
lupulus_ChrX,166400000,167400000,0.000021
lupulus_ChrX,166500000,167500000,0.000021
lupulus_ChrX,166600000,167600000,0.000042
lupulus_ChrX,166700000,167700000,0.000042
lupulus_ChrX,166800000,167800000,0.000042
lupulus_ChrX,166900000,167900000,0.000042
lupulus_ChrX,167000000,168000000,0.000042
lupulus_ChrX,167100000,168100000,0.000042
lupulus_ChrX,167200000,168200000,0.000021
lupulus_ChrX,167300000,168300000,0.000021
lupulus_ChrX,167400000,168400000,0.000021
lupulus_ChrX,167500000,168500000,0.000021
lupulus_ChrX,167600000,168600000,0
lupulus_ChrX,167700000,168700000,0.000025
lupulus_ChrX,167800000,168800000,0.000025
lupulus_ChrX,167900000,168900000,0.000025
lupulus_ChrX,168000000,169000000,0.000025
lupulus_ChrX,168100000,169100000,0.000048
lupulus_ChrX,168200000,169200000,0.000048
lupulus_ChrX,168300000,169300000,0.000048
lupulus_ChrX,168400000,169400000,0.000048
lupulus_ChrX,168500000,169500000,0.000048
lupulus_ChrX,168600000,169600000,0.000048
lupulus_ChrX,168700000,169700000,0.000023
lupulus_ChrX,168800000,169800000,0.000023
lupulus_ChrX,168900000,169900000,0.000044
lupulus_ChrX,169000000,170000000,0.000044
lupulus_ChrX,169100000,170100000,0.000021
lupulus_ChrX,169200000,170200000,0.000021
lupulus_ChrX,169300000,170300000,0.000021
lupulus_ChrX,169400000,170400000,0.000021
lupulus_ChrX,169500000,170500000,0.000021
lupulus_ChrX,169600000,170600000,0.000021
lupulus_ChrX,169700000,170700000,0.000021
lupulus_ChrX,169800000,170800000,0.000021
lupulus_ChrX,169900000,170900000,0
lupulus_ChrX,170000000,171000000,0
lupulus_ChrX,170100000,171100000,0
lupulus_ChrX,170200000,171200000,0
lupulus_ChrX,170300000,171300000,0
lupulus_ChrX,170400000,171400000,0
lupulus_ChrX,170500000,171500000,0
lupulus_ChrX,170600000,171600000,0
lupulus_ChrX,170700000,171700000,0
lupulus_ChrX,170800000,171800000,0
lupulus_ChrX,170900000,171900000,0
lupulus_ChrX,171000000,172000000,0
lupulus_ChrX,171100000,172100000,0
lupulus_ChrX,171200000,172200000,0
lupulus_ChrX,171300000,172300000,0
lupulus_ChrX,171400000,172400000,0
lupulus_ChrX,171500000,172500000,0
lupulus_ChrX,171600000,172600000,0.000021
lupulus_ChrX,171700000,172700000,0.000021
lupulus_ChrX,171800000,172800000,0.000021
lupulus_ChrX,171900000,172900000,0.000021
lupulus_ChrX,172000000,173000000,0.000021
lupulus_ChrX,172100000,173100000,0.000021
lupulus_ChrX,172200000,173200000,0.000021
lupulus_ChrX,172300000,173300000,0.000043
lupulus_ChrX,172400000,173400000,0.000043
lupulus_ChrX,172500000,173500000,0.000043
lupulus_ChrX,172600000,173600000,0.000022
lupulus_ChrX,172700000,173700000,0.000022
lupulus_ChrX,172800000,173800000,0.000022
lupulus_ChrX,172900000,173900000,0.000022
lupulus_ChrX,173000000,174000000,0.000022
lupulus_ChrX,173100000,174100000,0.000022
lupulus_ChrX,173200000,174200000,0.000022
lupulus_ChrX,173300000,174300000,0
lupulus_ChrX,173400000,174400000,0
lupulus_ChrX,173500000,174500000,0
lupulus_ChrX,173600000,174600000,0
lupulus_ChrX,173700000,174700000,0
lupulus_ChrX,173800000,174800000,0
lupulus_ChrX,173900000,174900000,0
lupulus_ChrX,174000000,175000000,0
lupulus_ChrX,174100000,175100000,0
lupulus_ChrX,174200000,175200000,0.000024
lupulus_ChrX,174300000,175300000,0.000024
lupulus_ChrX,174400000,175400000,0.000024
lupulus_ChrX,174500000,175500000,0.000024
lupulus_ChrX,174600000,175600000,0.000024
lupulus_ChrX,174700000,175700000,0.000024
lupulus_ChrX,174800000,175800000,0.000024
lupulus_ChrX,174900000,175900000,0.000024
lupulus_ChrX,175000000,176000000,0.000024
lupulus_ChrX,175100000,176100000,0.000024
lupulus_ChrX,175200000,176200000,0.000025
lupulus_ChrX,175300000,176300000,0.000025
lupulus_ChrX,175400000,176400000,0.000025
lupulus_ChrX,175500000,176500000,0.000025
lupulus_ChrX,175600000,176600000,0.000025
lupulus_ChrX,175700000,176700000,0.000025
lupulus_ChrX,175800000,176800000,0.000025
lupulus_ChrX,175900000,176900000,0.000025
lupulus_ChrX,176000000,177000000,0.000025
lupulus_ChrX,176100000,177100000,0.000025
lupulus_ChrX,176200000,177200000,0
lupulus_ChrX,176300000,177300000,0
lupulus_ChrX,176400000,177400000,0
lupulus_ChrX,176500000,177500000,0
lupulus_ChrX,176600000,177600000,0.000021
lupulus_ChrX,176700000,177700000,0.000021
lupulus_ChrX,176800000,177800000,0.000021
lupulus_ChrX,176900000,177900000,0.000021
lupulus_ChrX,177000000,178000000,0.000021
lupulus_ChrX,177100000,178100000,0.000021
lupulus_ChrX,177200000,178200000,0.000021
lupulus_ChrX,177300000,178300000,0.000021
lupulus_ChrX,177400000,178400000,0.000021
lupulus_ChrX,177500000,178500000,0.000021
lupulus_ChrX,177600000,178600000,0
lupulus_ChrX,177700000,178700000,0
lupulus_ChrX,177800000,178800000,0
lupulus_ChrX,177900000,178900000,0
lupulus_ChrX,178000000,179000000,0.000021
lupulus_ChrX,178100000,179100000,0.000021
lupulus_ChrX,178200000,179200000,0.000021
lupulus_ChrX,178300000,179300000,0.000021
lupulus_ChrX,178400000,179400000,0.000021
lupulus_ChrX,178500000,179500000,0.000021
lupulus_ChrX,178600000,179600000,0.000021
lupulus_ChrX,178700000,179700000,0.000021
lupulus_ChrX,178800000,179800000,0.000045
lupulus_ChrX,178900000,179900000,0.000045
lupulus_ChrX,179000000,180000000,0.000024
lupulus_ChrX,179100000,180100000,0.000024
lupulus_ChrX,179200000,180200000,0.000024
lupulus_ChrX,179300000,180300000,0.000024
lupulus_ChrX,179400000,180400000,0.000024
lupulus_ChrX,179500000,180500000,0.000024
lupulus_ChrX,179600000,180600000,0.000024
lupulus_ChrX,179700000,180700000,0.000024
lupulus_ChrX,179800000,180800000,0
lupulus_ChrX,179900000,180900000,0.000021
lupulus_ChrX,180000000,181000000,0.000021
lupulus_ChrX,180100000,181100000,0.000021
lupulus_ChrX,180200000,181200000,0.000021
lupulus_ChrX,180300000,181300000,0.000021
lupulus_ChrX,180400000,181400000,0.000021
lupulus_ChrX,180500000,181500000,0.000021
lupulus_ChrX,180600000,181600000,0.000021
lupulus_ChrX,180700000,181700000,0.000021
lupulus_ChrX,180800000,181800000,0.000043
lupulus_ChrX,180900000,181900000,0.000022
lupulus_ChrX,181000000,182000000,0.000022
lupulus_ChrX,181100000,182100000,0.000022
lupulus_ChrX,181200000,182200000,0.000022
lupulus_ChrX,181300000,182300000,0.000022
lupulus_ChrX,181400000,182400000,0.000022
lupulus_ChrX,181500000,182500000,0.000022
lupulus_ChrX,181600000,182600000,0.000022
lupulus_ChrX,181700000,182700000,0.000022
lupulus_ChrX,181800000,182800000,0
lupulus_ChrX,181900000,182900000,0
lupulus_ChrX,182000000,183000000,0
lupulus_ChrX,182100000,183100000,0
lupulus_ChrX,182200000,183200000,0
lupulus_ChrX,182300000,183300000,0
lupulus_ChrX,182400000,183400000,0.000022
lupulus_ChrX,182500000,183500000,0.000022
lupulus_ChrX,182600000,183600000,0.000022
lupulus_ChrX,182700000,183700000,0.000022
lupulus_ChrX,182800000,183800000,0.000022
lupulus_ChrX,182900000,183900000,0.000022
lupulus_ChrX,183000000,184000000,0.000043
lupulus_ChrX,183100000,184100000,0.000043
lupulus_ChrX,183200000,184200000,0.000043
lupulus_ChrX,183300000,184300000,0.000043
lupulus_ChrX,183400000,184400000,0.000021
lupulus_ChrX,183500000,184500000,0.000021
lupulus_ChrX,183600000,184600000,0.000042
lupulus_ChrX,183700000,184700000,0.000042
lupulus_ChrX,183800000,184800000,0.000042
lupulus_ChrX,183900000,184900000,0.000042
lupulus_ChrX,184000000,185000000,0.000021
lupulus_ChrX,184100000,185100000,0.000021
lupulus_ChrX,184200000,185200000,0.000021
lupulus_ChrX,184300000,185300000,0.000021
lupulus_ChrX,184400000,185400000,0.000021
lupulus_ChrX,184500000,185500000,0.000021
lupulus_ChrX,184600000,185600000,0
lupulus_ChrX,184700000,185700000,0
lupulus_ChrX,184800000,185800000,0.000023
lupulus_ChrX,184900000,185900000,0.000045
lupulus_ChrX,185000000,186000000,0.000045
lupulus_ChrX,185100000,186100000,0.000045
lupulus_ChrX,185200000,186200000,0.000045
lupulus_ChrX,185300000,186300000,0.000045
lupulus_ChrX,185400000,186400000,0.000045
lupulus_ChrX,185500000,186500000,0.000045
lupulus_ChrX,185600000,186600000,0.000045
lupulus_ChrX,185700000,186700000,0.000067
lupulus_ChrX,185800000,186800000,0.000044
lupulus_ChrX,185900000,186900000,0.000022
lupulus_ChrX,186000000,187000000,0.000022
lupulus_ChrX,186100000,187100000,0.000022
lupulus_ChrX,186200000,187200000,0.000043
lupulus_ChrX,186300000,187300000,0.000043
lupulus_ChrX,186400000,187400000,0.000065
lupulus_ChrX,186500000,187500000,0.000065
lupulus_ChrX,186600000,187600000,0.000065
lupulus_ChrX,186700000,187700000,0.000043
lupulus_ChrX,186800000,187800000,0.000043
lupulus_ChrX,186900000,187900000,0.000065
lupulus_ChrX,187000000,188000000,0.000065
lupulus_ChrX,187100000,188100000,0.000065
lupulus_ChrX,187200000,188200000,0.000044
lupulus_ChrX,187300000,188300000,0.000044
lupulus_ChrX,187400000,188400000,0.000043
lupulus_ChrX,187500000,188500000,0.000043
lupulus_ChrX,187600000,188600000,0.000043
lupulus_ChrX,187700000,188700000,0.000043
lupulus_ChrX,187800000,188800000,0.000043
lupulus_ChrX,187900000,188900000,0.000021
lupulus_ChrX,188000000,189000000,0.000021
lupulus_ChrX,188100000,189100000,0.000021
lupulus_ChrX,188200000,189200000,0.000045
lupulus_ChrX,188300000,189300000,0.000045
lupulus_ChrX,188400000,189400000,0.000024
lupulus_ChrX,188500000,189500000,0.000024
lupulus_ChrX,188600000,189600000,0.000049
lupulus_ChrX,188700000,189700000,0.000049
lupulus_ChrX,188800000,189800000,0.000049
lupulus_ChrX,188900000,189900000,0.000049
lupulus_ChrX,189000000,190000000,0.000049
lupulus_ChrX,189100000,190100000,0.000049
lupulus_ChrX,189200000,190200000,0.000047
lupulus_ChrX,189300000,190300000,0.000047
lupulus_ChrX,189400000,190400000,0.000047
lupulus_ChrX,189500000,190500000,0.000047
lupulus_ChrX,189600000,190600000,0.000022
lupulus_ChrX,189700000,190700000,0.000022
lupulus_ChrX,189800000,190800000,0.000022
lupulus_ChrX,189900000,190900000,0.000022
lupulus_ChrX,190000000,191000000,0.000047
lupulus_ChrX,190100000,191100000,0.000047
lupulus_ChrX,190200000,191200000,0.000025
lupulus_ChrX,190300000,191300000,0.000025
lupulus_ChrX,190400000,191400000,0.000025
lupulus_ChrX,190500000,191500000,0.000025
lupulus_ChrX,190600000,191600000,0.000068
lupulus_ChrX,190700000,191700000,0.000068
lupulus_ChrX,190800000,191800000,0.000068
lupulus_ChrX,190900000,191900000,0.000068
lupulus_ChrX,191000000,192000000,0.000043
lupulus_ChrX,191100000,192100000,0.000043
lupulus_ChrX,191200000,192200000,0.000043
lupulus_ChrX,191300000,192300000,0.000043
lupulus_ChrX,191400000,192400000,0.000043
lupulus_ChrX,191500000,192500000,0.000043
lupulus_ChrX,191600000,192600000,0
lupulus_ChrX,191700000,192700000,0
lupulus_ChrX,191800000,192800000,0
lupulus_ChrX,191900000,192900000,0
lupulus_ChrX,192000000,193000000,0
lupulus_ChrX,192100000,193100000,0
lupulus_ChrX,192200000,193200000,0.000021
lupulus_ChrX,192300000,193300000,0.000021
lupulus_ChrX,192400000,193400000,0.000021
lupulus_ChrX,192500000,193500000,0.000042
lupulus_ChrX,192600000,193600000,0.000042
lupulus_ChrX,192700000,193700000,0.000042
lupulus_ChrX,192800000,193800000,0.000042
lupulus_ChrX,192900000,193900000,0.000042
lupulus_ChrX,193000000,194000000,0.000042
lupulus_ChrX,193100000,194100000,0.000042
lupulus_ChrX,193200000,194200000,0.000021
lupulus_ChrX,193300000,194300000,0.000021
lupulus_ChrX,193400000,194400000,0.000021
lupulus_ChrX,193500000,194500000,0
lupulus_ChrX,193600000,194600000,0
lupulus_ChrX,193700000,194700000,0
lupulus_ChrX,193800000,194800000,0
lupulus_ChrX,193900000,194900000,0
lupulus_ChrX,194000000,195000000,0
lupulus_ChrX,194100000,195100000,0
lupulus_ChrX,194200000,195200000,0.000022
lupulus_ChrX,194300000,195300000,0.000022
lupulus_ChrX,194400000,195400000,0.000043
lupulus_ChrX,194500000,195500000,0.000043
lupulus_ChrX,194600000,195600000,0.000043
lupulus_ChrX,194700000,195700000,0.000043
lupulus_ChrX,194800000,195800000,0.000043
lupulus_ChrX,194900000,195900000,0.000043
lupulus_ChrX,195000000,196000000,0.000064
lupulus_ChrX,195100000,196100000,0.000064
lupulus_ChrX,195200000,196200000,0.000042
lupulus_ChrX,195300000,196300000,0.000042
lupulus_ChrX,195400000,196400000,0.000021
lupulus_ChrX,195500000,196500000,0.000021
lupulus_ChrX,195600000,196600000,0.000021
lupulus_ChrX,195700000,196700000,0.000021
lupulus_ChrX,195800000,196800000,0.000021
lupulus_ChrX,195900000,196900000,0.000021
lupulus_ChrX,196000000,197000000,0
lupulus_ChrX,196100000,197100000,0.000042
lupulus_ChrX,196200000,197200000,0.000042
lupulus_ChrX,196300000,197300000,0.000064
lupulus_ChrX,196400000,197400000,0.000064
lupulus_ChrX,196500000,197500000,0.000064
lupulus_ChrX,196600000,197600000,0.000064
lupulus_ChrX,196700000,197700000,0.000064
lupulus_ChrX,196800000,197800000,0.000064
lupulus_ChrX,196900000,197900000,0.000064
lupulus_ChrX,197000000,198000000,0.000064
lupulus_ChrX,197100000,198100000,0.000043
lupulus_ChrX,197200000,198200000,0.000043
lupulus_ChrX,197300000,198300000,0.000021
lupulus_ChrX,197400000,198400000,0.000021
lupulus_ChrX,197500000,198500000,0.000021
lupulus_ChrX,197600000,198600000,0.000021
lupulus_ChrX,197700000,198700000,0.000046
lupulus_ChrX,197800000,198800000,0.000046
lupulus_ChrX,197900000,198900000,0.000046
lupulus_ChrX,198000000,199000000,0.000046
lupulus_ChrX,198100000,199100000,0.000025
lupulus_ChrX,198200000,199200000,0.000025
lupulus_ChrX,198300000,199300000,0.000025
lupulus_ChrX,198400000,199400000,0.000025
lupulus_ChrX,198500000,199500000,0.000025
lupulus_ChrX,198600000,199600000,0.000025
lupulus_ChrX,198700000,199700000,0
lupulus_ChrX,198800000,199800000,0.000021
lupulus_ChrX,198900000,199900000,0.000021
lupulus_ChrX,199000000,200000000,0.000021
lupulus_ChrX,199100000,200100000,0.000021
lupulus_ChrX,199200000,200200000,0.000021
lupulus_ChrX,199300000,200300000,0.000021
lupulus_ChrX,199400000,200400000,0.000021
lupulus_ChrX,199500000,200500000,0.000021
lupulus_ChrX,199600000,200600000,0.000043
lupulus_ChrX,199700000,200700000,0.000092
lupulus_ChrX,199800000,200800000,0.000071
lupulus_ChrX,199900000,200900000,0.000071
lupulus_ChrX,200000000,201000000,0.000071
lupulus_ChrX,200100000,201100000,0.000071
lupulus_ChrX,200200000,201200000,0.000071
lupulus_ChrX,200300000,201300000,0.000071
lupulus_ChrX,200400000,201400000,0.000071
lupulus_ChrX,200500000,201500000,0.000071
lupulus_ChrX,200600000,201600000,0.000049
lupulus_ChrX,200700000,201700000,0
lupulus_ChrX,200800000,201800000,0
lupulus_ChrX,200900000,201900000,0
lupulus_ChrX,201000000,202000000,0
lupulus_ChrX,201100000,202100000,0
lupulus_ChrX,201200000,202200000,0
lupulus_ChrX,201300000,202300000,0.000021
lupulus_ChrX,201400000,202400000,0.000021
lupulus_ChrX,201500000,202500000,0.000042
lupulus_ChrX,201600000,202600000,0.000042
lupulus_ChrX,201700000,202700000,0.000042
lupulus_ChrX,201800000,202800000,0.000042
lupulus_ChrX,201900000,202900000,0.000042
lupulus_ChrX,202000000,203000000,0.000042
lupulus_ChrX,202100000,203100000,0.000063
lupulus_ChrX,202200000,203200000,0.000063
lupulus_ChrX,202300000,203300000,0.000042
lupulus_ChrX,202400000,203400000,0.000042
lupulus_ChrX,202500000,203500000,0.000021
lupulus_ChrX,202600000,203600000,0.000021
lupulus_ChrX,202700000,203700000,0.000021
lupulus_ChrX,202800000,203800000,0.000021
lupulus_ChrX,202900000,203900000,0.000042
lupulus_ChrX,203000000,204000000,0.000042
lupulus_ChrX,203100000,204100000,0.000021
lupulus_ChrX,203200000,204200000,0.000021
lupulus_ChrX,203300000,204300000,0.000021
lupulus_ChrX,203400000,204400000,0.000021
lupulus_ChrX,203500000,204500000,0.000021
lupulus_ChrX,203600000,204600000,0.000042
lupulus_ChrX,203700000,204700000,0.000042
lupulus_ChrX,203800000,204800000,0.000042
lupulus_ChrX,203900000,204900000,0.000021
lupulus_ChrX,204000000,205000000,0.000021
lupulus_ChrX,204100000,205100000,0.000021
lupulus_ChrX,204200000,205200000,0.000021
lupulus_ChrX,204300000,205300000,0.000071
lupulus_ChrX,204400000,205400000,0.000071
lupulus_ChrX,204500000,205500000,0.000071
lupulus_ChrX,204600000,205600000,0.000074
lupulus_ChrX,204700000,205700000,0.000097
lupulus_ChrX,204800000,205800000,0.000097
lupulus_ChrX,204900000,205900000,0.000097
lupulus_ChrX,205000000,206000000,0.000097
lupulus_ChrX,205100000,206100000,0.000119
lupulus_ChrX,205200000,206200000,0.000119
lupulus_ChrX,205300000,206300000,0.000069
lupulus_ChrX,205400000,206400000,0.000069
lupulus_ChrX,205500000,206500000,0.000069
lupulus_ChrX,205600000,206600000,0.000045
lupulus_ChrX,205700000,206700000,0.000022
lupulus_ChrX,205800000,206800000,0.000022
lupulus_ChrX,205900000,206900000,0.000022
lupulus_ChrX,206000000,207000000,0.000022
lupulus_ChrX,206100000,207100000,0.000024
lupulus_ChrX,206200000,207200000,0.000024
lupulus_ChrX,206300000,207300000,0.000024
lupulus_ChrX,206400000,207400000,0.000024
lupulus_ChrX,206500000,207500000,0.000024
lupulus_ChrX,206600000,207600000,0.000024
lupulus_ChrX,206700000,207700000,0.000024
lupulus_ChrX,206800000,207800000,0.000024
lupulus_ChrX,206900000,207900000,0.000024
lupulus_ChrX,207000000,208000000,0.000024
lupulus_ChrX,207100000,208100000,0
lupulus_ChrX,207200000,208200000,0
lupulus_ChrX,207300000,208300000,0
lupulus_ChrX,207400000,208400000,0
lupulus_ChrX,207500000,208500000,0.000229
lupulus_ChrX,207600000,208600000,0.000229
lupulus_ChrX,207700000,208700000,0.000229
lupulus_ChrX,207800000,208800000,0.000229
lupulus_ChrX,207900000,208900000,0.00025
lupulus_ChrX,208000000,209000000,0.00025
lupulus_ChrX,208100000,209100000,0.00025
lupulus_ChrX,208200000,209200000,0.000271
lupulus_ChrX,208300000,209300000,0.000271
lupulus_ChrX,208400000,209400000,0.000271
lupulus_ChrX,208500000,209500000,0.000042
lupulus_ChrX,208600000,209600000,0.000042
lupulus_ChrX,208700000,209700000,0.000042
lupulus_ChrX,208800000,209800000,0.000068
lupulus_ChrX,208900000,209900000,0.000047
lupulus_ChrX,209000000,210000000,0.000068
lupulus_ChrX,209100000,210100000,0.000068
lupulus_ChrX,209200000,210200000,0.000047
lupulus_ChrX,209300000,210300000,0.000047
lupulus_ChrX,209400000,210400000,0.000047
lupulus_ChrX,209500000,210500000,0.000047
lupulus_ChrX,209600000,210600000,0.000047
lupulus_ChrX,209700000,210700000,0.000047
lupulus_ChrX,209800000,210800000,0.000021
lupulus_ChrX,209900000,210900000,0.000021
lupulus_ChrX,210000000,211000000,0
lupulus_ChrX,210100000,211100000,0
lupulus_ChrX,210200000,211200000,0
lupulus_ChrX,210300000,211300000,0
lupulus_ChrX,210400000,211400000,0
lupulus_ChrX,210500000,211500000,0
lupulus_ChrX,210600000,211600000,0
lupulus_ChrX,210700000,211700000,0
lupulus_ChrX,210800000,211800000,0
lupulus_ChrX,210900000,211900000,0.000022
lupulus_ChrX,211000000,212000000,0.000022
lupulus_ChrX,211100000,212100000,0.000022
lupulus_ChrX,211200000,212200000,0.000022
lupulus_ChrX,211300000,212300000,0.000022
lupulus_ChrX,211400000,212400000,0.000022
lupulus_ChrX,211500000,212500000,0.000022
lupulus_ChrX,211600000,212600000,0.000022
lupulus_ChrX,211700000,212700000,0.000022
lupulus_ChrX,211800000,212800000,0.000043
lupulus_ChrX,211900000,212900000,0.000047
lupulus_ChrX,212000000,213000000,0.00007
lupulus_ChrX,212100000,213100000,0.00007
lupulus_ChrX,212200000,213200000,0.00007
lupulus_ChrX,212300000,213300000,0.00007
lupulus_ChrX,212400000,213400000,0.00007
lupulus_ChrX,212500000,213500000,0.00007
lupulus_ChrX,212600000,213600000,0.00007
lupulus_ChrX,212700000,213700000,0.00007
lupulus_ChrX,212800000,213800000,0.000049
lupulus_ChrX,212900000,213900000,0.000044
lupulus_ChrX,213000000,214000000,0.000021
lupulus_ChrX,213100000,214100000,0.000021
lupulus_ChrX,213200000,214200000,0.000021
lupulus_ChrX,213300000,214300000,0.000021
lupulus_ChrX,213400000,214400000,0.000021
lupulus_ChrX,213500000,214500000,0.000021
lupulus_ChrX,213600000,214600000,0.000021
lupulus_ChrX,213700000,214700000,0.000021
lupulus_ChrX,213800000,214800000,0.000021
lupulus_ChrX,213900000,214900000,0
lupulus_ChrX,214000000,215000000,0
lupulus_ChrX,214100000,215100000,0
lupulus_ChrX,214200000,215200000,0
lupulus_ChrX,214300000,215300000,0
lupulus_ChrX,214400000,215400000,0.000022
lupulus_ChrX,214500000,215500000,0.000022
lupulus_ChrX,214600000,215600000,0.000022
lupulus_ChrX,214700000,215700000,0.000022
lupulus_ChrX,214800000,215800000,0.000022
lupulus_ChrX,214900000,215900000,0.000022
lupulus_ChrX,215000000,216000000,0.000043
lupulus_ChrX,215100000,216100000,0.000043
lupulus_ChrX,215200000,216200000,0.000043
lupulus_ChrX,215300000,216300000,0.000043
lupulus_ChrX,215400000,216400000,0.000021
lupulus_ChrX,215500000,216500000,0.000043
lupulus_ChrX,215600000,216600000,0.000043
lupulus_ChrX,215700000,216700000,0.000043
lupulus_ChrX,215800000,216800000,0.000043
lupulus_ChrX,215900000,216900000,0.000043
lupulus_ChrX,216000000,217000000,0.000022
lupulus_ChrX,216100000,217100000,0.000022
lupulus_ChrX,216200000,217200000,0.000022
lupulus_ChrX,216300000,217300000,0.000022
lupulus_ChrX,216400000,217400000,0.000022
lupulus_ChrX,216500000,217500000,0
lupulus_ChrX,216600000,217600000,0
lupulus_ChrX,216700000,217700000,0
lupulus_ChrX,216800000,217800000,0
lupulus_ChrX,216900000,217900000,0.000026
lupulus_ChrX,217000000,218000000,0.000047
lupulus_ChrX,217100000,218100000,0.000047
lupulus_ChrX,217200000,218200000,0.000068
lupulus_ChrX,217300000,218300000,0.000068
lupulus_ChrX,217400000,218400000,0.000068
lupulus_ChrX,217500000,218500000,0.000068
lupulus_ChrX,217600000,218600000,0.000068
lupulus_ChrX,217700000,218700000,0.000068
lupulus_ChrX,217800000,218800000,0.000089
lupulus_ChrX,217900000,218900000,0.000063
lupulus_ChrX,218000000,219000000,0.000042
lupulus_ChrX,218100000,219100000,0.000042
lupulus_ChrX,218200000,219200000,0.000021
lupulus_ChrX,218300000,219300000,0.000021
lupulus_ChrX,218400000,219400000,0.000021
lupulus_ChrX,218500000,219500000,0.000046
lupulus_ChrX,218600000,219600000,0.000046
lupulus_ChrX,218700000,219700000,0.000046
lupulus_ChrX,218800000,219800000,0.000025
lupulus_ChrX,218900000,219900000,0.000046
lupulus_ChrX,219000000,220000000,0.000046
lupulus_ChrX,219100000,220100000,0.000046
lupulus_ChrX,219200000,220200000,0.000046
lupulus_ChrX,219300000,220300000,0.000046
lupulus_ChrX,219400000,220400000,0.000046
lupulus_ChrX,219500000,220500000,0.000046
lupulus_ChrX,219600000,220600000,0.000046
lupulus_ChrX,219700000,220700000,0.000046
lupulus_ChrX,219800000,220800000,0.000046
lupulus_ChrX,219900000,220900000,0.000046
lupulus_ChrX,220000000,221000000,0.000046
lupulus_ChrX,220100000,221100000,0.000046
lupulus_ChrX,220200000,221200000,0.000046
lupulus_ChrX,220300000,221300000,0.000046
lupulus_ChrX,220400000,221400000,0.000046
lupulus_ChrX,220500000,221500000,0.000021
lupulus_ChrX,220600000,221600000,0.000021
lupulus_ChrX,220700000,221700000,0.000021
lupulus_ChrX,220800000,221800000,0.000086
lupulus_ChrX,220900000,221900000,0.000065
lupulus_ChrX,221000000,222000000,0.000065
lupulus_ChrX,221100000,222100000,0.000065
lupulus_ChrX,221200000,222200000,0.000065
lupulus_ChrX,221300000,222300000,0.000065
lupulus_ChrX,221400000,222400000,0.000065
lupulus_ChrX,221500000,222500000,0.000065
lupulus_ChrX,221600000,222600000,0.000065
lupulus_ChrX,221700000,222700000,0.000065
lupulus_ChrX,221800000,222800000,0
lupulus_ChrX,221900000,222900000,0
lupulus_ChrX,222000000,223000000,0
lupulus_ChrX,222100000,223100000,0
lupulus_ChrX,222200000,223200000,0
lupulus_ChrX,222300000,223300000,0
lupulus_ChrX,222400000,223400000,0
lupulus_ChrX,222500000,223500000,0
lupulus_ChrX,222600000,223600000,0
lupulus_ChrX,222700000,223700000,0
lupulus_ChrX,222800000,223800000,0
lupulus_ChrX,222900000,223900000,0
lupulus_ChrX,223000000,224000000,0
lupulus_ChrX,223100000,224100000,0
lupulus_ChrX,223200000,224200000,0
lupulus_ChrX,223300000,224300000,0
lupulus_ChrX,223400000,224400000,0
lupulus_ChrX,223500000,224500000,0.000021
lupulus_ChrX,223600000,224600000,0.000021
lupulus_ChrX,223700000,224700000,0.000021
lupulus_ChrX,223800000,224800000,0.000042
lupulus_ChrX,223900000,224900000,0.000042
lupulus_ChrX,224000000,225000000,0.000042
lupulus_ChrX,224100000,225100000,0.000042
lupulus_ChrX,224200000,225200000,0.000042
lupulus_ChrX,224300000,225300000,0.000042
lupulus_ChrX,224400000,225400000,0.000042
lupulus_ChrX,224500000,225500000,0.000021
lupulus_ChrX,224600000,225600000,0.000021
lupulus_ChrX,224700000,225700000,0.000021
lupulus_ChrX,224800000,225800000,0
lupulus_ChrX,224900000,225900000,0
lupulus_ChrX,225000000,226000000,0
lupulus_ChrX,225100000,226100000,0
lupulus_ChrX,225200000,226200000,0
lupulus_ChrX,225300000,226300000,0
lupulus_ChrX,225400000,226400000,0
lupulus_ChrX,225500000,226500000,0
lupulus_ChrX,225600000,226600000,0
lupulus_ChrX,225700000,226700000,0
lupulus_ChrX,225800000,226800000,0
lupulus_ChrX,225900000,226900000,0
lupulus_ChrX,226000000,227000000,0
lupulus_ChrX,226100000,227100000,0
lupulus_ChrX,226200000,227200000,0
lupulus_ChrX,226300000,227300000,0.000021
lupulus_ChrX,226400000,227400000,0.000021
lupulus_ChrX,226500000,227500000,0.000021
lupulus_ChrX,226600000,227600000,0.000064
lupulus_ChrX,226700000,227700000,0.000064
lupulus_ChrX,226800000,227800000,0.000064
lupulus_ChrX,226900000,227900000,0.000064
lupulus_ChrX,227000000,228000000,0.000064
lupulus_ChrX,227100000,228100000,0.000087
lupulus_ChrX,227200000,228200000,0.000087
lupulus_ChrX,227300000,228300000,0.000066
lupulus_ChrX,227400000,228400000,0.000066
lupulus_ChrX,227500000,228500000,0.000066
lupulus_ChrX,227600000,228600000,0.000044
lupulus_ChrX,227700000,228700000,0.000044
lupulus_ChrX,227800000,228800000,0.000044
lupulus_ChrX,227900000,228900000,0.000044
lupulus_ChrX,228000000,229000000,0.000044
lupulus_ChrX,228100000,229100000,0.000021
lupulus_ChrX,228200000,229200000,0.000043
lupulus_ChrX,228300000,229300000,0.000043
lupulus_ChrX,228400000,229400000,0.000043
lupulus_ChrX,228500000,229500000,0.000043
lupulus_ChrX,228600000,229600000,0.000022
lupulus_ChrX,228700000,229700000,0.000052
lupulus_ChrX,228800000,229800000,0.000052
lupulus_ChrX,228900000,229900000,0.000073
lupulus_ChrX,229000000,230000000,0.000094
lupulus_ChrX,229100000,230100000,0.000094
lupulus_ChrX,229200000,230200000,0.000072
lupulus_ChrX,229300000,230300000,0.000072
lupulus_ChrX,229400000,230400000,0.000093
lupulus_ChrX,229500000,230500000,0.000093
lupulus_ChrX,229600000,230600000,0.000093
lupulus_ChrX,229700000,230700000,0.000063
lupulus_ChrX,229800000,230800000,0.000063
lupulus_ChrX,229900000,230900000,0.000042
lupulus_ChrX,230000000,231000000,0.000021
lupulus_ChrX,230100000,231100000,0.000021
lupulus_ChrX,230200000,231200000,0.000021
lupulus_ChrX,230300000,231300000,0.000021
lupulus_ChrX,230400000,231400000,0
lupulus_ChrX,230500000,231500000,0
lupulus_ChrX,230600000,231600000,0
lupulus_ChrX,230700000,231700000,0
lupulus_ChrX,230800000,231800000,0
lupulus_ChrX,230900000,231900000,0.000031
lupulus_ChrX,231000000,232000000,0.000031
lupulus_ChrX,231100000,232100000,0.000031
lupulus_ChrX,231200000,232200000,0.000031
lupulus_ChrX,231300000,232300000,0.000031
lupulus_ChrX,231400000,232400000,0.000053
lupulus_ChrX,231500000,232500000,0.000053
lupulus_ChrX,231600000,232600000,0.000053
lupulus_ChrX,231700000,232700000,0.000053
lupulus_ChrX,231800000,232800000,0.000053
lupulus_ChrX,231900000,232900000,0.000022
lupulus_ChrX,232000000,233000000,0.000022
lupulus_ChrX,232100000,233100000,0.000022
lupulus_ChrX,232200000,233200000,0.000022
lupulus_ChrX,232300000,233300000,0.000022
lupulus_ChrX,232400000,233400000,0.000511
lupulus_ChrX,232500000,233500000,0.000511
lupulus_ChrX,232600000,233600000,0.000532
lupulus_ChrX,232700000,233700000,0.000532
lupulus_ChrX,232800000,233800000,0.000532
lupulus_ChrX,232900000,233900000,0.000532
lupulus_ChrX,233000000,234000000,0.000532
lupulus_ChrX,233100000,234100000,0.000553
lupulus_ChrX,233200000,234200000,0.000553
lupulus_ChrX,233300000,234300000,0.000553
lupulus_ChrX,233400000,234400000,0.000063
lupulus_ChrX,233500000,234500000,0.000063
lupulus_ChrX,233600000,234600000,0.000042
lupulus_ChrX,233700000,234700000,0.000042
lupulus_ChrX,233800000,234800000,0.000042
lupulus_ChrX,233900000,234900000,0.000042
lupulus_ChrX,234000000,235000000,0.000042
lupulus_ChrX,234100000,235100000,0.000021
lupulus_ChrX,234200000,235200000,0.000021
lupulus_ChrX,234300000,235300000,0.000021
lupulus_ChrX,234400000,235400000,0
lupulus_ChrX,234500000,235500000,0.000046
lupulus_ChrX,234600000,235600000,0.000046
lupulus_ChrX,234700000,235700000,0.000046
lupulus_ChrX,234800000,235800000,0.000046
lupulus_ChrX,234900000,235900000,0.000046
lupulus_ChrX,235000000,236000000,0.000123
lupulus_ChrX,235100000,236100000,0.000168
lupulus_ChrX,235200000,236200000,0.000221
lupulus_ChrX,235300000,236300000,0.000246
lupulus_ChrX,235400000,236400000,0.000305
lupulus_ChrX,235500000,236500000,0.00028
lupulus_ChrX,235600000,236600000,0.000398
lupulus_ChrX,235700000,236700000,0.000445
lupulus_ChrX,235800000,236800000,0.000488
lupulus_ChrX,235900000,236900000,0.000665
lupulus_ChrX,236000000,237000000,0.000708
lupulus_ChrX,236100000,237100000,0.000684
lupulus_ChrX,236200000,237200000,0.000674
lupulus_ChrX,236300000,237300000,0.000747
lupulus_ChrX,236400000,237400000,0.000688
lupulus_ChrX,236500000,237500000,0.000667
lupulus_ChrX,236600000,237600000,0.000549
lupulus_ChrX,236700000,237700000,0.000614
lupulus_ChrX,236800000,237800000,0.000571
lupulus_ChrX,236900000,237900000,0.000487
lupulus_ChrX,237000000,238000000,0.000415
lupulus_ChrX,237100000,238100000,0.000478
lupulus_ChrX,237200000,238200000,0.000457
lupulus_ChrX,237300000,238300000,0.000631
lupulus_ChrX,237400000,238400000,0.000631
lupulus_ChrX,237500000,238500000,0.000631
lupulus_ChrX,237600000,238600000,0.000689
lupulus_ChrX,237700000,238700000,0.000766
lupulus_ChrX,237800000,238800000,0.000766
lupulus_ChrX,237900000,238900000,0.000673
lupulus_ChrX,238000000,239000000,0.000625
lupulus_ChrX,238100000,239100000,0.00075
lupulus_ChrX,238200000,239200000,0.00075
lupulus_ChrX,238300000,239300000,0.000478
lupulus_ChrX,238400000,239400000,0.000478
lupulus_ChrX,238500000,239500000,0.000478
lupulus_ChrX,238600000,239600000,0.000521
lupulus_ChrX,238700000,239700000,0.000698
lupulus_ChrX,238800000,239800000,0.000698
lupulus_ChrX,238900000,239900000,0.000698
lupulus_ChrX,239000000,240000000,0.000722
lupulus_ChrX,239100000,240100000,0.000771
lupulus_ChrX,239200000,240200000,0.001317
lupulus_ChrX,239300000,240300000,0.001398
lupulus_ChrX,239400000,240400000,0.001686
lupulus_ChrX,239500000,240500000,0.001732
lupulus_ChrX,239600000,240600000,0.001631
lupulus_ChrX,239700000,240700000,0.001308
lupulus_ChrX,239800000,240800000,0.001391
lupulus_ChrX,239900000,240900000,0.001391
lupulus_ChrX,240000000,241000000,0.001367
lupulus_ChrX,240100000,241100000,0.001109
lupulus_ChrX,240200000,241200000,0.000541
lupulus_ChrX,240300000,241300000,0.00046
lupulus_ChrX,240400000,241400000,0.000172
lupulus_ChrX,240500000,241500000,0.000126
lupulus_ChrX,240600000,241600000,0.000126
lupulus_ChrX,240700000,241700000,0.000083
lupulus_ChrX,240800000,241800000,0
lupulus_ChrX,240900000,241900000,0
lupulus_ChrX,241000000,242000000,0.000021
lupulus_ChrX,241100000,242100000,0.000043
lupulus_ChrX,241200000,242200000,0.000043
lupulus_ChrX,241300000,242300000,0.000043
lupulus_ChrX,241400000,242400000,0.000065
lupulus_ChrX,241500000,242500000,0.000065
lupulus_ChrX,241600000,242600000,0.00009
lupulus_ChrX,241700000,242700000,0.00009
lupulus_ChrX,241800000,242800000,0.00009
lupulus_ChrX,241900000,242900000,0.00009
lupulus_ChrX,242000000,243000000,0.000069
lupulus_ChrX,242100000,243100000,0.000047
lupulus_ChrX,242200000,243200000,0.000047
lupulus_ChrX,242300000,243300000,0.000047
lupulus_ChrX,242400000,243400000,0.000025
lupulus_ChrX,242500000,243500000,0.000025
lupulus_ChrX,242600000,243600000,0
lupulus_ChrX,242700000,243700000,0
lupulus_ChrX,242800000,243800000,0
lupulus_ChrX,242900000,243900000,0
lupulus_ChrX,243000000,244000000,0
lupulus_ChrX,243100000,244100000,0
lupulus_ChrX,243200000,244200000,0
lupulus_ChrX,243300000,244300000,0
lupulus_ChrX,243400000,244400000,0
lupulus_ChrX,243500000,244500000,0
lupulus_ChrX,243600000,244600000,0
lupulus_ChrX,243700000,244700000,0
lupulus_ChrX,243800000,244800000,0
lupulus_ChrX,243900000,244900000,0
lupulus_ChrX,244000000,245000000,0
lupulus_ChrX,244100000,245100000,0
lupulus_ChrX,244200000,245200000,0
lupulus_ChrX,244300000,245300000,0
lupulus_ChrX,244400000,245400000,0
lupulus_ChrX,244500000,245500000,0
lupulus_ChrX,244600000,245600000,0.000021
lupulus_ChrX,244700000,245700000,0.000021
lupulus_ChrX,244800000,245800000,0.000042
lupulus_ChrX,244900000,245900000,0.000042
lupulus_ChrX,245000000,246000000,0.000042
lupulus_ChrX,245100000,246100000,0.000042
lupulus_ChrX,245200000,246200000,0.000042
lupulus_ChrX,245300000,246300000,0.000042
lupulus_ChrX,245400000,246400000,0.000042
lupulus_ChrX,245500000,246500000,0.000042
lupulus_ChrX,245600000,246600000,0.000021
lupulus_ChrX,245700000,246700000,0.000042
lupulus_ChrX,245800000,246800000,0.000021
lupulus_ChrX,245900000,246900000,0.000021
lupulus_ChrX,246000000,247000000,0.000021
lupulus_ChrX,246100000,247100000,0.000021
lupulus_ChrX,246200000,247200000,0.000021
lupulus_ChrX,246300000,247300000,0.000021
lupulus_ChrX,246400000,247400000,0.000067
lupulus_ChrX,246500000,247500000,0.000067
lupulus_ChrX,246600000,247600000,0.000067
lupulus_ChrX,246700000,247700000,0.000046
lupulus_ChrX,246800000,247800000,0.000046
lupulus_ChrX,246900000,247900000,0.000046
lupulus_ChrX,247000000,248000000,0.000046
lupulus_ChrX,247100000,248100000,0.000046
lupulus_ChrX,247200000,248200000,0.000046
lupulus_ChrX,247300000,248300000,0.000046
lupulus_ChrX,247400000,248400000,0.000032
lupulus_ChrX,247500000,248500000,0.000032
lupulus_ChrX,247600000,248600000,0.000032
lupulus_ChrX,247700000,248700000,0.000032
lupulus_ChrX,247800000,248800000,0.000032
lupulus_ChrX,247900000,248900000,0.000032
lupulus_ChrX,248000000,249000000,0.000032
lupulus_ChrX,248100000,249100000,0.000032
lupulus_ChrX,248200000,249200000,0.000032
lupulus_ChrX,248300000,249300000,0.000032
lupulus_ChrX,248400000,249400000,0
lupulus_ChrX,248500000,249500000,0
lupulus_ChrX,248600000,249600000,0.000062
lupulus_ChrX,248700000,249700000,0.000062
lupulus_ChrX,248800000,249800000,0.000062
lupulus_ChrX,248900000,249900000,0.000062
lupulus_ChrX,249000000,250000000,0.000062
lupulus_ChrX,249100000,250100000,0.000062
lupulus_ChrX,249200000,250200000,0.000086
lupulus_ChrX,249300000,250300000,0.000086
lupulus_ChrX,249400000,250400000,0.000086
lupulus_ChrX,249500000,250500000,0.000086
lupulus_ChrX,249600000,250600000,0.000024
lupulus_ChrX,249700000,250700000,0.000024
lupulus_ChrX,249800000,250800000,0.000024
lupulus_ChrX,249900000,250900000,0.000024
lupulus_ChrX,250000000,251000000,0.000024
lupulus_ChrX,250100000,251100000,0.000024
lupulus_ChrX,250200000,251200000,0
lupulus_ChrX,250300000,251300000,0
lupulus_ChrX,250400000,251400000,0
lupulus_ChrX,250500000,251500000,0
lupulus_ChrX,250600000,251600000,0
lupulus_ChrX,250700000,251700000,0
lupulus_ChrX,250800000,251800000,0
lupulus_ChrX,250900000,251900000,0
lupulus_ChrX,251000000,252000000,0
lupulus_ChrX,251100000,252100000,0
lupulus_ChrX,251200000,252200000,0
lupulus_ChrX,251300000,252300000,0
lupulus_ChrX,251400000,252400000,0
lupulus_ChrX,251500000,252500000,0
lupulus_ChrX,251600000,252600000,0
lupulus_ChrX,251700000,252700000,0
lupulus_ChrX,251800000,252800000,0
lupulus_ChrX,251900000,252900000,0
lupulus_ChrX,252000000,253000000,0.000022
lupulus_ChrX,252100000,253100000,0.000022
lupulus_ChrX,252200000,253200000,0.000022
lupulus_ChrX,252300000,253300000,0.000049
lupulus_ChrX,252400000,253400000,0.000049
lupulus_ChrX,252500000,253500000,0.000049
lupulus_ChrX,252600000,253600000,0.000049
lupulus_ChrX,252700000,253700000,0.000049
lupulus_ChrX,252800000,253800000,0.000049
lupulus_ChrX,252900000,253900000,0.000049
lupulus_ChrX,253000000,254000000,0.000027
lupulus_ChrX,253100000,254100000,0.000027
lupulus_ChrX,253200000,254200000,0.000027
lupulus_ChrX,253300000,254300000,0
lupulus_ChrX,253400000,254400000,0
lupulus_ChrX,253500000,254500000,0
lupulus_ChrX,253600000,254600000,0
lupulus_ChrX,253700000,254700000,0
lupulus_ChrX,253800000,254800000,0
lupulus_ChrX,253900000,254900000,0
lupulus_ChrX,254000000,255000000,0
lupulus_ChrX,254100000,255100000,0
lupulus_ChrX,254200000,255200000,0
lupulus_ChrX,254300000,255300000,0
lupulus_ChrX,254400000,255400000,0
lupulus_ChrX,254500000,255500000,0
lupulus_ChrX,254600000,255600000,0
lupulus_ChrX,254700000,255700000,0
lupulus_ChrX,254800000,255800000,0
lupulus_ChrX,254900000,255900000,0
lupulus_ChrX,255000000,256000000,0
lupulus_ChrX,255100000,256100000,0
lupulus_ChrX,255200000,256200000,0
lupulus_ChrX,255300000,256300000,0
lupulus_ChrX,255400000,256400000,0
lupulus_ChrX,255500000,256500000,0
lupulus_ChrX,255600000,256600000,0
lupulus_ChrX,255700000,256700000,0
lupulus_ChrX,255800000,256800000,0
lupulus_ChrX,255900000,256900000,0
lupulus_ChrX,256000000,257000000,0.000029
lupulus_ChrX,256100000,257100000,0.000029
lupulus_ChrX,256200000,257200000,0.000029
lupulus_ChrX,256300000,257300000,0.000029
lupulus_ChrX,256400000,257400000,0.000029
lupulus_ChrX,256500000,257500000,0.000029
lupulus_ChrX,256600000,257600000,0.000029
lupulus_ChrX,256700000,257700000,0.000029
lupulus_ChrX,256800000,257800000,0.000029
lupulus_ChrX,256900000,257900000,0.000029
lupulus_ChrX,257000000,258000000,0
lupulus_ChrX,257100000,258100000,0.000021
lupulus_ChrX,257200000,258200000,0.000021
lupulus_ChrX,257300000,258300000,0.000021
lupulus_ChrX,257400000,258400000,0.000021
lupulus_ChrX,257500000,258500000,0.000021
lupulus_ChrX,257600000,258600000,0.000021
lupulus_ChrX,257700000,258700000,0.000021
lupulus_ChrX,257800000,258800000,0.000021
lupulus_ChrX,257900000,258900000,0.000021
lupulus_ChrX,258000000,259000000,0.000021
lupulus_ChrX,258100000,259100000,0
lupulus_ChrX,258200000,259200000,0
lupulus_ChrX,258300000,259300000,0
lupulus_ChrX,258400000,259400000,0.000021
lupulus_ChrX,258500000,259500000,0.000021
lupulus_ChrX,258600000,259600000,0.000021
lupulus_ChrX,258700000,259700000,0.000021
lupulus_ChrX,258800000,259800000,0.000021
lupulus_ChrX,258900000,259900000,0.000021
lupulus_ChrX,259000000,260000000,0.000021
lupulus_ChrX,259100000,260100000,0.000021
lupulus_ChrX,259200000,260200000,0.000021
lupulus_ChrX,259300000,260300000,0.000043
lupulus_ChrX,259400000,260400000,0.000022
lupulus_ChrX,259500000,260500000,0.000044
lupulus_ChrX,259600000,260600000,0.000044
lupulus_ChrX,259700000,260700000,0.000044
lupulus_ChrX,259800000,260800000,0.000044
lupulus_ChrX,259900000,260900000,0.000067
lupulus_ChrX,260000000,261000000,0.000067
lupulus_ChrX,260100000,261100000,0.00011
lupulus_ChrX,260200000,261200000,0.00011
lupulus_ChrX,260300000,261300000,0.000088
lupulus_ChrX,260400000,261400000,0.000088
lupulus_ChrX,260500000,261500000,0.000066
lupulus_ChrX,260600000,261600000,0.000088
lupulus_ChrX,260700000,261700000,0.000138
lupulus_ChrX,260800000,261800000,0.000174
lupulus_ChrX,260900000,261900000,0.000151
lupulus_ChrX,261000000,262000000,0.000172
lupulus_ChrX,261100000,262100000,0.000171
lupulus_ChrX,261200000,262200000,0.000217
lupulus_ChrX,261300000,262300000,0.000217
lupulus_ChrX,261400000,262400000,0.00026
lupulus_ChrX,261500000,262500000,0.00026
lupulus_ChrX,261600000,262600000,0.000813
lupulus_ChrX,261700000,262700000,0.000784
lupulus_ChrX,261800000,262800000,0.000748
lupulus_ChrX,261900000,262900000,0.000748
lupulus_ChrX,262000000,263000000,0.000848
lupulus_ChrX,262100000,263100000,0.000828
lupulus_ChrX,262200000,263200000,0.000805
lupulus_ChrX,262300000,263300000,0.000805
lupulus_ChrX,262400000,263400000,0.00081
lupulus_ChrX,262500000,263500000,0.00091
lupulus_ChrX,262600000,263600000,0.000387
lupulus_ChrX,262700000,263700000,0.000411
lupulus_ChrX,262800000,263800000,0.000434
lupulus_ChrX,262900000,263900000,0.000457
lupulus_ChrX,263000000,264000000,0.000336
lupulus_ChrX,263100000,264100000,0.000314
lupulus_ChrX,263200000,264200000,0.000291
lupulus_ChrX,263300000,264300000,0.000291
lupulus_ChrX,263400000,264400000,0.000264
lupulus_ChrX,263500000,264500000,0.000164
lupulus_ChrX,263600000,264600000,0.000112
lupulus_ChrX,263700000,264700000,0.000131
lupulus_ChrX,263800000,264800000,0.000108
lupulus_ChrX,263900000,264900000,0.000106
lupulus_ChrX,264000000,265000000,0.000151
lupulus_ChrX,264100000,265100000,0.000173
lupulus_ChrX,264200000,265200000,0.000173
lupulus_ChrX,264300000,265300000,0.000173
lupulus_ChrX,264400000,265400000,0.000174
lupulus_ChrX,264500000,265500000,0.000174
lupulus_ChrX,264600000,265600000,0.000174
lupulus_ChrX,264700000,265700000,0.00011
lupulus_ChrX,264800000,265800000,0.00011
lupulus_ChrX,264900000,265900000,0.000089
lupulus_ChrX,265000000,266000000,0.000069
lupulus_ChrX,265100000,266100000,0.000047
lupulus_ChrX,265200000,266200000,0.000047
lupulus_ChrX,265300000,266300000,0.000047
lupulus_ChrX,265400000,266400000,0.000025
lupulus_ChrX,265500000,266500000,0.000025
lupulus_ChrX,265600000,266600000,0.000025
lupulus_ChrX,265700000,266700000,0.000025
lupulus_ChrX,265800000,266800000,0.000025
lupulus_ChrX,265900000,266900000,0.000025
lupulus_ChrX,266000000,267000000,0
lupulus_ChrX,266100000,267100000,0
lupulus_ChrX,266200000,267200000,0
lupulus_ChrX,266300000,267300000,0
lupulus_ChrX,266400000,267400000,0
lupulus_ChrX,266500000,267500000,0
lupulus_ChrX,266600000,267600000,0
lupulus_ChrX,266700000,267700000,0
lupulus_ChrX,266800000,267800000,0
lupulus_ChrX,266900000,267900000,0
lupulus_ChrX,267000000,268000000,0
lupulus_ChrX,267100000,268100000,0
lupulus_ChrX,267200000,268200000,0
lupulus_ChrX,267300000,268239420,0
lupulus_ChrX,267400000,268239420,0
lupulus_ChrX,267500000,268239420,0
lupulus_ChrX,267600000,268239420,0
lupulus_ChrX,267700000,268239420,0
lupulus_ChrX,267800000,268239420,0
lupulus_ChrX,267900000,268239420,0
lupulus_ChrX,268000000,268239420,0
lupulus_ChrX,268100000,268239420,0
lupulus_ChrX,268200000,268239420,0
lupulus_ChrY,0,1000000,0.026037
lupulus_ChrY,100000,1100000,0.026527
lupulus_ChrY,200000,1200000,0.024856
lupulus_ChrY,300000,1300000,0.021107
lupulus_ChrY,400000,1400000,0.014064
lupulus_ChrY,500000,1500000,0.013928
lupulus_ChrY,600000,1600000,0.005299
lupulus_ChrY,700000,1700000,0.004596
lupulus_ChrY,800000,1800000,0.004486
lupulus_ChrY,900000,1900000,0.004325
lupulus_ChrY,1000000,2000000,0.011528
lupulus_ChrY,1100000,2100000,0.012214
lupulus_ChrY,1200000,2200000,0.013074
lupulus_ChrY,1300000,2300000,0.013112
lupulus_ChrY,1400000,2400000,0.013238
lupulus_ChrY,1500000,2500000,0.013378
lupulus_ChrY,1600000,2600000,0.013588
lupulus_ChrY,1700000,2700000,0.013587
lupulus_ChrY,1800000,2800000,0.025257
lupulus_ChrY,1900000,2900000,0.028476
lupulus_ChrY,2000000,3000000,0.022378
lupulus_ChrY,2100000,3100000,0.021505
lupulus_ChrY,2200000,3200000,0.021037
lupulus_ChrY,2300000,3300000,0.029592
lupulus_ChrY,2400000,3400000,0.02952
lupulus_ChrY,2500000,3500000,0.032138
lupulus_ChrY,2600000,3600000,0.032424
lupulus_ChrY,2700000,3700000,0.037191
lupulus_ChrY,2800000,3800000,0.032741
lupulus_ChrY,2900000,3900000,0.029505
lupulus_ChrY,3000000,4000000,0.028544
lupulus_ChrY,3100000,4100000,0.028161
lupulus_ChrY,3200000,4200000,0.027754
lupulus_ChrY,3300000,4300000,0.019039
lupulus_ChrY,3400000,4400000,0.018831
lupulus_ChrY,3500000,4500000,0.027406
lupulus_ChrY,3600000,4600000,0.027924
lupulus_ChrY,3700000,4700000,0.023179
lupulus_ChrY,3800000,4800000,0.015868
lupulus_ChrY,3900000,4900000,0.016091
lupulus_ChrY,4000000,5000000,0.016604
lupulus_ChrY,4100000,5100000,0.019299
lupulus_ChrY,4200000,5200000,0.019568
lupulus_ChrY,4300000,5300000,0.025354
lupulus_ChrY,4400000,5400000,0.027678
lupulus_ChrY,4500000,5500000,0.016354
lupulus_ChrY,4600000,5600000,0.015247
lupulus_ChrY,4700000,5700000,0.015201
lupulus_ChrY,4800000,5800000,0.015269
lupulus_ChrY,4900000,5900000,0.015006
lupulus_ChrY,5000000,6000000,0.016455
lupulus_ChrY,5100000,6100000,0.014819
lupulus_ChrY,5200000,6200000,0.014829
lupulus_ChrY,5300000,6300000,0.009771
lupulus_ChrY,5400000,6400000,0.007586
lupulus_ChrY,5500000,6500000,0.007406
lupulus_ChrY,5600000,6600000,0.007664
lupulus_ChrY,5700000,6700000,0.007684
lupulus_ChrY,5800000,6800000,0.014839
lupulus_ChrY,5900000,6900000,0.014948
lupulus_ChrY,6000000,7000000,0.012718
lupulus_ChrY,6100000,7100000,0.011403
lupulus_ChrY,6200000,7200000,0.011011
lupulus_ChrY,6300000,7300000,0.010397
lupulus_ChrY,6400000,7400000,0.010437
lupulus_ChrY,6500000,7500000,0.010383
lupulus_ChrY,6600000,7600000,0.010299
lupulus_ChrY,6700000,7700000,0.01067
lupulus_ChrY,6800000,7800000,0.003689
lupulus_ChrY,6900000,7900000,0.005537
lupulus_ChrY,7000000,8000000,0.006389
lupulus_ChrY,7100000,8100000,0.011546
lupulus_ChrY,7200000,8200000,0.011672
lupulus_ChrY,7300000,8300000,0.01156
lupulus_ChrY,7400000,8400000,0.011265
lupulus_ChrY,7500000,8500000,0.012882
lupulus_ChrY,7600000,8600000,0.012737
lupulus_ChrY,7700000,8700000,0.012415
lupulus_ChrY,7800000,8800000,0.015925
lupulus_ChrY,7900000,8900000,0.014552
lupulus_ChrY,8000000,9000000,0.013609
lupulus_ChrY,8100000,9100000,0.009734
lupulus_ChrY,8200000,9200000,0.009605
lupulus_ChrY,8300000,9300000,0.009986
lupulus_ChrY,8400000,9400000,0.009998
lupulus_ChrY,8500000,9500000,0.008944
lupulus_ChrY,8600000,9600000,0.009212
lupulus_ChrY,8700000,9700000,0.008974
lupulus_ChrY,8800000,9800000,0.006297
lupulus_ChrY,8900000,9900000,0.006601
lupulus_ChrY,9000000,10000000,0.007122
lupulus_ChrY,9100000,10100000,0.00632
lupulus_ChrY,9200000,10200000,0.006286
lupulus_ChrY,9300000,10300000,0.006133
lupulus_ChrY,9400000,10400000,0.006046
lupulus_ChrY,9500000,10500000,0.005488
lupulus_ChrY,9600000,10600000,0.005463
lupulus_ChrY,9700000,10700000,0.008717
lupulus_ChrY,9800000,10800000,0.00766
lupulus_ChrY,9900000,10900000,0.006952
lupulus_ChrY,10000000,11000000,0.006445
lupulus_ChrY,10100000,11100000,0.005983
lupulus_ChrY,10200000,11200000,0.005974
lupulus_ChrY,10300000,11300000,0.00565
lupulus_ChrY,10400000,11400000,0.00613
lupulus_ChrY,10500000,11500000,0.008302
lupulus_ChrY,10600000,11600000,0.011683
lupulus_ChrY,10700000,11700000,0.008469
lupulus_ChrY,10800000,11800000,0.008264
lupulus_ChrY,10900000,11900000,0.008975
lupulus_ChrY,11000000,12000000,0.009202
lupulus_ChrY,11100000,12100000,0.009561
lupulus_ChrY,11200000,12200000,0.009864
lupulus_ChrY,11300000,12300000,0.01005
lupulus_ChrY,11400000,12400000,0.009735
lupulus_ChrY,11500000,12500000,0.008236
lupulus_ChrY,11600000,12600000,0.005203
lupulus_ChrY,11700000,12700000,0.005337
lupulus_ChrY,11800000,12800000,0.014093
lupulus_ChrY,11900000,12900000,0.013493
lupulus_ChrY,12000000,13000000,0.013224
lupulus_ChrY,12100000,13100000,0.013461
lupulus_ChrY,12200000,13200000,0.013231
lupulus_ChrY,12300000,13300000,0.013564
lupulus_ChrY,12400000,13400000,0.013938
lupulus_ChrY,12500000,13500000,0.027403
lupulus_ChrY,12600000,13600000,0.02891
lupulus_ChrY,12700000,13700000,0.029409
lupulus_ChrY,12800000,13800000,0.020691
lupulus_ChrY,12900000,13900000,0.020447
lupulus_ChrY,13000000,14000000,0.02068
lupulus_ChrY,13100000,14100000,0.020358
lupulus_ChrY,13200000,14200000,0.020321
lupulus_ChrY,13300000,14300000,0.019852
lupulus_ChrY,13400000,14400000,0.020112
lupulus_ChrY,13500000,14500000,0.01583
lupulus_ChrY,13600000,14600000,0.0165
lupulus_ChrY,13700000,14700000,0.018567
lupulus_ChrY,13800000,14800000,0.018629
lupulus_ChrY,13900000,14900000,0.018653
lupulus_ChrY,14000000,15000000,0.018811
lupulus_ChrY,14100000,15100000,0.018643
lupulus_ChrY,14200000,15200000,0.01881
lupulus_ChrY,14300000,15300000,0.018977
lupulus_ChrY,14400000,15400000,0.018329
lupulus_ChrY,14500000,15500000,0.008604
lupulus_ChrY,14600000,15600000,0.005898
lupulus_ChrY,14700000,15700000,0.003212
lupulus_ChrY,14800000,15800000,0.003049
lupulus_ChrY,14900000,15900000,0.003319
lupulus_ChrY,15000000,16000000,0.003275
lupulus_ChrY,15100000,16100000,0.003576
lupulus_ChrY,15200000,16200000,0.00332
lupulus_ChrY,15300000,16300000,0.003423
lupulus_ChrY,15400000,16400000,0.00359
lupulus_ChrY,15500000,16500000,0.003594
lupulus_ChrY,15600000,16600000,0.003703
lupulus_ChrY,15700000,16700000,0.003732
lupulus_ChrY,15800000,16800000,0.003984
lupulus_ChrY,15900000,16900000,0.005827
lupulus_ChrY,16000000,17000000,0.006567
lupulus_ChrY,16100000,17100000,0.009275
lupulus_ChrY,16200000,17200000,0.009991
lupulus_ChrY,16300000,17300000,0.009797
lupulus_ChrY,16400000,17400000,0.013927
lupulus_ChrY,16500000,17500000,0.018296
lupulus_ChrY,16600000,17600000,0.01865
lupulus_ChrY,16700000,17700000,0.01886
lupulus_ChrY,16800000,17800000,0.019003
lupulus_ChrY,16900000,17900000,0.017099
lupulus_ChrY,17000000,18000000,0.016065
lupulus_ChrY,17100000,18100000,0.013925
lupulus_ChrY,17200000,18200000,0.013472
lupulus_ChrY,17300000,18300000,0.013627
lupulus_ChrY,17400000,18400000,0.009214
lupulus_ChrY,17500000,18500000,0.00496
lupulus_ChrY,17600000,18600000,0.004661
lupulus_ChrY,17700000,18700000,0.004482
lupulus_ChrY,17800000,18800000,0.006512
lupulus_ChrY,17900000,18900000,0.006519
lupulus_ChrY,18000000,19000000,0.008364
lupulus_ChrY,18100000,19100000,0.007564
lupulus_ChrY,18200000,19200000,0.007449
lupulus_ChrY,18300000,19300000,0.00836
lupulus_ChrY,18400000,19400000,0.008686
lupulus_ChrY,18500000,19500000,0.013215
lupulus_ChrY,18600000,19600000,0.013133
lupulus_ChrY,18700000,19700000,0.014348
lupulus_ChrY,18800000,19800000,0.013729
lupulus_ChrY,18900000,19900000,0.01384
lupulus_ChrY,19000000,20000000,0.012439
lupulus_ChrY,19100000,20100000,0.015291
lupulus_ChrY,19200000,20200000,0.018395
lupulus_ChrY,19300000,20300000,0.018338
lupulus_ChrY,19400000,20400000,0.020317
lupulus_ChrY,19500000,20500000,0.015759
lupulus_ChrY,19600000,20600000,0.01551
lupulus_ChrY,19700000,20700000,0.01441
lupulus_ChrY,19800000,20800000,0.012975
lupulus_ChrY,19900000,20900000,0.013101
lupulus_ChrY,20000000,21000000,0.01262
lupulus_ChrY,20100000,21100000,0.009585
lupulus_ChrY,20200000,21200000,0.012103
lupulus_ChrY,20300000,21300000,0.011132
lupulus_ChrY,20400000,21400000,0.008874
lupulus_ChrY,20500000,21500000,0.008738
lupulus_ChrY,20600000,21600000,0.008943
lupulus_ChrY,20700000,21700000,0.008731
lupulus_ChrY,20800000,21800000,0.012017
lupulus_ChrY,20900000,21900000,0.01414
lupulus_ChrY,21000000,22000000,0.014095
lupulus_ChrY,21100000,22100000,0.015042
lupulus_ChrY,21200000,22200000,0.009709
lupulus_ChrY,21300000,22300000,0.009781
lupulus_ChrY,21400000,22400000,0.009869
lupulus_ChrY,21500000,22500000,0.01046
lupulus_ChrY,21600000,22600000,0.011057
lupulus_ChrY,21700000,22700000,0.011175
lupulus_ChrY,21800000,22800000,0.007378
lupulus_ChrY,21900000,22900000,0.004861
lupulus_ChrY,22000000,23000000,0.004993
lupulus_ChrY,22100000,23100000,0.004272
lupulus_ChrY,22200000,23200000,0.007714
lupulus_ChrY,22300000,23300000,0.00745
lupulus_ChrY,22400000,23400000,0.007404
lupulus_ChrY,22500000,23500000,0.008815
lupulus_ChrY,22600000,23600000,0.008207
lupulus_ChrY,22700000,23700000,0.008118
lupulus_ChrY,22800000,23800000,0.008371
lupulus_ChrY,22900000,23900000,0.008371
lupulus_ChrY,23000000,24000000,0.008408
lupulus_ChrY,23100000,24100000,0.008624
lupulus_ChrY,23200000,24200000,0.017412
lupulus_ChrY,23300000,24300000,0.017649
lupulus_ChrY,23400000,24400000,0.01808
lupulus_ChrY,23500000,24500000,0.016066
lupulus_ChrY,23600000,24600000,0.016239
lupulus_ChrY,23700000,24700000,0.016501
lupulus_ChrY,23800000,24800000,0.018511
lupulus_ChrY,23900000,24900000,0.01929
lupulus_ChrY,24000000,25000000,0.019582
lupulus_ChrY,24100000,25100000,0.020279
lupulus_ChrY,24200000,25200000,0.008949
lupulus_ChrY,24300000,25300000,0.021922
lupulus_ChrY,24400000,25400000,0.033908
lupulus_ChrY,24500000,25500000,0.034574
lupulus_ChrY,24600000,25600000,0.035278
lupulus_ChrY,24700000,25700000,0.035362
lupulus_ChrY,24800000,25800000,0.03559
lupulus_ChrY,24900000,25900000,0.035406
lupulus_ChrY,25000000,26000000,0.035279
lupulus_ChrY,25100000,26100000,0.035384
lupulus_ChrY,25200000,26200000,0.035784
lupulus_ChrY,25300000,26300000,0.022865
lupulus_ChrY,25400000,26400000,0.010607
lupulus_ChrY,25500000,26500000,0.01011
lupulus_ChrY,25600000,26600000,0.009561
lupulus_ChrY,25700000,26700000,0.009617
lupulus_ChrY,25800000,26800000,0.012129
lupulus_ChrY,25900000,26900000,0.016135
lupulus_ChrY,26000000,27000000,0.015719
lupulus_ChrY,26100000,27100000,0.014483
lupulus_ChrY,26200000,27200000,0.012598
lupulus_ChrY,26300000,27300000,0.012596
lupulus_ChrY,26400000,27400000,0.024062
lupulus_ChrY,26500000,27500000,0.030234
lupulus_ChrY,26600000,27600000,0.030353
lupulus_ChrY,26700000,27700000,0.029785
lupulus_ChrY,26800000,27800000,0.024925
lupulus_ChrY,26900000,27900000,0.022183
lupulus_ChrY,27000000,28000000,0.022435
lupulus_ChrY,27100000,28100000,0.022737
lupulus_ChrY,27200000,28200000,0.02305
lupulus_ChrY,27300000,28300000,0.022729
lupulus_ChrY,27400000,28400000,0.011251
lupulus_ChrY,27500000,28500000,0.005072
lupulus_ChrY,27600000,28600000,0.007283
lupulus_ChrY,27700000,28700000,0.008664
lupulus_ChrY,27800000,28800000,0.010874
lupulus_ChrY,27900000,28900000,0.008997
lupulus_ChrY,28000000,29000000,0.008875
lupulus_ChrY,28100000,29100000,0.008801
lupulus_ChrY,28200000,29200000,0.008721
lupulus_ChrY,28300000,29300000,0.008675
lupulus_ChrY,28400000,29400000,0.008662
lupulus_ChrY,28500000,29500000,0.008587
lupulus_ChrY,28600000,29600000,0.005916
lupulus_ChrY,28700000,29700000,0.004685
lupulus_ChrY,28800000,29800000,0.002415
lupulus_ChrY,28900000,29900000,0.002435
lupulus_ChrY,29000000,30000000,0.004875
lupulus_ChrY,29100000,30100000,0.004871
lupulus_ChrY,29200000,30200000,0.006031
lupulus_ChrY,29300000,30300000,0.006599
lupulus_ChrY,29400000,30400000,0.007522
lupulus_ChrY,29500000,30500000,0.007608
lupulus_ChrY,29600000,30600000,0.007923
lupulus_ChrY,29700000,30700000,0.008399
lupulus_ChrY,29800000,30800000,0.013398
lupulus_ChrY,29900000,30900000,0.013356
lupulus_ChrY,30000000,31000000,0.010934
lupulus_ChrY,30100000,31100000,0.01585
lupulus_ChrY,30200000,31200000,0.015028
lupulus_ChrY,30300000,31300000,0.014788
lupulus_ChrY,30400000,31400000,0.014134
lupulus_ChrY,30500000,31500000,0.024879
lupulus_ChrY,30600000,31600000,0.024857
lupulus_ChrY,30700000,31700000,0.024938
lupulus_ChrY,30800000,31800000,0.022875
lupulus_ChrY,30900000,31900000,0.023684
lupulus_ChrY,31000000,32000000,0.023713
lupulus_ChrY,31100000,32100000,0.019037
lupulus_ChrY,31200000,32200000,0.018755
lupulus_ChrY,31300000,32300000,0.028895
lupulus_ChrY,31400000,32400000,0.042131
lupulus_ChrY,31500000,32500000,0.03266
lupulus_ChrY,31600000,32600000,0.033195
lupulus_ChrY,31700000,32700000,0.046001
lupulus_ChrY,31800000,32800000,0.044827
lupulus_ChrY,31900000,32900000,0.044469
lupulus_ChrY,32000000,33000000,0.046408
lupulus_ChrY,32100000,33100000,0.047216
lupulus_ChrY,32200000,33200000,0.047308
lupulus_ChrY,32300000,33300000,0.037395
lupulus_ChrY,32400000,33400000,0.027982
lupulus_ChrY,32500000,33500000,0.033946
lupulus_ChrY,32600000,33600000,0.038502
lupulus_ChrY,32700000,33700000,0.025519
lupulus_ChrY,32800000,33800000,0.024828
lupulus_ChrY,32900000,33900000,0.035768
lupulus_ChrY,33000000,34000000,0.034126
lupulus_ChrY,33100000,34100000,0.033365
lupulus_ChrY,33200000,34200000,0.032981
lupulus_ChrY,33300000,34300000,0.032562
lupulus_ChrY,33400000,34400000,0.028508
lupulus_ChrY,33500000,34500000,0.021021
lupulus_ChrY,33600000,34600000,0.015671
lupulus_ChrY,33700000,34700000,0.015634
lupulus_ChrY,33800000,34800000,0.02126
lupulus_ChrY,33900000,34900000,0.009697
lupulus_ChrY,34000000,35000000,0.009819
lupulus_ChrY,34100000,35100000,0.009531
lupulus_ChrY,34200000,35200000,0.009531
lupulus_ChrY,34300000,35300000,0.009681
lupulus_ChrY,34400000,35400000,0.009619
lupulus_ChrY,34500000,35500000,0.012056
lupulus_ChrY,34600000,35600000,0.020018
lupulus_ChrY,34700000,35700000,0.019998
lupulus_ChrY,34800000,35800000,0.014639
lupulus_ChrY,34900000,35900000,0.014832
lupulus_ChrY,35000000,36000000,0.014353
lupulus_ChrY,35100000,36100000,0.014137
lupulus_ChrY,35200000,36200000,0.01443
lupulus_ChrY,35300000,36300000,0.014258
lupulus_ChrY,35400000,36400000,0.014156
lupulus_ChrY,35500000,36500000,0.011942
lupulus_ChrY,35600000,36600000,0.003833
lupulus_ChrY,35700000,36700000,0.003556
lupulus_ChrY,35800000,36800000,0.002223
lupulus_ChrY,35900000,36900000,0.002149
lupulus_ChrY,36000000,37000000,0.002433
lupulus_ChrY,36100000,37100000,0.002529
lupulus_ChrY,36200000,37200000,0.002672
lupulus_ChrY,36300000,37300000,0.002771
lupulus_ChrY,36400000,37400000,0.040258
lupulus_ChrY,36500000,37500000,0.040493
lupulus_ChrY,36600000,37600000,0.040528
lupulus_ChrY,36700000,37700000,0.040394
lupulus_ChrY,36800000,37800000,0.045049
lupulus_ChrY,36900000,37900000,0.045425
lupulus_ChrY,37000000,38000000,0.045684
lupulus_ChrY,37100000,38100000,0.045982
lupulus_ChrY,37200000,38200000,0.046042
lupulus_ChrY,37300000,38300000,0.045946
lupulus_ChrY,37400000,38400000,0.008552
lupulus_ChrY,37500000,38500000,0.01051
lupulus_ChrY,37600000,38600000,0.010461
lupulus_ChrY,37700000,38700000,0.010468
lupulus_ChrY,37800000,38800000,0.006053
lupulus_ChrY,37900000,38900000,0.005646
lupulus_ChrY,38000000,39000000,0.005115
lupulus_ChrY,38100000,39100000,0.004823
lupulus_ChrY,38200000,39200000,0.004556
lupulus_ChrY,38300000,39300000,0.009887
lupulus_ChrY,38400000,39400000,0.011644
lupulus_ChrY,38500000,39500000,0.009278
lupulus_ChrY,38600000,39600000,0.009452
lupulus_ChrY,38700000,39700000,0.009393
lupulus_ChrY,38800000,39800000,0.009362
lupulus_ChrY,38900000,39900000,0.009507
lupulus_ChrY,39000000,40000000,0.009426
lupulus_ChrY,39100000,40100000,0.009423
lupulus_ChrY,39200000,40200000,0.00992
lupulus_ChrY,39300000,40300000,0.005994
lupulus_ChrY,39400000,40400000,0.004563
lupulus_ChrY,39500000,40500000,0.004475
lupulus_ChrY,39600000,40600000,0.004887
lupulus_ChrY,39700000,40700000,0.005805
lupulus_ChrY,39800000,40800000,0.006694
lupulus_ChrY,39900000,40900000,0.006862
lupulus_ChrY,40000000,41000000,0.018873
lupulus_ChrY,40100000,41100000,0.019825
lupulus_ChrY,40200000,41200000,0.021539
lupulus_ChrY,40300000,41300000,0.020214
lupulus_ChrY,40400000,41400000,0.020008
lupulus_ChrY,40500000,41500000,0.020012
lupulus_ChrY,40600000,41600000,0.019634
lupulus_ChrY,40700000,41700000,0.019198
lupulus_ChrY,40800000,41800000,0.018005
lupulus_ChrY,40900000,41900000,0.01765
lupulus_ChrY,41000000,42000000,0.009788
lupulus_ChrY,41100000,42100000,0.016196
lupulus_ChrY,41200000,42200000,0.014072
lupulus_ChrY,41300000,42300000,0.014669
lupulus_ChrY,41400000,42400000,0.015143
lupulus_ChrY,41500000,42500000,0.015385
lupulus_ChrY,41600000,42600000,0.01516
lupulus_ChrY,41700000,42700000,0.014919
lupulus_ChrY,41800000,42800000,0.015515
lupulus_ChrY,41900000,42900000,0.0156
lupulus_ChrY,42000000,43000000,0.011613
lupulus_ChrY,42100000,43100000,0.004316
lupulus_ChrY,42200000,43200000,0.006052
lupulus_ChrY,42300000,43300000,0.00545
lupulus_ChrY,42400000,43400000,0.004994
lupulus_ChrY,42500000,43500000,0.0062
lupulus_ChrY,42600000,43600000,0.011951
lupulus_ChrY,42700000,43700000,0.012273
lupulus_ChrY,42800000,43800000,0.011833
lupulus_ChrY,42900000,43900000,0.011985
lupulus_ChrY,43000000,44000000,0.011887
lupulus_ChrY,43100000,44100000,0.012011
lupulus_ChrY,43200000,44200000,0.013878
lupulus_ChrY,43300000,44300000,0.013789
lupulus_ChrY,43400000,44400000,0.013777
lupulus_ChrY,43500000,44500000,0.012406
lupulus_ChrY,43600000,44600000,0.006739
lupulus_ChrY,43700000,44700000,0.006437
lupulus_ChrY,43800000,44800000,0.007677
lupulus_ChrY,43900000,44900000,0.008021
lupulus_ChrY,44000000,45000000,0.008032
lupulus_ChrY,44100000,45100000,0.007964
lupulus_ChrY,44200000,45200000,0.004592
lupulus_ChrY,44300000,45300000,0.004767
lupulus_ChrY,44400000,45400000,0.010665
lupulus_ChrY,44500000,45500000,0.014807
lupulus_ChrY,44600000,45600000,0.015012
lupulus_ChrY,44700000,45700000,0.014842
lupulus_ChrY,44800000,45800000,0.013682
lupulus_ChrY,44900000,45900000,0.013339
lupulus_ChrY,45000000,46000000,0.013411
lupulus_ChrY,45100000,46100000,0.013571
lupulus_ChrY,45200000,46200000,0.015022
lupulus_ChrY,45300000,46300000,0.022925
lupulus_ChrY,45400000,46400000,0.018634
lupulus_ChrY,45500000,46500000,0.014454
lupulus_ChrY,45600000,46600000,0.014378
lupulus_ChrY,45700000,46700000,0.014322
lupulus_ChrY,45800000,46800000,0.014407
lupulus_ChrY,45900000,46900000,0.014299
lupulus_ChrY,46000000,47000000,0.014464
lupulus_ChrY,46100000,47100000,0.014138
lupulus_ChrY,46200000,47200000,0.012509
lupulus_ChrY,46300000,47300000,0.004669
lupulus_ChrY,46400000,47400000,0.013485
lupulus_ChrY,46500000,47500000,0.013424
lupulus_ChrY,46600000,47600000,0.013702
lupulus_ChrY,46700000,47700000,0.013893
lupulus_ChrY,46800000,47800000,0.013674
lupulus_ChrY,46900000,47900000,0.013675
lupulus_ChrY,47000000,48000000,0.013418
lupulus_ChrY,47100000,48100000,0.013824
lupulus_ChrY,47200000,48200000,0.013845
lupulus_ChrY,47300000,48300000,0.013794
lupulus_ChrY,47400000,48400000,0.003959
lupulus_ChrY,47500000,48500000,0.004639
lupulus_ChrY,47600000,48600000,0.011603
lupulus_ChrY,47700000,48700000,0.016316
lupulus_ChrY,47800000,48800000,0.016375
lupulus_ChrY,47900000,48900000,0.016179
lupulus_ChrY,48000000,49000000,0.016508
lupulus_ChrY,48100000,49100000,0.017177
lupulus_ChrY,48200000,49200000,0.02359
lupulus_ChrY,48300000,49300000,0.030293
lupulus_ChrY,48400000,49400000,0.029484
lupulus_ChrY,48500000,49500000,0.02873
lupulus_ChrY,48600000,49600000,0.021305
lupulus_ChrY,48700000,49700000,0.017852
lupulus_ChrY,48800000,49800000,0.017923
lupulus_ChrY,48900000,49900000,0.018267
lupulus_ChrY,49000000,50000000,0.017942
lupulus_ChrY,49100000,50100000,0.017082
lupulus_ChrY,49200000,50200000,0.010548
lupulus_ChrY,49300000,50300000,0.003669
lupulus_ChrY,49400000,50400000,0.004973
lupulus_ChrY,49500000,50500000,0.006521
lupulus_ChrY,49600000,50600000,0.007437
lupulus_ChrY,49700000,50700000,0.006308
lupulus_ChrY,49800000,50800000,0.006279
lupulus_ChrY,49900000,50900000,0.006175
lupulus_ChrY,50000000,51000000,0.006531
lupulus_ChrY,50100000,51100000,0.006571
lupulus_ChrY,50200000,51200000,0.006352
lupulus_ChrY,50300000,51300000,0.006499
lupulus_ChrY,50400000,51400000,0.005465
lupulus_ChrY,50500000,51500000,0.009463
lupulus_ChrY,50600000,51600000,0.009081
lupulus_ChrY,50700000,51700000,0.010095
lupulus_ChrY,50800000,51800000,0.017705
lupulus_ChrY,50900000,51900000,0.018667
lupulus_ChrY,51000000,52000000,0.01886
lupulus_ChrY,51100000,52100000,0.020738
lupulus_ChrY,51200000,52200000,0.021636
lupulus_ChrY,51300000,52300000,0.021453
lupulus_ChrY,51400000,52400000,0.027602
lupulus_ChrY,51500000,52500000,0.02237
lupulus_ChrY,51600000,52600000,0.022023
lupulus_ChrY,51700000,52700000,0.020967
lupulus_ChrY,51800000,52800000,0.015614
lupulus_ChrY,51900000,52900000,0.015894
lupulus_ChrY,52000000,53000000,0.018956
lupulus_ChrY,52100000,53100000,0.017518
lupulus_ChrY,52200000,53200000,0.018436
lupulus_ChrY,52300000,53300000,0.018592
lupulus_ChrY,52400000,53400000,0.012154
lupulus_ChrY,52500000,53500000,0.012132
lupulus_ChrY,52600000,53600000,0.012235
lupulus_ChrY,52700000,53700000,0.012091
lupulus_ChrY,52800000,53800000,0.009811
lupulus_ChrY,52900000,53900000,0.008968
lupulus_ChrY,53000000,54000000,0.005374
lupulus_ChrY,53100000,54100000,0.009395
lupulus_ChrY,53200000,54200000,0.008873
lupulus_ChrY,53300000,54300000,0.009313
lupulus_ChrY,53400000,54400000,0.009857
lupulus_ChrY,53500000,54500000,0.011005
lupulus_ChrY,53600000,54600000,0.010672
lupulus_ChrY,53700000,54700000,0.010914
lupulus_ChrY,53800000,54800000,0.010804
lupulus_ChrY,53900000,54900000,0.010427
lupulus_ChrY,54000000,55000000,0.010556
lupulus_ChrY,54100000,55100000,0.006324
lupulus_ChrY,54200000,55200000,0.018371
lupulus_ChrY,54300000,55300000,0.024389
lupulus_ChrY,54400000,55400000,0.024209
lupulus_ChrY,54500000,55500000,0.023847
lupulus_ChrY,54600000,55600000,0.024048
lupulus_ChrY,54700000,55700000,0.024274
lupulus_ChrY,54800000,55800000,0.024847
lupulus_ChrY,54900000,55900000,0.025537
lupulus_ChrY,55000000,56000000,0.031355
lupulus_ChrY,55100000,56100000,0.030877
lupulus_ChrY,55200000,56200000,0.017698
lupulus_ChrY,55300000,56300000,0.011349
lupulus_ChrY,55400000,56400000,0.011069
lupulus_ChrY,55500000,56500000,0.01015
lupulus_ChrY,55600000,56600000,0.010079
lupulus_ChrY,55700000,56700000,0.011345
lupulus_ChrY,55800000,56800000,0.011108
lupulus_ChrY,55900000,56900000,0.012259
lupulus_ChrY,56000000,57000000,0.006311
lupulus_ChrY,56100000,57100000,0.006209
lupulus_ChrY,56200000,57200000,0.006221
lupulus_ChrY,56300000,57300000,0.00602
lupulus_ChrY,56400000,57400000,0.008503
lupulus_ChrY,56500000,57500000,0.010483
lupulus_ChrY,56600000,57600000,0.011264
lupulus_ChrY,56700000,57700000,0.012641
lupulus_ChrY,56800000,57800000,0.01334
lupulus_ChrY,56900000,57900000,0.016422
lupulus_ChrY,57000000,58000000,0.016806
lupulus_ChrY,57100000,58100000,0.017754
lupulus_ChrY,57200000,58200000,0.017947
lupulus_ChrY,57300000,58300000,0.029472
lupulus_ChrY,57400000,58400000,0.026824
lupulus_ChrY,57500000,58500000,0.025037
lupulus_ChrY,57600000,58600000,0.024357
lupulus_ChrY,57700000,58700000,0.021258
lupulus_ChrY,57800000,58800000,0.020347
lupulus_ChrY,57900000,58900000,0.015445
lupulus_ChrY,58000000,59000000,0.015331
lupulus_ChrY,58100000,59100000,0.014482
lupulus_ChrY,58200000,59200000,0.014581
lupulus_ChrY,58300000,59300000,0.003007
lupulus_ChrY,58400000,59400000,0.00337
lupulus_ChrY,58500000,59500000,0.00598
lupulus_ChrY,58600000,59600000,0.006747
lupulus_ChrY,58700000,59700000,0.013094
lupulus_ChrY,58800000,59800000,0.013308
lupulus_ChrY,58900000,59900000,0.013188
lupulus_ChrY,59000000,60000000,0.012975
lupulus_ChrY,59100000,60100000,0.013112
lupulus_ChrY,59200000,60200000,0.012923
lupulus_ChrY,59300000,60300000,0.013197
lupulus_ChrY,59400000,60400000,0.013587
lupulus_ChrY,59500000,60500000,0.011651
lupulus_ChrY,59600000,60600000,0.011762
lupulus_ChrY,59700000,60700000,0.006619
lupulus_ChrY,59800000,60800000,0.007079
lupulus_ChrY,59900000,60900000,0.008378
lupulus_ChrY,60000000,61000000,0.009067
lupulus_ChrY,60100000,61100000,0.014599
lupulus_ChrY,60200000,61200000,0.014594
lupulus_ChrY,60300000,61300000,0.015796
lupulus_ChrY,60400000,61400000,0.016431
lupulus_ChrY,60500000,61500000,0.016373
lupulus_ChrY,60600000,61600000,0.015488
lupulus_ChrY,60700000,61700000,0.014566
lupulus_ChrY,60800000,61800000,0.014184
lupulus_ChrY,60900000,61900000,0.013731
lupulus_ChrY,61000000,62000000,0.013072
lupulus_ChrY,61100000,62100000,0.007374
lupulus_ChrY,61200000,62200000,0.007662
lupulus_ChrY,61300000,62300000,0.006756
lupulus_ChrY,61400000,62400000,0.016025
lupulus_ChrY,61500000,62500000,0.015627
lupulus_ChrY,61600000,62600000,0.01565
lupulus_ChrY,61700000,62700000,0.016508
lupulus_ChrY,61800000,62800000,0.022604
lupulus_ChrY,61900000,62900000,0.021768
lupulus_ChrY,62000000,63000000,0.023116
lupulus_ChrY,62100000,63100000,0.023291
lupulus_ChrY,62200000,63200000,0.02307
lupulus_ChrY,62300000,63300000,0.029272
lupulus_ChrY,62400000,63400000,0.019407
lupulus_ChrY,62500000,63500000,0.01904
lupulus_ChrY,62600000,63600000,0.019314
lupulus_ChrY,62700000,63700000,0.033341
lupulus_ChrY,62800000,63800000,0.027787
lupulus_ChrY,62900000,63900000,0.028568
lupulus_ChrY,63000000,64000000,0.028752
lupulus_ChrY,63100000,64100000,0.029399
lupulus_ChrY,63200000,64200000,0.031372
lupulus_ChrY,63300000,64300000,0.025282
lupulus_ChrY,63400000,64400000,0.025185
lupulus_ChrY,63500000,64500000,0.025374
lupulus_ChrY,63600000,64600000,0.024995
lupulus_ChrY,63700000,64700000,0.014433
lupulus_ChrY,63800000,64800000,0.014366
lupulus_ChrY,63900000,64900000,0.01543
lupulus_ChrY,64000000,65000000,0.016455
lupulus_ChrY,64100000,65100000,0.015728
lupulus_ChrY,64200000,65200000,0.013521
lupulus_ChrY,64300000,65300000,0.01333
lupulus_ChrY,64400000,65400000,0.014888
lupulus_ChrY,64500000,65500000,0.014623
lupulus_ChrY,64600000,65600000,0.01633
lupulus_ChrY,64700000,65700000,0.013202
lupulus_ChrY,64800000,65800000,0.012292
lupulus_ChrY,64900000,65900000,0.012473
lupulus_ChrY,65000000,66000000,0.011305
lupulus_ChrY,65100000,66100000,0.012208
lupulus_ChrY,65200000,66200000,0.014952
lupulus_ChrY,65300000,66300000,0.017979
lupulus_ChrY,65400000,66400000,0.017619
lupulus_ChrY,65500000,66500000,0.018983
lupulus_ChrY,65600000,66600000,0.017424
lupulus_ChrY,65700000,66700000,0.016076
lupulus_ChrY,65800000,66800000,0.016528
lupulus_ChrY,65900000,66900000,0.020051
lupulus_ChrY,66000000,67000000,0.020358
lupulus_ChrY,66100000,67100000,0.02041
lupulus_ChrY,66200000,67200000,0.019705
lupulus_ChrY,66300000,67300000,0.017443
lupulus_ChrY,66400000,67400000,0.017107
lupulus_ChrY,66500000,67500000,0.022301
lupulus_ChrY,66600000,67600000,0.022156
lupulus_ChrY,66700000,67700000,0.023317
lupulus_ChrY,66800000,67800000,0.025777
lupulus_ChrY,66900000,67900000,0.020506
lupulus_ChrY,67000000,68000000,0.024509
lupulus_ChrY,67100000,68100000,0.024182
lupulus_ChrY,67200000,68200000,0.022438
lupulus_ChrY,67300000,68300000,0.02424
lupulus_ChrY,67400000,68400000,0.0244
lupulus_ChrY,67500000,68500000,0.018357
lupulus_ChrY,67600000,68600000,0.019656
lupulus_ChrY,67700000,68700000,0.026037
lupulus_ChrY,67800000,68800000,0.029869
lupulus_ChrY,67900000,68900000,0.0297
lupulus_ChrY,68000000,69000000,0.023877
lupulus_ChrY,68100000,69100000,0.023308
lupulus_ChrY,68200000,69200000,0.023084
lupulus_ChrY,68300000,69300000,0.020228
lupulus_ChrY,68400000,69400000,0.030065
lupulus_ChrY,68500000,69500000,0.040989
lupulus_ChrY,68600000,69600000,0.039946
lupulus_ChrY,68700000,69700000,0.032401
lupulus_ChrY,68800000,69800000,0.025856
lupulus_ChrY,68900000,69900000,0.036622
lupulus_ChrY,69000000,70000000,0.03686
lupulus_ChrY,69100000,70100000,0.036906
lupulus_ChrY,69200000,70200000,0.036876
lupulus_ChrY,69300000,70300000,0.03693
lupulus_ChrY,69400000,70400000,0.025761
lupulus_ChrY,69500000,70500000,0.014701
lupulus_ChrY,69600000,70600000,0.01462
lupulus_ChrY,69700000,70700000,0.014749
lupulus_ChrY,69800000,70800000,0.015859
lupulus_ChrY,69900000,70900000,0.005744
lupulus_ChrY,70000000,71000000,0.00548
lupulus_ChrY,70100000,71100000,0.00545
lupulus_ChrY,70200000,71200000,0.005341
lupulus_ChrY,70300000,71300000,0.005179
lupulus_ChrY,70400000,71400000,0.005876
lupulus_ChrY,70500000,71500000,0.005529
lupulus_ChrY,70600000,71600000,0.006998
lupulus_ChrY,70700000,71700000,0.006773
lupulus_ChrY,70800000,71800000,0.005865
lupulus_ChrY,70900000,71900000,0.005133
lupulus_ChrY,71000000,72000000,0.005424
lupulus_ChrY,71100000,72100000,0.00642
lupulus_ChrY,71200000,72200000,0.006679
lupulus_ChrY,71300000,72300000,0.006852
lupulus_ChrY,71400000,72400000,0.005819
lupulus_ChrY,71500000,72500000,0.005783
lupulus_ChrY,71600000,72600000,0.007108
lupulus_ChrY,71700000,72700000,0.007233
lupulus_ChrY,71800000,72800000,0.007245
lupulus_ChrY,71900000,72900000,0.00723
lupulus_ChrY,72000000,73000000,0.007327
lupulus_ChrY,72100000,73100000,0.006284
lupulus_ChrY,72200000,73200000,0.006313
lupulus_ChrY,72300000,73300000,0.007457
lupulus_ChrY,72400000,73400000,0.007807
lupulus_ChrY,72500000,73500000,0.007804
lupulus_ChrY,72600000,73600000,0.010934
lupulus_ChrY,72700000,73700000,0.010808
lupulus_ChrY,72800000,73800000,0.010264
lupulus_ChrY,72900000,73900000,0.010263
lupulus_ChrY,73000000,74000000,0.010764
lupulus_ChrY,73100000,74100000,0.010734
lupulus_ChrY,73200000,74200000,0.012682
lupulus_ChrY,73300000,74300000,0.014575
lupulus_ChrY,73400000,74400000,0.015177
lupulus_ChrY,73500000,74500000,0.015171
lupulus_ChrY,73600000,74600000,0.009301
lupulus_ChrY,73700000,74700000,0.009452
lupulus_ChrY,73800000,74800000,0.009819
lupulus_ChrY,73900000,74900000,0.010029
lupulus_ChrY,74000000,75000000,0.009445
lupulus_ChrY,74100000,75100000,0.009534
lupulus_ChrY,74200000,75200000,0.00842
lupulus_ChrY,74300000,75300000,0.005975
lupulus_ChrY,74400000,75400000,0.005621
lupulus_ChrY,74500000,75500000,0.008883
lupulus_ChrY,74600000,75600000,0.009428
lupulus_ChrY,74700000,75700000,0.009941
lupulus_ChrY,74800000,75800000,0.010461
lupulus_ChrY,74900000,75900000,0.010769
lupulus_ChrY,75000000,76000000,0.010466
lupulus_ChrY,75100000,76100000,0.010231
lupulus_ChrY,75200000,76200000,0.009001
lupulus_ChrY,75300000,76300000,0.008133
lupulus_ChrY,75400000,76400000,0.007573
lupulus_ChrY,75500000,76500000,0.004156
lupulus_ChrY,75600000,76600000,0.003452
lupulus_ChrY,75700000,76700000,0.002655
lupulus_ChrY,75800000,76800000,0.002913
lupulus_ChrY,75900000,76900000,0.003867
lupulus_ChrY,76000000,77000000,0.003931
lupulus_ChrY,76100000,77100000,0.003891
lupulus_ChrY,76200000,77200000,0.012165
lupulus_ChrY,76300000,77300000,0.012348
lupulus_ChrY,76400000,77400000,0.01647
lupulus_ChrY,76500000,77500000,0.017637
lupulus_ChrY,76600000,77600000,0.017526
lupulus_ChrY,76700000,77700000,0.017512
lupulus_ChrY,76800000,77800000,0.01736
lupulus_ChrY,76900000,77900000,0.01585
lupulus_ChrY,77000000,78000000,0.016419
lupulus_ChrY,77100000,78100000,0.016669
lupulus_ChrY,77200000,78200000,0.008904
lupulus_ChrY,77300000,78300000,0.01952
lupulus_ChrY,77400000,78400000,0.016073
lupulus_ChrY,77500000,78500000,0.01514
lupulus_ChrY,77600000,78600000,0.015362
lupulus_ChrY,77700000,78700000,0.015419
lupulus_ChrY,77800000,78800000,0.014864
lupulus_ChrY,77900000,78900000,0.015194
lupulus_ChrY,78000000,79000000,0.014768
lupulus_ChrY,78100000,79100000,0.015051
lupulus_ChrY,78200000,79200000,0.014984
lupulus_ChrY,78300000,79300000,0.004637
lupulus_ChrY,78400000,79400000,0.004014
lupulus_ChrY,78500000,79500000,0.005612
lupulus_ChrY,78600000,79600000,0.005998
lupulus_ChrY,78700000,79700000,0.006076
lupulus_ChrY,78800000,79800000,0.005702
lupulus_ChrY,78900000,79900000,0.005397
lupulus_ChrY,79000000,80000000,0.005412
lupulus_ChrY,79100000,80100000,0.014512
lupulus_ChrY,79200000,80200000,0.014194
lupulus_ChrY,79300000,80300000,0.014064
lupulus_ChrY,79400000,80400000,0.014052
lupulus_ChrY,79500000,80500000,0.012427
lupulus_ChrY,79600000,80600000,0.015904
lupulus_ChrY,79700000,80700000,0.027223
lupulus_ChrY,79800000,80800000,0.027517
lupulus_ChrY,79900000,80900000,0.027608
lupulus_ChrY,80000000,81000000,0.029617
lupulus_ChrY,80100000,81100000,0.026303
lupulus_ChrY,80200000,81200000,0.032571
lupulus_ChrY,80300000,81300000,0.032265
lupulus_ChrY,80400000,81400000,0.032176
lupulus_ChrY,80500000,81500000,0.032645
lupulus_ChrY,80600000,81600000,0.028555
lupulus_ChrY,80700000,81700000,0.017282
lupulus_ChrY,80800000,81800000,0.016992
lupulus_ChrY,80900000,81900000,0.017135
lupulus_ChrY,81000000,82000000,0.014926
lupulus_ChrY,81100000,82100000,0.008628
lupulus_ChrY,81200000,82200000,0.002376
lupulus_ChrY,81300000,82300000,0.00242
lupulus_ChrY,81400000,82400000,0.002374
lupulus_ChrY,81500000,82500000,0.002155
lupulus_ChrY,81600000,82600000,0.002294
lupulus_ChrY,81700000,82700000,0.002693
lupulus_ChrY,81800000,82800000,0.00317
lupulus_ChrY,81900000,82900000,0.003306
lupulus_ChrY,82000000,83000000,0.024229
lupulus_ChrY,82100000,83100000,0.02667
lupulus_ChrY,82200000,83200000,0.028396
lupulus_ChrY,82300000,83300000,0.029474
lupulus_ChrY,82400000,83400000,0.029859
lupulus_ChrY,82500000,83500000,0.030937
lupulus_ChrY,82600000,83600000,0.031902
lupulus_ChrY,82700000,83700000,0.031664
lupulus_ChrY,82800000,83800000,0.032979
lupulus_ChrY,82900000,83900000,0.033541
lupulus_ChrY,83000000,84000000,0.013394
lupulus_ChrY,83100000,84100000,0.025077
lupulus_ChrY,83200000,84200000,0.025453
lupulus_ChrY,83300000,84300000,0.025937
lupulus_ChrY,83400000,84400000,0.02567
lupulus_ChrY,83500000,84500000,0.024472
lupulus_ChrY,83600000,84600000,0.023493
lupulus_ChrY,83700000,84700000,0.025309
lupulus_ChrY,83800000,84800000,0.029094
lupulus_ChrY,83900000,84900000,0.028312
lupulus_ChrY,84000000,85000000,0.027626
lupulus_ChrY,84100000,85100000,0.01371
lupulus_ChrY,84200000,85200000,0.011866
lupulus_ChrY,84300000,85300000,0.010483
lupulus_ChrY,84400000,85400000,0.011011
lupulus_ChrY,84500000,85500000,0.01084
lupulus_ChrY,84600000,85600000,0.010631
lupulus_ChrY,84700000,85700000,0.011749
lupulus_ChrY,84800000,85800000,0.006575
lupulus_ChrY,84900000,85900000,0.008438
lupulus_ChrY,85000000,86000000,0.0116
lupulus_ChrY,85100000,86100000,0.016167
lupulus_ChrY,85200000,86200000,0.031348
lupulus_ChrY,85300000,86300000,0.031638
lupulus_ChrY,85400000,86400000,0.031167
lupulus_ChrY,85500000,86500000,0.031252
lupulus_ChrY,85600000,86600000,0.031301
lupulus_ChrY,85700000,86700000,0.028081
lupulus_ChrY,85800000,86800000,0.032449
lupulus_ChrY,85900000,86900000,0.030617
lupulus_ChrY,86000000,87000000,0.027523
lupulus_ChrY,86100000,87100000,0.025263
lupulus_ChrY,86200000,87200000,0.009886
lupulus_ChrY,86300000,87300000,0.009601
lupulus_ChrY,86400000,87400000,0.009439
lupulus_ChrY,86500000,87500000,0.013399
lupulus_ChrY,86600000,87600000,0.013866
lupulus_ChrY,86700000,87700000,0.01428
lupulus_ChrY,86800000,87800000,0.009668
lupulus_ChrY,86900000,87900000,0.009589
lupulus_ChrY,87000000,88000000,0.009514
lupulus_ChrY,87100000,88100000,0.007468
lupulus_ChrY,87200000,88200000,0.016163
lupulus_ChrY,87300000,88300000,0.019793
lupulus_ChrY,87400000,88400000,0.027068
lupulus_ChrY,87500000,88500000,0.029251
lupulus_ChrY,87600000,88600000,0.029435
lupulus_ChrY,87700000,88700000,0.029276
lupulus_ChrY,87800000,88800000,0.029157
lupulus_ChrY,87900000,88900000,0.030681
lupulus_ChrY,88000000,89000000,0.030787
lupulus_ChrY,88100000,89100000,0.030554
lupulus_ChrY,88200000,89200000,0.02177
lupulus_ChrY,88300000,89300000,0.018616
lupulus_ChrY,88400000,89400000,0.011487
lupulus_ChrY,88500000,89500000,0.018254
lupulus_ChrY,88600000,89600000,0.022148
lupulus_ChrY,88700000,89700000,0.023125
lupulus_ChrY,88800000,89800000,0.024189
lupulus_ChrY,88900000,89900000,0.023156
lupulus_ChrY,89000000,90000000,0.023635
lupulus_ChrY,89100000,90100000,0.026762
lupulus_ChrY,89200000,90200000,0.027411
lupulus_ChrY,89300000,90300000,0.031959
lupulus_ChrY,89400000,90400000,0.033178
lupulus_ChrY,89500000,90500000,0.02013
lupulus_ChrY,89600000,90600000,0.016733
lupulus_ChrY,89700000,90700000,0.017128
lupulus_ChrY,89800000,90800000,0.018583
lupulus_ChrY,89900000,90900000,0.018246
lupulus_ChrY,90000000,91000000,0.017745
lupulus_ChrY,90100000,91100000,0.015106
lupulus_ChrY,90200000,91200000,0.017054
lupulus_ChrY,90300000,91300000,0.012364
lupulus_ChrY,90400000,91400000,0.011183
lupulus_ChrY,90500000,91500000,0.01121
lupulus_ChrY,90600000,91600000,0.010377
lupulus_ChrY,90700000,91700000,0.008866
lupulus_ChrY,90800000,91800000,0.006463
lupulus_ChrY,90900000,91900000,0.006156
lupulus_ChrY,91000000,92000000,0.005993
lupulus_ChrY,91100000,92100000,0.00532
lupulus_ChrY,91200000,92200000,0.002853
lupulus_ChrY,91300000,92300000,0.002678
lupulus_ChrY,91400000,92400000,0.002579
lupulus_ChrY,91500000,92500000,0.002875
lupulus_ChrY,91600000,92600000,0.002638
lupulus_ChrY,91700000,92700000,0.002645
lupulus_ChrY,91800000,92800000,0.003475
lupulus_ChrY,91900000,92900000,0.00423
lupulus_ChrY,92000000,93000000,0.004527
lupulus_ChrY,92100000,93100000,0.009434
lupulus_ChrY,92200000,93200000,0.013283
lupulus_ChrY,92300000,93300000,0.014067
lupulus_ChrY,92400000,93400000,0.014464
lupulus_ChrY,92500000,93500000,0.015023
lupulus_ChrY,92600000,93600000,0.014895
lupulus_ChrY,92700000,93700000,0.014992
lupulus_ChrY,92800000,93800000,0.014075
lupulus_ChrY,92900000,93900000,0.013875
lupulus_ChrY,93000000,94000000,0.013694
lupulus_ChrY,93100000,94100000,0.00887
lupulus_ChrY,93200000,94200000,0.005197
lupulus_ChrY,93300000,94300000,0.00427
lupulus_ChrY,93400000,94400000,0.004119
lupulus_ChrY,93500000,94500000,0.004142
lupulus_ChrY,93600000,94600000,0.004376
lupulus_ChrY,93700000,94700000,0.004332
lupulus_ChrY,93800000,94800000,0.005279
lupulus_ChrY,93900000,94900000,0.004751
lupulus_ChrY,94000000,95000000,0.005019
lupulus_ChrY,94100000,95100000,0.00584
lupulus_ChrY,94200000,95200000,0.00875
lupulus_ChrY,94300000,95300000,0.008542
lupulus_ChrY,94400000,95400000,0.009995
lupulus_ChrY,94500000,95500000,0.011046
lupulus_ChrY,94600000,95600000,0.010847
lupulus_ChrY,94700000,95700000,0.011299
lupulus_ChrY,94800000,95800000,0.010386
lupulus_ChrY,94900000,95900000,0.010496
lupulus_ChrY,95000000,96000000,0.010401
lupulus_ChrY,95100000,96100000,0.011374
lupulus_ChrY,95200000,96200000,0.009727
lupulus_ChrY,95300000,96300000,0.009889
lupulus_ChrY,95400000,96400000,0.008583
lupulus_ChrY,95500000,96500000,0.007307
lupulus_ChrY,95600000,96600000,0.007658
lupulus_ChrY,95700000,96700000,0.007112
lupulus_ChrY,95800000,96800000,0.008021
lupulus_ChrY,95900000,96900000,0.010494
lupulus_ChrY,96000000,97000000,0.010354
lupulus_ChrY,96100000,97100000,0.012184
lupulus_ChrY,96200000,97200000,0.010794
lupulus_ChrY,96300000,97300000,0.011046
lupulus_ChrY,96400000,97400000,0.010804
lupulus_ChrY,96500000,97500000,0.010321
lupulus_ChrY,96600000,97600000,0.010116
lupulus_ChrY,96700000,97700000,0.010105
lupulus_ChrY,96800000,97800000,0.009937
lupulus_ChrY,96900000,97900000,0.009437
lupulus_ChrY,97000000,98000000,0.010962
lupulus_ChrY,97100000,98100000,0.008326
lupulus_ChrY,97200000,98200000,0.023901
lupulus_ChrY,97300000,98300000,0.023917
lupulus_ChrY,97400000,98400000,0.02389
lupulus_ChrY,97500000,98500000,0.023789
lupulus_ChrY,97600000,98600000,0.023834
lupulus_ChrY,97700000,98700000,0.023713
lupulus_ChrY,97800000,98800000,0.022921
lupulus_ChrY,97900000,98900000,0.020788
lupulus_ChrY,98000000,99000000,0.019094
lupulus_ChrY,98100000,99100000,0.018232
lupulus_ChrY,98200000,99200000,0.002674
lupulus_ChrY,98300000,99300000,0.002864
lupulus_ChrY,98400000,99400000,0.002906
lupulus_ChrY,98500000,99500000,0.002999
lupulus_ChrY,98600000,99600000,0.003102
lupulus_ChrY,98700000,99700000,0.003223
lupulus_ChrY,98800000,99800000,0.003284
lupulus_ChrY,98900000,99900000,0.003655
lupulus_ChrY,99000000,100000000,0.003881
lupulus_ChrY,99100000,100100000,0.003878
lupulus_ChrY,99200000,100200000,0.004055
lupulus_ChrY,99300000,100300000,0.003724
lupulus_ChrY,99400000,100400000,0.006285
lupulus_ChrY,99500000,100500000,0.007661
lupulus_ChrY,99600000,100600000,0.008332
lupulus_ChrY,99700000,100700000,0.011332
lupulus_ChrY,99800000,100800000,0.014404
lupulus_ChrY,99900000,100900000,0.014151
lupulus_ChrY,100000000,101000000,0.014163
lupulus_ChrY,100100000,101100000,0.015952
lupulus_ChrY,100200000,101200000,0.01559
lupulus_ChrY,100300000,101300000,0.015295
lupulus_ChrY,100400000,101400000,0.024268
lupulus_ChrY,100500000,101500000,0.022982
lupulus_ChrY,100600000,101600000,0.022221
lupulus_ChrY,100700000,101700000,0.019444
lupulus_ChrY,100800000,101800000,0.016589
lupulus_ChrY,100900000,101900000,0.016926
lupulus_ChrY,101000000,102000000,0.019357
lupulus_ChrY,101100000,102100000,0.01919
lupulus_ChrY,101200000,102200000,0.019407
lupulus_ChrY,101300000,102300000,0.020612
lupulus_ChrY,101400000,102400000,0.010079
lupulus_ChrY,101500000,102500000,0.01042
lupulus_ChrY,101600000,102600000,0.013899
lupulus_ChrY,101700000,102700000,0.013731
lupulus_ChrY,101800000,102800000,0.014031
lupulus_ChrY,101900000,102900000,0.013911
lupulus_ChrY,102000000,103000000,0.011475
lupulus_ChrY,102100000,103100000,0.009804
lupulus_ChrY,102200000,103200000,0.009763
lupulus_ChrY,102300000,103300000,0.009131
lupulus_ChrY,102400000,103400000,0.008062
lupulus_ChrY,102500000,103500000,0.007603
lupulus_ChrY,102600000,103600000,0.00484
lupulus_ChrY,102700000,103700000,0.004743
lupulus_ChrY,102800000,103800000,0.017726
lupulus_ChrY,102900000,103900000,0.019042
lupulus_ChrY,103000000,104000000,0.019807
lupulus_ChrY,103100000,104100000,0.020089
lupulus_ChrY,103200000,104200000,0.026534
lupulus_ChrY,103300000,104300000,0.029863
lupulus_ChrY,103400000,104400000,0.029906
lupulus_ChrY,103500000,104500000,0.029704
lupulus_ChrY,103600000,104600000,0.029178
lupulus_ChrY,103700000,104700000,0.029251
lupulus_ChrY,103800000,104800000,0.015777
lupulus_ChrY,103900000,104900000,0.014465
lupulus_ChrY,104000000,105000000,0.013468
lupulus_ChrY,104100000,105100000,0.013307
lupulus_ChrY,104200000,105200000,0.006871
lupulus_ChrY,104300000,105300000,0.003295
lupulus_ChrY,104400000,105400000,0.013934
lupulus_ChrY,104500000,105500000,0.01584
lupulus_ChrY,104600000,105600000,0.015778
lupulus_ChrY,104700000,105700000,0.017412
lupulus_ChrY,104800000,105800000,0.017834
lupulus_ChrY,104900000,105900000,0.01795
lupulus_ChrY,105000000,106000000,0.018772
lupulus_ChrY,105100000,106100000,0.01871
lupulus_ChrY,105200000,106200000,0.018818
lupulus_ChrY,105300000,106300000,0.018944
lupulus_ChrY,105400000,106400000,0.008279
lupulus_ChrY,105500000,106500000,0.007053
lupulus_ChrY,105600000,106600000,0.006723
lupulus_ChrY,105700000,106700000,0.005101
lupulus_ChrY,105800000,106800000,0.018182
lupulus_ChrY,105900000,106900000,0.019614
lupulus_ChrY,106000000,107000000,0.018831
lupulus_ChrY,106100000,107100000,0.024997
lupulus_ChrY,106200000,107200000,0.03898
lupulus_ChrY,106300000,107300000,0.040281
lupulus_ChrY,106400000,107400000,0.040233
lupulus_ChrY,106500000,107500000,0.040084
lupulus_ChrY,106600000,107600000,0.040106
lupulus_ChrY,106700000,107700000,0.044117
lupulus_ChrY,106800000,107800000,0.030543
lupulus_ChrY,106900000,107900000,0.030405
lupulus_ChrY,107000000,108000000,0.031491
lupulus_ChrY,107100000,108100000,0.026703
lupulus_ChrY,107200000,108200000,0.013043
lupulus_ChrY,107300000,108300000,0.011344
lupulus_ChrY,107400000,108400000,0.011133
lupulus_ChrY,107500000,108500000,0.010982
lupulus_ChrY,107600000,108600000,0.011227
lupulus_ChrY,107700000,108700000,0.007438
lupulus_ChrY,107800000,108800000,0.019341
lupulus_ChrY,107900000,108900000,0.017777
lupulus_ChrY,108000000,109000000,0.017303
lupulus_ChrY,108100000,109100000,0.01587
lupulus_ChrY,108200000,109200000,0.01538
lupulus_ChrY,108300000,109300000,0.015701
lupulus_ChrY,108400000,109400000,0.017198
lupulus_ChrY,108500000,109500000,0.017617
lupulus_ChrY,108600000,109600000,0.017403
lupulus_ChrY,108700000,109700000,0.027158
lupulus_ChrY,108800000,109800000,0.015599
lupulus_ChrY,108900000,109900000,0.017327
lupulus_ChrY,109000000,110000000,0.020408
lupulus_ChrY,109100000,110100000,0.028626
lupulus_ChrY,109200000,110200000,0.028822
lupulus_ChrY,109300000,110300000,0.029837
lupulus_ChrY,109400000,110400000,0.03169
lupulus_ChrY,109500000,110500000,0.031044
lupulus_ChrY,109600000,110600000,0.031458
lupulus_ChrY,109700000,110700000,0.021306
lupulus_ChrY,109800000,110800000,0.023482
lupulus_ChrY,109900000,110900000,0.027144
lupulus_ChrY,110000000,111000000,0.023683
lupulus_ChrY,110100000,111100000,0.015341
lupulus_ChrY,110200000,111200000,0.015488
lupulus_ChrY,110300000,111300000,0.027422
lupulus_ChrY,110400000,111400000,0.036798
lupulus_ChrY,110500000,111500000,0.037339
lupulus_ChrY,110600000,111600000,0.038503
lupulus_ChrY,110700000,111700000,0.038697
lupulus_ChrY,110800000,111800000,0.036283
lupulus_ChrY,110900000,111900000,0.030793
lupulus_ChrY,111000000,112000000,0.030798
lupulus_ChrY,111100000,112100000,0.030868
lupulus_ChrY,111200000,112200000,0.030541
lupulus_ChrY,111300000,112300000,0.017417
lupulus_ChrY,111400000,112400000,0.005271
lupulus_ChrY,111500000,112500000,0.004995
lupulus_ChrY,111600000,112600000,0.00343
lupulus_ChrY,111700000,112700000,0.006987
lupulus_ChrY,111800000,112800000,0.00746
lupulus_ChrY,111900000,112900000,0.008077
lupulus_ChrY,112000000,113000000,0.008916
lupulus_ChrY,112100000,113100000,0.009036
lupulus_ChrY,112200000,113200000,0.009885
lupulus_ChrY,112300000,113300000,0.010589
lupulus_ChrY,112400000,113400000,0.01056
lupulus_ChrY,112500000,113500000,0.010308
lupulus_ChrY,112600000,113600000,0.010267
lupulus_ChrY,112700000,113700000,0.006571
lupulus_ChrY,112800000,113800000,0.006077
lupulus_ChrY,112900000,113900000,0.005541
lupulus_ChrY,113000000,114000000,0.004993
lupulus_ChrY,113100000,114100000,0.004833
lupulus_ChrY,113200000,114200000,0.004092
lupulus_ChrY,113300000,114300000,0.003327
lupulus_ChrY,113400000,114400000,0.003904
lupulus_ChrY,113500000,114500000,0.004048
lupulus_ChrY,113600000,114600000,0.004373
lupulus_ChrY,113700000,114700000,0.006667
lupulus_ChrY,113800000,114800000,0.007761
lupulus_ChrY,113900000,114900000,0.00838
lupulus_ChrY,114000000,115000000,0.008703
lupulus_ChrY,114100000,115100000,0.008696
lupulus_ChrY,114200000,115200000,0.008723
lupulus_ChrY,114300000,115300000,0.008618
lupulus_ChrY,114400000,115400000,0.00744
lupulus_ChrY,114500000,115500000,0.007037
lupulus_ChrY,114600000,115600000,0.006524
lupulus_ChrY,114700000,115700000,0.004025
lupulus_ChrY,114800000,115800000,0.00271
lupulus_ChrY,114900000,115900000,0.001774
lupulus_ChrY,115000000,116000000,0.000766
lupulus_ChrY,115100000,116100000,0.000587
lupulus_ChrY,115200000,116200000,0.000186
lupulus_ChrY,115300000,116300000,0.000021
lupulus_ChrY,115400000,116400000,0.000021
lupulus_ChrY,115500000,116500000,0.000043
lupulus_ChrY,115600000,116600000,0.000232
lupulus_ChrY,115700000,116700000,0.000253
lupulus_ChrY,115800000,116800000,0.000274
lupulus_ChrY,115900000,116900000,0.000316
lupulus_ChrY,116000000,117000000,0.000316
lupulus_ChrY,116100000,117100000,0.000338
lupulus_ChrY,116200000,117200000,0.000338
lupulus_ChrY,116300000,117300000,0.000317
lupulus_ChrY,116400000,117400000,0.000359
lupulus_ChrY,116500000,117500000,0.000358
lupulus_ChrY,116600000,117600000,0.000169
lupulus_ChrY,116700000,117700000,0.00017
lupulus_ChrY,116800000,117800000,0.000149
lupulus_ChrY,116900000,117900000,0.000107
lupulus_ChrY,117000000,118000000,0.000128
lupulus_ChrY,117100000,118100000,0.000162
lupulus_ChrY,117200000,118200000,0.000386
lupulus_ChrY,117300000,118300000,0.000744
lupulus_ChrY,117400000,118400000,0.001214
lupulus_ChrY,117500000,118500000,0.001725
lupulus_ChrY,117600000,118600000,0.003184
lupulus_ChrY,117700000,118700000,0.011871
lupulus_ChrY,117800000,118800000,0.018133
lupulus_ChrY,117900000,118900000,0.019912
lupulus_ChrY,118000000,119000000,0.028345
lupulus_ChrY,118100000,119100000,0.029713
lupulus_ChrY,118200000,119200000,0.029623
lupulus_ChrY,118300000,119300000,0.029546
lupulus_ChrY,118400000,119400000,0.043607
lupulus_ChrY,118500000,119500000,0.04494
lupulus_ChrY,118600000,119600000,0.044321
lupulus_ChrY,118700000,119700000,0.035894
lupulus_ChrY,118800000,119800000,0.03015
lupulus_ChrY,118900000,119900000,0.028719
lupulus_ChrY,119000000,120000000,0.020931
lupulus_ChrY,119100000,120100000,0.019823
lupulus_ChrY,119200000,120200000,0.020464
lupulus_ChrY,119300000,120300000,0.037596
lupulus_ChrY,119400000,120400000,0.023206
lupulus_ChrY,119500000,120500000,0.021475
lupulus_ChrY,119600000,120600000,0.02228
lupulus_ChrY,119700000,120700000,0.02511
lupulus_ChrY,119800000,120800000,0.0318
lupulus_ChrY,119900000,120900000,0.032599
lupulus_ChrY,120000000,121000000,0.032239
lupulus_ChrY,120100000,121100000,0.03211
lupulus_ChrY,120200000,121200000,0.031589
lupulus_ChrY,120300000,121300000,0.046264
lupulus_ChrY,120400000,121400000,0.046229
lupulus_ChrY,120500000,121500000,0.046385
lupulus_ChrY,120600000,121600000,0.045149
lupulus_ChrY,120700000,121700000,0.045482
lupulus_ChrY,120800000,121800000,0.038537
lupulus_ChrY,120900000,121900000,0.037742
lupulus_ChrY,121000000,122000000,0.037937
lupulus_ChrY,121100000,122100000,0.037836
lupulus_ChrY,121200000,122200000,0.037714
lupulus_ChrY,121300000,122300000,0.009444
lupulus_ChrY,121400000,122400000,0.011095
lupulus_ChrY,121500000,122500000,0.013155
lupulus_ChrY,121600000,122600000,0.014196
lupulus_ChrY,121700000,122700000,0.011399
lupulus_ChrY,121800000,122800000,0.011511
lupulus_ChrY,121900000,122900000,0.011425
lupulus_ChrY,122000000,123000000,0.011363
lupulus_ChrY,122100000,123100000,0.013035
lupulus_ChrY,122200000,123200000,0.017331
lupulus_ChrY,122300000,123300000,0.013844
lupulus_ChrY,122400000,123400000,0.012665
lupulus_ChrY,122500000,123500000,0.016685
lupulus_ChrY,122600000,123600000,0.019685
lupulus_ChrY,122700000,123700000,0.019711
lupulus_ChrY,122800000,123800000,0.020331
lupulus_ChrY,122900000,123900000,0.021732
lupulus_ChrY,123000000,124000000,0.021671
lupulus_ChrY,123100000,124100000,0.02287
lupulus_ChrY,123200000,124200000,0.019864
lupulus_ChrY,123300000,124300000,0.020256
lupulus_ChrY,123400000,124400000,0.020197
lupulus_ChrY,123500000,124500000,0.014178
lupulus_ChrY,123600000,124600000,0.010079
lupulus_ChrY,123700000,124700000,0.00973
lupulus_ChrY,123800000,124800000,0.008813
lupulus_ChrY,123900000,124900000,0.008869
lupulus_ChrY,124000000,125000000,0.00892
lupulus_ChrY,124100000,125100000,0.014226
lupulus_ChrY,124200000,125200000,0.01774
lupulus_ChrY,124300000,125300000,0.02214
lupulus_ChrY,124400000,125400000,0.023139
lupulus_ChrY,124500000,125500000,0.023272
lupulus_ChrY,124600000,125600000,0.032323
lupulus_ChrY,124700000,125700000,0.032323
lupulus_ChrY,124800000,125800000,0.032546
lupulus_ChrY,124900000,125900000,0.0321
lupulus_ChrY,125000000,126000000,0.032243
lupulus_ChrY,125100000,126100000,0.03132
lupulus_ChrY,125200000,126200000,0.026806
lupulus_ChrY,125300000,126300000,0.022086
lupulus_ChrY,125400000,126400000,0.020707
lupulus_ChrY,125500000,126500000,0.020643
lupulus_ChrY,125600000,126600000,0.011387
lupulus_ChrY,125700000,126700000,0.012296
lupulus_ChrY,125800000,126800000,0.013262
lupulus_ChrY,125900000,126900000,0.015091
lupulus_ChrY,126000000,127000000,0.015976
lupulus_ChrY,126100000,127100000,0.009158
lupulus_ChrY,126200000,127200000,0.014191
lupulus_ChrY,126300000,127300000,0.014224
lupulus_ChrY,126400000,127400000,0.014264
lupulus_ChrY,126500000,127500000,0.014176
lupulus_ChrY,126600000,127600000,0.015281
lupulus_ChrY,126700000,127700000,0.014822
lupulus_ChrY,126800000,127800000,0.013766
lupulus_ChrY,126900000,127900000,0.011503
lupulus_ChrY,127000000,128000000,0.012198
lupulus_ChrY,127100000,128100000,0.012055
lupulus_ChrY,127200000,128200000,0.00692
lupulus_ChrY,127300000,128300000,0.006728
lupulus_ChrY,127400000,128400000,0.006647
lupulus_ChrY,127500000,128500000,0.006592
lupulus_ChrY,127600000,128600000,0.006132
lupulus_ChrY,127700000,128700000,0.005885
lupulus_ChrY,127800000,128800000,0.006071
lupulus_ChrY,127900000,128900000,0.005687
lupulus_ChrY,128000000,129000000,0.003679
lupulus_ChrY,128100000,129100000,0.004205
lupulus_ChrY,128200000,129200000,0.011914
lupulus_ChrY,128300000,129300000,0.01516
lupulus_ChrY,128400000,129400000,0.017596
lupulus_ChrY,128500000,129500000,0.017501
lupulus_ChrY,128600000,129600000,0.017008
lupulus_ChrY,128700000,129700000,0.016741
lupulus_ChrY,128800000,129800000,0.01657
lupulus_ChrY,128900000,129900000,0.016585
lupulus_ChrY,129000000,130000000,0.016663
lupulus_ChrY,129100000,130100000,0.015903
lupulus_ChrY,129200000,130200000,0.008012
lupulus_ChrY,129300000,130300000,0.004653
lupulus_ChrY,129400000,130400000,0.002143
lupulus_ChrY,129500000,130500000,0.002426
lupulus_ChrY,129600000,130600000,0.002494
lupulus_ChrY,129700000,130700000,0.004042
lupulus_ChrY,129800000,130800000,0.004432
lupulus_ChrY,129900000,130900000,0.005478
lupulus_ChrY,130000000,131000000,0.006476
lupulus_ChrY,130100000,131100000,0.012312
lupulus_ChrY,130200000,131200000,0.014755
lupulus_ChrY,130300000,131300000,0.015635
lupulus_ChrY,130400000,131400000,0.015687
lupulus_ChrY,130500000,131500000,0.015774
lupulus_ChrY,130600000,131600000,0.016026
lupulus_ChrY,130700000,131700000,0.014642
lupulus_ChrY,130800000,131800000,0.014297
lupulus_ChrY,130900000,131900000,0.013179
lupulus_ChrY,131000000,132000000,0.012631
lupulus_ChrY,131100000,132100000,0.006967
lupulus_ChrY,131200000,132200000,0.00486
lupulus_ChrY,131300000,132300000,0.004414
lupulus_ChrY,131400000,132400000,0.004552
lupulus_ChrY,131500000,132500000,0.004577
lupulus_ChrY,131600000,132600000,0.004217
lupulus_ChrY,131700000,132700000,0.008226
lupulus_ChrY,131800000,132800000,0.009473
lupulus_ChrY,131900000,132900000,0.009227
lupulus_ChrY,132000000,133000000,0.010212
lupulus_ChrY,132100000,133100000,0.010711
lupulus_ChrY,132200000,133200000,0.01048
lupulus_ChrY,132300000,133300000,0.0102
lupulus_ChrY,132400000,133400000,0.010269
lupulus_ChrY,132500000,133500000,0.009873
lupulus_ChrY,132600000,133600000,0.009982
lupulus_ChrY,132700000,133700000,0.005993
lupulus_ChrY,132800000,133800000,0.004777
lupulus_ChrY,132900000,133900000,0.004971
lupulus_ChrY,133000000,134000000,0.003908
lupulus_ChrY,133100000,134100000,0.003396
lupulus_ChrY,133200000,134200000,0.003535
lupulus_ChrY,133300000,134300000,0.003665
lupulus_ChrY,133400000,134400000,0.003634
lupulus_ChrY,133500000,134500000,0.003587
lupulus_ChrY,133600000,134600000,0.00332
lupulus_ChrY,133700000,134700000,0.003121
lupulus_ChrY,133800000,134800000,0.003029
lupulus_ChrY,133900000,134900000,0.003244
lupulus_ChrY,134000000,135000000,0.006379
lupulus_ChrY,134100000,135100000,0.006853
lupulus_ChrY,134200000,135200000,0.008345
lupulus_ChrY,134300000,135300000,0.013525
lupulus_ChrY,134400000,135400000,0.015821
lupulus_ChrY,134500000,135500000,0.020915
lupulus_ChrY,134600000,135600000,0.022268
lupulus_ChrY,134700000,135700000,0.02223
lupulus_ChrY,134800000,135800000,0.023202
lupulus_ChrY,134900000,135900000,0.023489
lupulus_ChrY,135000000,136000000,0.022954
lupulus_ChrY,135100000,136100000,0.02481
lupulus_ChrY,135200000,136200000,0.025533
lupulus_ChrY,135300000,136300000,0.020524
lupulus_ChrY,135400000,136400000,0.018682
lupulus_ChrY,135500000,136500000,0.014099
lupulus_ChrY,135600000,136600000,0.014053
lupulus_ChrY,135700000,136700000,0.017934
lupulus_ChrY,135800000,136800000,0.020027
lupulus_ChrY,135900000,136900000,0.020398
lupulus_ChrY,136000000,137000000,0.018043
lupulus_ChrY,136100000,137100000,0.015431
lupulus_ChrY,136200000,137200000,0.013395
lupulus_ChrY,136300000,137300000,0.013048
lupulus_ChrY,136400000,137400000,0.012342
lupulus_ChrY,136500000,137500000,0.011787
lupulus_ChrY,136600000,137600000,0.010598
lupulus_ChrY,136700000,137700000,0.006588
lupulus_ChrY,136800000,137800000,0.004049
lupulus_ChrY,136900000,137900000,0.002871
lupulus_ChrY,137000000,138000000,0.002151
lupulus_ChrY,137100000,138100000,0.002249
lupulus_ChrY,137200000,138200000,0.001688
lupulus_ChrY,137300000,138300000,0.001493
lupulus_ChrY,137400000,138400000,0.001472
lupulus_ChrY,137500000,138500000,0.001436
lupulus_ChrY,137600000,138600000,0.001281
lupulus_ChrY,137700000,138700000,0.001247
lupulus_ChrY,137800000,138800000,0.000584
lupulus_ChrY,137900000,138900000,0.000581
lupulus_ChrY,138000000,139000000,0.000483
lupulus_ChrY,138100000,139100000,0.000384
lupulus_ChrY,138200000,139200000,0.000384
lupulus_ChrY,138300000,139300000,0.00034
lupulus_ChrY,138400000,139400000,0.000319
lupulus_ChrY,138500000,139500000,0.000287
lupulus_ChrY,138600000,139600000,0.000224
lupulus_ChrY,138700000,139700000,0.000179
lupulus_ChrY,138800000,139800000,0.000147
lupulus_ChrY,138900000,139900000,0.000126
lupulus_ChrY,139000000,140000000,0.000127
lupulus_ChrY,139100000,140100000,0.000127
lupulus_ChrY,139200000,140200000,0.00017
lupulus_ChrY,139300000,140300000,0.000243
lupulus_ChrY,139400000,140400000,0.00032
lupulus_ChrY,139500000,140500000,0.000298
lupulus_ChrY,139600000,140600000,0.000328
lupulus_ChrY,139700000,140700000,0.00037
lupulus_ChrY,139800000,140800000,0.000355
lupulus_ChrY,139900000,140900000,0.000356
lupulus_ChrY,140000000,141000000,0.000355
lupulus_ChrY,140100000,141100000,0.000356
lupulus_ChrY,140200000,141200000,0.000337
lupulus_ChrY,140300000,141300000,0.000285
lupulus_ChrY,140400000,141400000,0.000208
lupulus_ChrY,140500000,141500000,0.000208
lupulus_ChrY,140600000,141600000,0.000178
lupulus_ChrY,140700000,141700000,0.000207
lupulus_ChrY,140800000,141800000,0.000181
lupulus_ChrY,140900000,141900000,0.000159
lupulus_ChrY,141000000,142000000,0.000166
lupulus_ChrY,141100000,142100000,0.000144
lupulus_ChrY,141200000,142200000,0.00012
lupulus_ChrY,141300000,142300000,0.00012
lupulus_ChrY,141400000,142400000,0.00012
lupulus_ChrY,141500000,142500000,0.00012
lupulus_ChrY,141600000,142600000,0.00017
lupulus_ChrY,141700000,142700000,0.000144
lupulus_ChrY,141800000,142800000,0.000236
lupulus_ChrY,141900000,142900000,0.000258
lupulus_ChrY,142000000,143000000,0.00023
lupulus_ChrY,142100000,143100000,0.00023
lupulus_ChrY,142200000,143200000,0.00023
lupulus_ChrY,142300000,143300000,0.000234
lupulus_ChrY,142400000,143400000,0.000255
lupulus_ChrY,142500000,143500000,0.000342
lupulus_ChrY,142600000,143600000,0.000355
lupulus_ChrY,142700000,143700000,0.000358
lupulus_ChrY,142800000,143800000,0.000333
lupulus_ChrY,142900000,143900000,0.000406
lupulus_ChrY,143000000,144000000,0.000429
lupulus_ChrY,143100000,144100000,0.000498
lupulus_ChrY,143200000,144200000,0.000498
lupulus_ChrY,143300000,144300000,0.000473
lupulus_ChrY,143400000,144400000,0.000452
lupulus_ChrY,143500000,144500000,0.000365
lupulus_ChrY,143600000,144600000,0.000351
lupulus_ChrY,143700000,144700000,0.000303
lupulus_ChrY,143800000,144800000,0.00026
lupulus_ChrY,143900000,144900000,0.000228
lupulus_ChrY,144000000,145000000,0.000226
lupulus_ChrY,144100000,145100000,0.00021
lupulus_ChrY,144200000,145200000,0.000234
lupulus_ChrY,144300000,145300000,0.000278
lupulus_ChrY,144400000,145400000,0.00042
lupulus_ChrY,144500000,145500000,0.00042
lupulus_ChrY,144600000,145600000,0.000512
lupulus_ChrY,144700000,145700000,0.000671
lupulus_ChrY,144800000,145800000,0.001181
lupulus_ChrY,144900000,145900000,0.002647
lupulus_ChrY,145000000,146000000,0.003213
lupulus_ChrY,145100000,146100000,0.003482
lupulus_ChrY,145200000,146200000,0.003625
lupulus_ChrY,145300000,146300000,0.004391
lupulus_ChrY,145400000,146400000,0.00493
lupulus_ChrY,145500000,146500000,0.00513
lupulus_ChrY,145600000,146600000,0.005102
lupulus_ChrY,145700000,146700000,0.004943
lupulus_ChrY,145800000,146800000,0.004409
lupulus_ChrY,145900000,146900000,0.002901
lupulus_ChrY,146000000,147000000,0.002314
lupulus_ChrY,146100000,147100000,0.001992
lupulus_ChrY,146200000,147200000,0.001825
lupulus_ChrY,146300000,147300000,0.001015
lupulus_ChrY,146400000,147400000,0.000334
lupulus_ChrY,146500000,147500000,0.000134
lupulus_ChrY,146600000,147600000,0.000021
lupulus_ChrY,146700000,147700000,0.000021
lupulus_ChrY,146800000,147800000,0.000095
lupulus_ChrY,146900000,147900000,0.000074
lupulus_ChrY,147000000,148000000,0.000074
lupulus_ChrY,147100000,148100000,0.000074
lupulus_ChrY,147200000,148200000,0.000074
lupulus_ChrY,147300000,148300000,0.000095
lupulus_ChrY,147400000,148400000,0.000095
lupulus_ChrY,147500000,148500000,0.000125
lupulus_ChrY,147600000,148600000,0.000125
lupulus_ChrY,147700000,148700000,0.000125
lupulus_ChrY,147800000,148800000,0.000099
lupulus_ChrY,147900000,148900000,0.00012
lupulus_ChrY,148000000,149000000,0.000186
lupulus_ChrY,148100000,149100000,0.000186
lupulus_ChrY,148200000,149200000,0.000186
lupulus_ChrY,148300000,149300000,0.000165
lupulus_ChrY,148400000,149400000,0.000165
lupulus_ChrY,148500000,149500000,0.000135
lupulus_ChrY,148600000,149600000,0.000135
lupulus_ChrY,148700000,149700000,0.000135
lupulus_ChrY,148800000,149800000,0.000108
lupulus_ChrY,148900000,149900000,0.000087
lupulus_ChrY,149000000,150000000,0.000021
lupulus_ChrY,149100000,150100000,0.000021
lupulus_ChrY,149200000,150200000,0.000021
lupulus_ChrY,149300000,150300000,0.000021
lupulus_ChrY,149400000,150400000,0.000021
lupulus_ChrY,149500000,150500000,0.000021
lupulus_ChrY,149600000,150600000,0.000021
lupulus_ChrY,149700000,150700000,0.000021
lupulus_ChrY,149800000,150800000,0
lupulus_ChrY,149900000,150900000,0.000021
lupulus_ChrY,150000000,151000000,0.000021
lupulus_ChrY,150100000,151100000,0.000021
lupulus_ChrY,150200000,151200000,0.000021
lupulus_ChrY,150300000,151300000,0.000021
lupulus_ChrY,150400000,151400000,0.000042
lupulus_ChrY,150500000,151500000,0.000042
lupulus_ChrY,150600000,151600000,0.000042
lupulus_ChrY,150700000,151700000,0.000042
lupulus_ChrY,150800000,151800000,0.000042
lupulus_ChrY,150900000,151900000,0.000021
lupulus_ChrY,151000000,152000000,0.000054
lupulus_ChrY,151100000,152100000,0.000054
lupulus_ChrY,151200000,152200000,0.000054
lupulus_ChrY,151300000,152300000,0.000054
lupulus_ChrY,151400000,152400000,0.000033
lupulus_ChrY,151500000,152500000,0.000033
lupulus_ChrY,151600000,152600000,0.000033
lupulus_ChrY,151700000,152700000,0.000054
lupulus_ChrY,151800000,152800000,0.000054
lupulus_ChrY,151900000,152900000,0.000054
lupulus_ChrY,152000000,153000000,0.000042
lupulus_ChrY,152100000,153100000,0.000042
lupulus_ChrY,152200000,153200000,0.000042
lupulus_ChrY,152300000,153300000,0.000042
lupulus_ChrY,152400000,153400000,0.000042
lupulus_ChrY,152500000,153500000,0.000042
lupulus_ChrY,152600000,153600000,0.000042
lupulus_ChrY,152700000,153700000,0.000021
lupulus_ChrY,152800000,153800000,0.000021
lupulus_ChrY,152900000,153900000,0.000043
lupulus_ChrY,153000000,154000000,0.000022
lupulus_ChrY,153100000,154100000,0.000022
lupulus_ChrY,153200000,154200000,0.000508
lupulus_ChrY,153300000,154300000,0.000773
lupulus_ChrY,153400000,154400000,0.000826
lupulus_ChrY,153500000,154500000,0.001538
lupulus_ChrY,153600000,154600000,0.001735
lupulus_ChrY,153700000,154700000,0.002041
lupulus_ChrY,153800000,154800000,0.002105
lupulus_ChrY,153900000,154900000,0.002627
lupulus_ChrY,154000000,155000000,0.002796
lupulus_ChrY,154100000,155100000,0.003182
lupulus_ChrY,154200000,155200000,0.002976
lupulus_ChrY,154300000,155300000,0.002848
lupulus_ChrY,154400000,155400000,0.002961
lupulus_ChrY,154500000,155500000,0.002319
lupulus_ChrY,154600000,155600000,0.002658
lupulus_ChrY,154700000,155700000,0.002788
lupulus_ChrY,154800000,155800000,0.003176
lupulus_ChrY,154900000,155900000,0.003088
lupulus_ChrY,155000000,156000000,0.003321
lupulus_ChrY,155100000,156100000,0.003445
lupulus_ChrY,155200000,156200000,0.00327
lupulus_ChrY,155300000,156300000,0.003267
lupulus_ChrY,155400000,156400000,0.003375
lupulus_ChrY,155500000,156500000,0.003468
lupulus_ChrY,155600000,156600000,0.003066
lupulus_ChrY,155700000,156700000,0.003075
lupulus_ChrY,155800000,156800000,0.003126
lupulus_ChrY,155900000,156900000,0.003071
lupulus_ChrY,156000000,157000000,0.002794
lupulus_ChrY,156100000,157100000,0.00237
lupulus_ChrY,156200000,157200000,0.00247
lupulus_ChrY,156300000,157300000,0.003121
lupulus_ChrY,156400000,157400000,0.003744
lupulus_ChrY,156500000,157500000,0.003874
lupulus_ChrY,156600000,157600000,0.004118
lupulus_ChrY,156700000,157700000,0.003923
lupulus_ChrY,156800000,157800000,0.004089
lupulus_ChrY,156900000,157900000,0.00412
lupulus_ChrY,157000000,158000000,0.005113
lupulus_ChrY,157100000,158100000,0.005476
lupulus_ChrY,157200000,158200000,0.005532
lupulus_ChrY,157300000,158300000,0.005146
lupulus_ChrY,157400000,158400000,0.004405
lupulus_ChrY,157500000,158500000,0.004479
lupulus_ChrY,157600000,158600000,0.004168
lupulus_ChrY,157700000,158700000,0.004229
lupulus_ChrY,157800000,158800000,0.003658
lupulus_ChrY,157900000,158900000,0.003343
lupulus_ChrY,158000000,159000000,0.002246
lupulus_ChrY,158100000,159100000,0.001797
lupulus_ChrY,158200000,159200000,0.001536
lupulus_ChrY,158300000,159300000,0.001137
lupulus_ChrY,158400000,159400000,0.000981
lupulus_ChrY,158500000,159500000,0.000699
lupulus_ChrY,158600000,159600000,0.000632
lupulus_ChrY,158700000,159700000,0.000321
lupulus_ChrY,158800000,159800000,0.000223
lupulus_ChrY,158900000,159900000,0.000106
lupulus_ChrY,159000000,160000000,0.000085
lupulus_ChrY,159100000,160100000,0.000085
lupulus_ChrY,159200000,160200000,0.000085
lupulus_ChrY,159300000,160300000,0.000085
lupulus_ChrY,159400000,160400000,0.000085
lupulus_ChrY,159500000,160500000,0
lupulus_ChrY,159600000,160600000,0
lupulus_ChrY,159700000,160700000,0
lupulus_ChrY,159800000,160800000,0
lupulus_ChrY,159900000,160900000,0
lupulus_ChrY,160000000,161000000,0
lupulus_ChrY,160100000,161100000,0
lupulus_ChrY,160200000,161200000,0
lupulus_ChrY,160300000,161300000,0
lupulus_ChrY,160400000,161400000,0
lupulus_ChrY,160500000,161500000,0.000033
lupulus_ChrY,160600000,161600000,0.000033
lupulus_ChrY,160700000,161700000,0.000033
lupulus_ChrY,160800000,161800000,0.000033
lupulus_ChrY,160900000,161900000,0.000033
lupulus_ChrY,161000000,162000000,0.000033
lupulus_ChrY,161100000,162100000,0.000033
lupulus_ChrY,161200000,162200000,0.000033
lupulus_ChrY,161300000,162300000,0.000033
lupulus_ChrY,161400000,162400000,0.000033
lupulus_ChrY,161500000,162500000,0
lupulus_ChrY,161600000,162600000,0.000046
lupulus_ChrY,161700000,162700000,0.000046
lupulus_ChrY,161800000,162800000,0.000046
lupulus_ChrY,161900000,162900000,0.000046
lupulus_ChrY,162000000,163000000,0.000046
lupulus_ChrY,162100000,163100000,0.000046
lupulus_ChrY,162200000,163200000,0.000046
lupulus_ChrY,162300000,163300000,0.000046
lupulus_ChrY,162400000,163400000,0.000046
lupulus_ChrY,162500000,163500000,0.000046
lupulus_ChrY,162600000,163600000,0
lupulus_ChrY,162700000,163700000,0
lupulus_ChrY,162800000,163800000,0
lupulus_ChrY,162900000,163900000,0
lupulus_ChrY,163000000,164000000,0
lupulus_ChrY,163100000,164100000,0
lupulus_ChrY,163200000,164200000,0
lupulus_ChrY,163300000,164300000,0
lupulus_ChrY,163400000,164400000,0
lupulus_ChrY,163500000,164500000,0
lupulus_ChrY,163600000,164600000,0
lupulus_ChrY,163700000,164700000,0
lupulus_ChrY,163800000,164800000,0
lupulus_ChrY,163900000,164900000,0
lupulus_ChrY,164000000,165000000,0
lupulus_ChrY,164100000,165100000,0
lupulus_ChrY,164200000,165200000,0
lupulus_ChrY,164300000,165300000,0
lupulus_ChrY,164400000,165400000,0
lupulus_ChrY,164500000,165500000,0
lupulus_ChrY,164600000,165600000,0
lupulus_ChrY,164700000,165700000,0.000026
lupulus_ChrY,164800000,165800000,0.000026
lupulus_ChrY,164900000,165900000,0.000047
lupulus_ChrY,165000000,166000000,0.000047
lupulus_ChrY,165100000,166100000,0.000047
lupulus_ChrY,165200000,166200000,0.000047
lupulus_ChrY,165300000,166300000,0.000047
lupulus_ChrY,165400000,166400000,0.000071
lupulus_ChrY,165500000,166500000,0.000096
lupulus_ChrY,165600000,166600000,0.000096
lupulus_ChrY,165700000,166700000,0.00007
lupulus_ChrY,165800000,166800000,0.00007
lupulus_ChrY,165900000,166900000,0.000049
lupulus_ChrY,166000000,167000000,0.000049
lupulus_ChrY,166100000,167100000,0.000049
lupulus_ChrY,166200000,167200000,0.000049
lupulus_ChrY,166300000,167300000,0.000049
lupulus_ChrY,166400000,167400000,0.000025
lupulus_ChrY,166500000,167500000,0
lupulus_ChrY,166600000,167600000,0
lupulus_ChrY,166700000,167700000,0
lupulus_ChrY,166800000,167800000,0
lupulus_ChrY,166900000,167900000,0
lupulus_ChrY,167000000,168000000,0
lupulus_ChrY,167100000,168100000,0
lupulus_ChrY,167200000,168200000,0
lupulus_ChrY,167300000,168300000,0
lupulus_ChrY,167400000,168400000,0
lupulus_ChrY,167500000,168500000,0
lupulus_ChrY,167600000,168600000,0
lupulus_ChrY,167700000,168676604,0
lupulus_ChrY,167800000,168676604,0
lupulus_ChrY,167900000,168676604,0
lupulus_ChrY,168000000,168676604,0
lupulus_ChrY,168100000,168676604,0
lupulus_ChrY,168200000,168676604,0
lupulus_ChrY,168300000,168676604,0
lupulus_ChrY,168400000,168676604,0
lupulus_ChrY,168500000,168676604,0
lupulus_ChrY,168600000,168676604,0
lupuloides_ChrX,0,1000000,0
lupuloides_ChrX,100000,1100000,0
lupuloides_ChrX,200000,1200000,0
lupuloides_ChrX,300000,1300000,0
lupuloides_ChrX,400000,1400000,0
lupuloides_ChrX,500000,1500000,0
lupuloides_ChrX,600000,1600000,0.000022
lupuloides_ChrX,700000,1700000,0.000022
lupuloides_ChrX,800000,1800000,0.000057
lupuloides_ChrX,900000,1900000,0.000057
lupuloides_ChrX,1000000,2000000,0.000057
lupuloides_ChrX,1100000,2100000,0.000057
lupuloides_ChrX,1200000,2200000,0.000057
lupuloides_ChrX,1300000,2300000,0.000121
lupuloides_ChrX,1400000,2400000,0.000121
lupuloides_ChrX,1500000,2500000,0.000121
lupuloides_ChrX,1600000,2600000,0.000099
lupuloides_ChrX,1700000,2700000,0.000099
lupuloides_ChrX,1800000,2800000,0.000064
lupuloides_ChrX,1900000,2900000,0.000064
lupuloides_ChrX,2000000,3000000,0.000064
lupuloides_ChrX,2100000,3100000,0.000064
lupuloides_ChrX,2200000,3200000,0.000064
lupuloides_ChrX,2300000,3300000,0
lupuloides_ChrX,2400000,3400000,0
lupuloides_ChrX,2500000,3500000,0
lupuloides_ChrX,2600000,3600000,0
lupuloides_ChrX,2700000,3700000,0.000029
lupuloides_ChrX,2800000,3800000,0.000029
lupuloides_ChrX,2900000,3900000,0.000029
lupuloides_ChrX,3000000,4000000,0.000029
lupuloides_ChrX,3100000,4100000,0.000029
lupuloides_ChrX,3200000,4200000,0.000029
lupuloides_ChrX,3300000,4300000,0.000029
lupuloides_ChrX,3400000,4400000,0.000029
lupuloides_ChrX,3500000,4500000,0.000029
lupuloides_ChrX,3600000,4600000,0.000029
lupuloides_ChrX,3700000,4700000,0
lupuloides_ChrX,3800000,4800000,0
lupuloides_ChrX,3900000,4900000,0.000027
lupuloides_ChrX,4000000,5000000,0.000027
lupuloides_ChrX,4100000,5100000,0.000027
lupuloides_ChrX,4200000,5200000,0.000027
lupuloides_ChrX,4300000,5300000,0.000027
lupuloides_ChrX,4400000,5400000,0.000027
lupuloides_ChrX,4500000,5500000,0.000027
lupuloides_ChrX,4600000,5600000,0.000027
lupuloides_ChrX,4700000,5700000,0.000027
lupuloides_ChrX,4800000,5800000,0.000027
lupuloides_ChrX,4900000,5900000,0
lupuloides_ChrX,5000000,6000000,0
lupuloides_ChrX,5100000,6100000,0
lupuloides_ChrX,5200000,6200000,0
lupuloides_ChrX,5300000,6300000,0
lupuloides_ChrX,5400000,6400000,0
lupuloides_ChrX,5500000,6500000,0
lupuloides_ChrX,5600000,6600000,0
lupuloides_ChrX,5700000,6700000,0
lupuloides_ChrX,5800000,6800000,0
lupuloides_ChrX,5900000,6900000,0
lupuloides_ChrX,6000000,7000000,0
lupuloides_ChrX,6100000,7100000,0
lupuloides_ChrX,6200000,7200000,0
lupuloides_ChrX,6300000,7300000,0
lupuloides_ChrX,6400000,7400000,0
lupuloides_ChrX,6500000,7500000,0
lupuloides_ChrX,6600000,7600000,0
lupuloides_ChrX,6700000,7700000,0
lupuloides_ChrX,6800000,7800000,0.000081
lupuloides_ChrX,6900000,7900000,0.000081
lupuloides_ChrX,7000000,8000000,0.000102
lupuloides_ChrX,7100000,8100000,0.000102
lupuloides_ChrX,7200000,8200000,0.000102
lupuloides_ChrX,7300000,8300000,0.000102
lupuloides_ChrX,7400000,8400000,0.000102
lupuloides_ChrX,7500000,8500000,0.000102
lupuloides_ChrX,7600000,8600000,0.000102
lupuloides_ChrX,7700000,8700000,0.000102
lupuloides_ChrX,7800000,8800000,0.000042
lupuloides_ChrX,7900000,8900000,0.000042
lupuloides_ChrX,8000000,9000000,0.000042
lupuloides_ChrX,8100000,9100000,0.000042
lupuloides_ChrX,8200000,9200000,0.000042
lupuloides_ChrX,8300000,9300000,0.000042
lupuloides_ChrX,8400000,9400000,0.000064
lupuloides_ChrX,8500000,9500000,0.000064
lupuloides_ChrX,8600000,9600000,0.000064
lupuloides_ChrX,8700000,9700000,0.000064
lupuloides_ChrX,8800000,9800000,0.000043
lupuloides_ChrX,8900000,9900000,0.000253
lupuloides_ChrX,9000000,10000000,0.000232
lupuloides_ChrX,9100000,10100000,0.000254
lupuloides_ChrX,9200000,10200000,0.000282
lupuloides_ChrX,9300000,10300000,0.000282
lupuloides_ChrX,9400000,10400000,0.00026
lupuloides_ChrX,9500000,10500000,0.00026
lupuloides_ChrX,9600000,10600000,0.00026
lupuloides_ChrX,9700000,10700000,0.00026
lupuloides_ChrX,9800000,10800000,0.00026
lupuloides_ChrX,9900000,10900000,0.000096
lupuloides_ChrX,10000000,11000000,0.000096
lupuloides_ChrX,10100000,11100000,0.000074
lupuloides_ChrX,10200000,11200000,0.000046
lupuloides_ChrX,10300000,11300000,0.000046
lupuloides_ChrX,10400000,11400000,0.000067
lupuloides_ChrX,10500000,11500000,0.000067
lupuloides_ChrX,10600000,11600000,0.000067
lupuloides_ChrX,10700000,11700000,0.000067
lupuloides_ChrX,10800000,11800000,0.000095
lupuloides_ChrX,10900000,11900000,0.000049
lupuloides_ChrX,11000000,12000000,0.000336
lupuloides_ChrX,11100000,12100000,0.000336
lupuloides_ChrX,11200000,12200000,0.000336
lupuloides_ChrX,11300000,12300000,0.000336
lupuloides_ChrX,11400000,12400000,0.000315
lupuloides_ChrX,11500000,12500000,0.000843
lupuloides_ChrX,11600000,12600000,0.000843
lupuloides_ChrX,11700000,12700000,0.000843
lupuloides_ChrX,11800000,12800000,0.000815
lupuloides_ChrX,11900000,12900000,0.000815
lupuloides_ChrX,12000000,13000000,0.00055
lupuloides_ChrX,12100000,13100000,0.00055
lupuloides_ChrX,12200000,13200000,0.00055
lupuloides_ChrX,12300000,13300000,0.00055
lupuloides_ChrX,12400000,13400000,0.00055
lupuloides_ChrX,12500000,13500000,0.000022
lupuloides_ChrX,12600000,13600000,0.000064
lupuloides_ChrX,12700000,13700000,0.000064
lupuloides_ChrX,12800000,13800000,0.000085
lupuloides_ChrX,12900000,13900000,0.000127
lupuloides_ChrX,13000000,14000000,0.000126
lupuloides_ChrX,13100000,14100000,0.000126
lupuloides_ChrX,13200000,14200000,0.000126
lupuloides_ChrX,13300000,14300000,0.000126
lupuloides_ChrX,13400000,14400000,0.00015
lupuloides_ChrX,13500000,14500000,0.00015
lupuloides_ChrX,13600000,14600000,0.000108
lupuloides_ChrX,13700000,14700000,0.000108
lupuloides_ChrX,13800000,14800000,0.000087
lupuloides_ChrX,13900000,14900000,0.000045
lupuloides_ChrX,14000000,15000000,0.000024
lupuloides_ChrX,14100000,15100000,0.000024
lupuloides_ChrX,14200000,15200000,0.000024
lupuloides_ChrX,14300000,15300000,0.000024
lupuloides_ChrX,14400000,15400000,0
lupuloides_ChrX,14500000,15500000,0
lupuloides_ChrX,14600000,15600000,0
lupuloides_ChrX,14700000,15700000,0
lupuloides_ChrX,14800000,15800000,0
lupuloides_ChrX,14900000,15900000,0
lupuloides_ChrX,15000000,16000000,0
lupuloides_ChrX,15100000,16100000,0
lupuloides_ChrX,15200000,16200000,0
lupuloides_ChrX,15300000,16300000,0
lupuloides_ChrX,15400000,16400000,0
lupuloides_ChrX,15500000,16500000,0.000021
lupuloides_ChrX,15600000,16600000,0.000021
lupuloides_ChrX,15700000,16700000,0.000021
lupuloides_ChrX,15800000,16800000,0.000021
lupuloides_ChrX,15900000,16900000,0.000021
lupuloides_ChrX,16000000,17000000,0.000021
lupuloides_ChrX,16100000,17100000,0.000021
lupuloides_ChrX,16200000,17200000,0.000021
lupuloides_ChrX,16300000,17300000,0.000021
lupuloides_ChrX,16400000,17400000,0.000021
lupuloides_ChrX,16500000,17500000,0.000024
lupuloides_ChrX,16600000,17600000,0.000024
lupuloides_ChrX,16700000,17700000,0.000024
lupuloides_ChrX,16800000,17800000,0.000024
lupuloides_ChrX,16900000,17900000,0.000024
lupuloides_ChrX,17000000,18000000,0.000024
lupuloides_ChrX,17100000,18100000,0.000024
lupuloides_ChrX,17200000,18200000,0.000024
lupuloides_ChrX,17300000,18300000,0.000024
lupuloides_ChrX,17400000,18400000,0.000024
lupuloides_ChrX,17500000,18500000,0.000026
lupuloides_ChrX,17600000,18600000,0.000026
lupuloides_ChrX,17700000,18700000,0.000026
lupuloides_ChrX,17800000,18800000,0.000026
lupuloides_ChrX,17900000,18900000,0.000026
lupuloides_ChrX,18000000,19000000,0.000026
lupuloides_ChrX,18100000,19100000,0.000026
lupuloides_ChrX,18200000,19200000,0.000026
lupuloides_ChrX,18300000,19300000,0.000026
lupuloides_ChrX,18400000,19400000,0.000047
lupuloides_ChrX,18500000,19500000,0.000021
lupuloides_ChrX,18600000,19600000,0.000021
lupuloides_ChrX,18700000,19700000,0.000021
lupuloides_ChrX,18800000,19800000,0.000021
lupuloides_ChrX,18900000,19900000,0.000021
lupuloides_ChrX,19000000,20000000,0.000021
lupuloides_ChrX,19100000,20100000,0.000021
lupuloides_ChrX,19200000,20200000,0.000021
lupuloides_ChrX,19300000,20300000,0.000046
lupuloides_ChrX,19400000,20400000,0.000025
lupuloides_ChrX,19500000,20500000,0.000025
lupuloides_ChrX,19600000,20600000,0.000025
lupuloides_ChrX,19700000,20700000,0.000025
lupuloides_ChrX,19800000,20800000,0.000025
lupuloides_ChrX,19900000,20900000,0.000025
lupuloides_ChrX,20000000,21000000,0.000025
lupuloides_ChrX,20100000,21100000,0.000051
lupuloides_ChrX,20200000,21200000,0.000051
lupuloides_ChrX,20300000,21300000,0.000026
lupuloides_ChrX,20400000,21400000,0.000026
lupuloides_ChrX,20500000,21500000,0.000047
lupuloides_ChrX,20600000,21600000,0.000047
lupuloides_ChrX,20700000,21700000,0.000047
lupuloides_ChrX,20800000,21800000,0.000047
lupuloides_ChrX,20900000,21900000,0.000047
lupuloides_ChrX,21000000,22000000,0.000047
lupuloides_ChrX,21100000,22100000,0.000021
lupuloides_ChrX,21200000,22200000,0.000021
lupuloides_ChrX,21300000,22300000,0.000021
lupuloides_ChrX,21400000,22400000,0.000021
lupuloides_ChrX,21500000,22500000,0
lupuloides_ChrX,21600000,22600000,0
lupuloides_ChrX,21700000,22700000,0.000022
lupuloides_ChrX,21800000,22800000,0.000022
lupuloides_ChrX,21900000,22900000,0.000022
lupuloides_ChrX,22000000,23000000,0.000022
lupuloides_ChrX,22100000,23100000,0.000022
lupuloides_ChrX,22200000,23200000,0.000022
lupuloides_ChrX,22300000,23300000,0.000022
lupuloides_ChrX,22400000,23400000,0.000022
lupuloides_ChrX,22500000,23500000,0.000022
lupuloides_ChrX,22600000,23600000,0.000022
lupuloides_ChrX,22700000,23700000,0
lupuloides_ChrX,22800000,23800000,0
lupuloides_ChrX,22900000,23900000,0
lupuloides_ChrX,23000000,24000000,0
lupuloides_ChrX,23100000,24100000,0.000022
lupuloides_ChrX,23200000,24200000,0.000022
lupuloides_ChrX,23300000,24300000,0.000022
lupuloides_ChrX,23400000,24400000,0.000022
lupuloides_ChrX,23500000,24500000,0.000022
lupuloides_ChrX,23600000,24600000,0.000022
lupuloides_ChrX,23700000,24700000,0.000022
lupuloides_ChrX,23800000,24800000,0.000022
lupuloides_ChrX,23900000,24900000,0.000022
lupuloides_ChrX,24000000,25000000,0.000022
lupuloides_ChrX,24100000,25100000,0
lupuloides_ChrX,24200000,25200000,0
lupuloides_ChrX,24300000,25300000,0
lupuloides_ChrX,24400000,25400000,0
lupuloides_ChrX,24500000,25500000,0
lupuloides_ChrX,24600000,25600000,0
lupuloides_ChrX,24700000,25700000,0.000021
lupuloides_ChrX,24800000,25800000,0.000021
lupuloides_ChrX,24900000,25900000,0.000021
lupuloides_ChrX,25000000,26000000,0.000021
lupuloides_ChrX,25100000,26100000,0.000021
lupuloides_ChrX,25200000,26200000,0.000021
lupuloides_ChrX,25300000,26300000,0.000021
lupuloides_ChrX,25400000,26400000,0.000021
lupuloides_ChrX,25500000,26500000,0.000021
lupuloides_ChrX,25600000,26600000,0.000021
lupuloides_ChrX,25700000,26700000,0
lupuloides_ChrX,25800000,26800000,0
lupuloides_ChrX,25900000,26900000,0
lupuloides_ChrX,26000000,27000000,0.000025
lupuloides_ChrX,26100000,27100000,0.000025
lupuloides_ChrX,26200000,27200000,0.000025
lupuloides_ChrX,26300000,27300000,0.000046
lupuloides_ChrX,26400000,27400000,0.002553
lupuloides_ChrX,26500000,27500000,0.002553
lupuloides_ChrX,26600000,27600000,0.002553
lupuloides_ChrX,26700000,27700000,0.002581
lupuloides_ChrX,26800000,27800000,0.002581
lupuloides_ChrX,26900000,27900000,0.002581
lupuloides_ChrX,27000000,28000000,0.002556
lupuloides_ChrX,27100000,28100000,0.002556
lupuloides_ChrX,27200000,28200000,0.002598
lupuloides_ChrX,27300000,28300000,0.002577
lupuloides_ChrX,27400000,28400000,0.000091
lupuloides_ChrX,27500000,28500000,0.000136
lupuloides_ChrX,27600000,28600000,0.000157
lupuloides_ChrX,27700000,28700000,0.000129
lupuloides_ChrX,27800000,28800000,0.000129
lupuloides_ChrX,27900000,28900000,0.000151
lupuloides_ChrX,28000000,29000000,0.000151
lupuloides_ChrX,28100000,29100000,0.000151
lupuloides_ChrX,28200000,29200000,0.00013
lupuloides_ChrX,28300000,29300000,0.00013
lupuloides_ChrX,28400000,29400000,0.00013
lupuloides_ChrX,28500000,29500000,0.000085
lupuloides_ChrX,28600000,29600000,0.000064
lupuloides_ChrX,28700000,29700000,0.000064
lupuloides_ChrX,28800000,29800000,0.000085
lupuloides_ChrX,28900000,29900000,0.000063
lupuloides_ChrX,29000000,30000000,0.000063
lupuloides_ChrX,29100000,30100000,0.000063
lupuloides_ChrX,29200000,30200000,0.000042
lupuloides_ChrX,29300000,30300000,0.00007
lupuloides_ChrX,29400000,30400000,0.000049
lupuloides_ChrX,29500000,30500000,0.000072
lupuloides_ChrX,29600000,30600000,0.000072
lupuloides_ChrX,29700000,30700000,0.000072
lupuloides_ChrX,29800000,30800000,0.000051
lupuloides_ChrX,29900000,30900000,0.000051
lupuloides_ChrX,30000000,31000000,0.000051
lupuloides_ChrX,30100000,31100000,0.000074
lupuloides_ChrX,30200000,31200000,0.000096
lupuloides_ChrX,30300000,31300000,0.000068
lupuloides_ChrX,30400000,31400000,0.000068
lupuloides_ChrX,30500000,31500000,0.000045
lupuloides_ChrX,30600000,31600000,0.000045
lupuloides_ChrX,30700000,31700000,0.000045
lupuloides_ChrX,30800000,31800000,0.000045
lupuloides_ChrX,30900000,31900000,0.000045
lupuloides_ChrX,31000000,32000000,0.000045
lupuloides_ChrX,31100000,32100000,0.000022
lupuloides_ChrX,31200000,32200000,0
lupuloides_ChrX,31300000,32300000,0.000024
lupuloides_ChrX,31400000,32400000,0.000024
lupuloides_ChrX,31500000,32500000,0.000024
lupuloides_ChrX,31600000,32600000,0.000024
lupuloides_ChrX,31700000,32700000,0.000045
lupuloides_ChrX,31800000,32800000,0.000045
lupuloides_ChrX,31900000,32900000,0.000045
lupuloides_ChrX,32000000,33000000,0.000045
lupuloides_ChrX,32100000,33100000,0.000045
lupuloides_ChrX,32200000,33200000,0.000045
lupuloides_ChrX,32300000,33300000,0.000021
lupuloides_ChrX,32400000,33400000,0.000021
lupuloides_ChrX,32500000,33500000,0.000021
lupuloides_ChrX,32600000,33600000,0.000021
lupuloides_ChrX,32700000,33700000,0
lupuloides_ChrX,32800000,33800000,0
lupuloides_ChrX,32900000,33900000,0
lupuloides_ChrX,33000000,34000000,0
lupuloides_ChrX,33100000,34100000,0
lupuloides_ChrX,33200000,34200000,0
lupuloides_ChrX,33300000,34300000,0
lupuloides_ChrX,33400000,34400000,0
lupuloides_ChrX,33500000,34500000,0
lupuloides_ChrX,33600000,34600000,0
lupuloides_ChrX,33700000,34700000,0
lupuloides_ChrX,33800000,34800000,0
lupuloides_ChrX,33900000,34900000,0.000024
lupuloides_ChrX,34000000,35000000,0.000024
lupuloides_ChrX,34100000,35100000,0.000045
lupuloides_ChrX,34200000,35200000,0.000045
lupuloides_ChrX,34300000,35300000,0.000045
lupuloides_ChrX,34400000,35400000,0.000045
lupuloides_ChrX,34500000,35500000,0.000045
lupuloides_ChrX,34600000,35600000,0.000066
lupuloides_ChrX,34700000,35700000,0.000066
lupuloides_ChrX,34800000,35800000,0.000066
lupuloides_ChrX,34900000,35900000,0.000042
lupuloides_ChrX,35000000,36000000,0.000042
lupuloides_ChrX,35100000,36100000,0.000042
lupuloides_ChrX,35200000,36200000,0.000042
lupuloides_ChrX,35300000,36300000,0.000042
lupuloides_ChrX,35400000,36400000,0.000042
lupuloides_ChrX,35500000,36500000,0.000042
lupuloides_ChrX,35600000,36600000,0.000021
lupuloides_ChrX,35700000,36700000,0.000021
lupuloides_ChrX,35800000,36800000,0.000021
lupuloides_ChrX,35900000,36900000,0.000021
lupuloides_ChrX,36000000,37000000,0.000021
lupuloides_ChrX,36100000,37100000,0
lupuloides_ChrX,36200000,37200000,0
lupuloides_ChrX,36300000,37300000,0.000044
lupuloides_ChrX,36400000,37400000,0.000065
lupuloides_ChrX,36500000,37500000,0.000065
lupuloides_ChrX,36600000,37600000,0.000065
lupuloides_ChrX,36700000,37700000,0.000065
lupuloides_ChrX,36800000,37800000,0.000065
lupuloides_ChrX,36900000,37900000,0.000065
lupuloides_ChrX,37000000,38000000,0.000065
lupuloides_ChrX,37100000,38100000,0.000065
lupuloides_ChrX,37200000,38200000,0.000065
lupuloides_ChrX,37300000,38300000,0.000021
lupuloides_ChrX,37400000,38400000,0
lupuloides_ChrX,37500000,38500000,0
lupuloides_ChrX,37600000,38600000,0
lupuloides_ChrX,37700000,38700000,0
lupuloides_ChrX,37800000,38800000,0
lupuloides_ChrX,37900000,38900000,0
lupuloides_ChrX,38000000,39000000,0
lupuloides_ChrX,38100000,39100000,0
lupuloides_ChrX,38200000,39200000,0
lupuloides_ChrX,38300000,39300000,0
lupuloides_ChrX,38400000,39400000,0.000021
lupuloides_ChrX,38500000,39500000,0.000021
lupuloides_ChrX,38600000,39600000,0.000021
lupuloides_ChrX,38700000,39700000,0.000021
lupuloides_ChrX,38800000,39800000,0.000021
lupuloides_ChrX,38900000,39900000,0.000021
lupuloides_ChrX,39000000,40000000,0.000021
lupuloides_ChrX,39100000,40100000,0.000021
lupuloides_ChrX,39200000,40200000,0.000021
lupuloides_ChrX,39300000,40300000,0.000021
lupuloides_ChrX,39400000,40400000,0
lupuloides_ChrX,39500000,40500000,0
lupuloides_ChrX,39600000,40600000,0
lupuloides_ChrX,39700000,40700000,0
lupuloides_ChrX,39800000,40800000,0
lupuloides_ChrX,39900000,40900000,0
lupuloides_ChrX,40000000,41000000,0
lupuloides_ChrX,40100000,41100000,0
lupuloides_ChrX,40200000,41200000,0
lupuloides_ChrX,40300000,41300000,0
lupuloides_ChrX,40400000,41400000,0
lupuloides_ChrX,40500000,41500000,0
lupuloides_ChrX,40600000,41600000,0
lupuloides_ChrX,40700000,41700000,0
lupuloides_ChrX,40800000,41800000,0
lupuloides_ChrX,40900000,41900000,0
lupuloides_ChrX,41000000,42000000,0
lupuloides_ChrX,41100000,42100000,0
lupuloides_ChrX,41200000,42200000,0
lupuloides_ChrX,41300000,42300000,0
lupuloides_ChrX,41400000,42400000,0
lupuloides_ChrX,41500000,42500000,0
lupuloides_ChrX,41600000,42600000,0
lupuloides_ChrX,41700000,42700000,0.000021
lupuloides_ChrX,41800000,42800000,0.000021
lupuloides_ChrX,41900000,42900000,0.000021
lupuloides_ChrX,42000000,43000000,0.000043
lupuloides_ChrX,42100000,43100000,0.000043
lupuloides_ChrX,42200000,43200000,0.000043
lupuloides_ChrX,42300000,43300000,0.000064
lupuloides_ChrX,42400000,43400000,0.000064
lupuloides_ChrX,42500000,43500000,0.002078
lupuloides_ChrX,42600000,43600000,0.002078
lupuloides_ChrX,42700000,43700000,0.002057
lupuloides_ChrX,42800000,43800000,0.002057
lupuloides_ChrX,42900000,43900000,0.002057
lupuloides_ChrX,43000000,44000000,0.002035
lupuloides_ChrX,43100000,44100000,0.002035
lupuloides_ChrX,43200000,44200000,0.002035
lupuloides_ChrX,43300000,44300000,0.002014
lupuloides_ChrX,43400000,44400000,0.002014
lupuloides_ChrX,43500000,44500000,0
lupuloides_ChrX,43600000,44600000,0
lupuloides_ChrX,43700000,44700000,0
lupuloides_ChrX,43800000,44800000,0
lupuloides_ChrX,43900000,44900000,0
lupuloides_ChrX,44000000,45000000,0.000021
lupuloides_ChrX,44100000,45100000,0.000021
lupuloides_ChrX,44200000,45200000,0.000021
lupuloides_ChrX,44300000,45300000,0.000021
lupuloides_ChrX,44400000,45400000,0.000021
lupuloides_ChrX,44500000,45500000,0.000021
lupuloides_ChrX,44600000,45600000,0.000021
lupuloides_ChrX,44700000,45700000,0.000021
lupuloides_ChrX,44800000,45800000,0.000021
lupuloides_ChrX,44900000,45900000,0.000021
lupuloides_ChrX,45000000,46000000,0
lupuloides_ChrX,45100000,46100000,0.000025
lupuloides_ChrX,45200000,46200000,0.000025
lupuloides_ChrX,45300000,46300000,0.000025
lupuloides_ChrX,45400000,46400000,0.000025
lupuloides_ChrX,45500000,46500000,0.000058
lupuloides_ChrX,45600000,46600000,0.000079
lupuloides_ChrX,45700000,46700000,0.000079
lupuloides_ChrX,45800000,46800000,0.000079
lupuloides_ChrX,45900000,46900000,0.000079
lupuloides_ChrX,46000000,47000000,0.000079
lupuloides_ChrX,46100000,47100000,0.000054
lupuloides_ChrX,46200000,47200000,0.000054
lupuloides_ChrX,46300000,47300000,0.000076
lupuloides_ChrX,46400000,47400000,0.000076
lupuloides_ChrX,46500000,47500000,0.000043
lupuloides_ChrX,46600000,47600000,0.000022
lupuloides_ChrX,46700000,47700000,0.000022
lupuloides_ChrX,46800000,47800000,0.000022
lupuloides_ChrX,46900000,47900000,0.000022
lupuloides_ChrX,47000000,48000000,0.000022
lupuloides_ChrX,47100000,48100000,0.000022
lupuloides_ChrX,47200000,48200000,0.000022
lupuloides_ChrX,47300000,48300000,0
lupuloides_ChrX,47400000,48400000,0
lupuloides_ChrX,47500000,48500000,0
lupuloides_ChrX,47600000,48600000,0
lupuloides_ChrX,47700000,48700000,0
lupuloides_ChrX,47800000,48800000,0
lupuloides_ChrX,47900000,48900000,0
lupuloides_ChrX,48000000,49000000,0
lupuloides_ChrX,48100000,49100000,0
lupuloides_ChrX,48200000,49200000,0
lupuloides_ChrX,48300000,49300000,0
lupuloides_ChrX,48400000,49400000,0
lupuloides_ChrX,48500000,49500000,0
lupuloides_ChrX,48600000,49600000,0
lupuloides_ChrX,48700000,49700000,0
lupuloides_ChrX,48800000,49800000,0
lupuloides_ChrX,48900000,49900000,0
lupuloides_ChrX,49000000,50000000,0
lupuloides_ChrX,49100000,50100000,0.000021
lupuloides_ChrX,49200000,50200000,0.000021
lupuloides_ChrX,49300000,50300000,0.000021
lupuloides_ChrX,49400000,50400000,0.000021
lupuloides_ChrX,49500000,50500000,0.000021
lupuloides_ChrX,49600000,50600000,0.000021
lupuloides_ChrX,49700000,50700000,0.000021
lupuloides_ChrX,49800000,50800000,0.000021
lupuloides_ChrX,49900000,50900000,0.000021
lupuloides_ChrX,50000000,51000000,0.000021
lupuloides_ChrX,50100000,51100000,0
lupuloides_ChrX,50200000,51200000,0
lupuloides_ChrX,50300000,51300000,0
lupuloides_ChrX,50400000,51400000,0
lupuloides_ChrX,50500000,51500000,0
lupuloides_ChrX,50600000,51600000,0
lupuloides_ChrX,50700000,51700000,0
lupuloides_ChrX,50800000,51800000,0
lupuloides_ChrX,50900000,51900000,0
lupuloides_ChrX,51000000,52000000,0
lupuloides_ChrX,51100000,52100000,0
lupuloides_ChrX,51200000,52200000,0
lupuloides_ChrX,51300000,52300000,0
lupuloides_ChrX,51400000,52400000,0
lupuloides_ChrX,51500000,52500000,0
lupuloides_ChrX,51600000,52600000,0
lupuloides_ChrX,51700000,52700000,0
lupuloides_ChrX,51800000,52800000,0
lupuloides_ChrX,51900000,52900000,0
lupuloides_ChrX,52000000,53000000,0
lupuloides_ChrX,52100000,53100000,0.000021
lupuloides_ChrX,52200000,53200000,0.000021
lupuloides_ChrX,52300000,53300000,0.000021
lupuloides_ChrX,52400000,53400000,0.000021
lupuloides_ChrX,52500000,53500000,0.000042
lupuloides_ChrX,52600000,53600000,0.000063
lupuloides_ChrX,52700000,53700000,0.000063
lupuloides_ChrX,52800000,53800000,0.000063
lupuloides_ChrX,52900000,53900000,0.000063
lupuloides_ChrX,53000000,54000000,0.000063
lupuloides_ChrX,53100000,54100000,0.000042
lupuloides_ChrX,53200000,54200000,0.000042
lupuloides_ChrX,53300000,54300000,0.000042
lupuloides_ChrX,53400000,54400000,0.000063
lupuloides_ChrX,53500000,54500000,0.000042
lupuloides_ChrX,53600000,54600000,0.000021
lupuloides_ChrX,53700000,54700000,0.000042
lupuloides_ChrX,53800000,54800000,0.000042
lupuloides_ChrX,53900000,54900000,0.000042
lupuloides_ChrX,54000000,55000000,0.000042
lupuloides_ChrX,54100000,55100000,0.000042
lupuloides_ChrX,54200000,55200000,0.000042
lupuloides_ChrX,54300000,55300000,0.000063
lupuloides_ChrX,54400000,55400000,0.000042
lupuloides_ChrX,54500000,55500000,0.000042
lupuloides_ChrX,54600000,55600000,0.000087
lupuloides_ChrX,54700000,55700000,0.000066
lupuloides_ChrX,54800000,55800000,0.000066
lupuloides_ChrX,54900000,55900000,0.000066
lupuloides_ChrX,55000000,56000000,0.000066
lupuloides_ChrX,55100000,56100000,0.000066
lupuloides_ChrX,55200000,56200000,0.000066
lupuloides_ChrX,55300000,56300000,0.000045
lupuloides_ChrX,55400000,56400000,0.000045
lupuloides_ChrX,55500000,56500000,0.000045
lupuloides_ChrX,55600000,56600000,0
lupuloides_ChrX,55700000,56700000,0
lupuloides_ChrX,55800000,56800000,0
lupuloides_ChrX,55900000,56900000,0
lupuloides_ChrX,56000000,57000000,0
lupuloides_ChrX,56100000,57100000,0
lupuloides_ChrX,56200000,57200000,0
lupuloides_ChrX,56300000,57300000,0
lupuloides_ChrX,56400000,57400000,0
lupuloides_ChrX,56500000,57500000,0
lupuloides_ChrX,56600000,57600000,0
lupuloides_ChrX,56700000,57700000,0
lupuloides_ChrX,56800000,57800000,0
lupuloides_ChrX,56900000,57900000,0
lupuloides_ChrX,57000000,58000000,0
lupuloides_ChrX,57100000,58100000,0.000021
lupuloides_ChrX,57200000,58200000,0.000021
lupuloides_ChrX,57300000,58300000,0.000021
lupuloides_ChrX,57400000,58400000,0.000042
lupuloides_ChrX,57500000,58500000,0.000042
lupuloides_ChrX,57600000,58600000,0.000042
lupuloides_ChrX,57700000,58700000,0.000042
lupuloides_ChrX,57800000,58800000,0.000042
lupuloides_ChrX,57900000,58900000,0.000042
lupuloides_ChrX,58000000,59000000,0.000042
lupuloides_ChrX,58100000,59100000,0.000042
lupuloides_ChrX,58200000,59200000,0.000042
lupuloides_ChrX,58300000,59300000,0.000042
lupuloides_ChrX,58400000,59400000,0.000021
lupuloides_ChrX,58500000,59500000,0.000021
lupuloides_ChrX,58600000,59600000,0.000021
lupuloides_ChrX,58700000,59700000,0.000021
lupuloides_ChrX,58800000,59800000,0.000021
lupuloides_ChrX,58900000,59900000,0.000021
lupuloides_ChrX,59000000,60000000,0.000021
lupuloides_ChrX,59100000,60100000,0
lupuloides_ChrX,59200000,60200000,0
lupuloides_ChrX,59300000,60300000,0
lupuloides_ChrX,59400000,60400000,0
lupuloides_ChrX,59500000,60500000,0.000023
lupuloides_ChrX,59600000,60600000,0.000023
lupuloides_ChrX,59700000,60700000,0.000023
lupuloides_ChrX,59800000,60800000,0.000023
lupuloides_ChrX,59900000,60900000,0.000023
lupuloides_ChrX,60000000,61000000,0.000023
lupuloides_ChrX,60100000,61100000,0.000023
lupuloides_ChrX,60200000,61200000,0.000023
lupuloides_ChrX,60300000,61300000,0.000023
lupuloides_ChrX,60400000,61400000,0.000023
lupuloides_ChrX,60500000,61500000,0
lupuloides_ChrX,60600000,61600000,0
lupuloides_ChrX,60700000,61700000,0
lupuloides_ChrX,60800000,61800000,0
lupuloides_ChrX,60900000,61900000,0
lupuloides_ChrX,61000000,62000000,0
lupuloides_ChrX,61100000,62100000,0
lupuloides_ChrX,61200000,62200000,0
lupuloides_ChrX,61300000,62300000,0.000022
lupuloides_ChrX,61400000,62400000,0.000022
lupuloides_ChrX,61500000,62500000,0.000022
lupuloides_ChrX,61600000,62600000,0.000022
lupuloides_ChrX,61700000,62700000,0.000022
lupuloides_ChrX,61800000,62800000,0.000022
lupuloides_ChrX,61900000,62900000,0.000022
lupuloides_ChrX,62000000,63000000,0.000022
lupuloides_ChrX,62100000,63100000,0.000022
lupuloides_ChrX,62200000,63200000,0.000022
lupuloides_ChrX,62300000,63300000,0
lupuloides_ChrX,62400000,63400000,0
lupuloides_ChrX,62500000,63500000,0
lupuloides_ChrX,62600000,63600000,0
lupuloides_ChrX,62700000,63700000,0
lupuloides_ChrX,62800000,63800000,0
lupuloides_ChrX,62900000,63900000,0
lupuloides_ChrX,63000000,64000000,0
lupuloides_ChrX,63100000,64100000,0
lupuloides_ChrX,63200000,64200000,0
lupuloides_ChrX,63300000,64300000,0
lupuloides_ChrX,63400000,64400000,0
lupuloides_ChrX,63500000,64500000,0
lupuloides_ChrX,63600000,64600000,0
lupuloides_ChrX,63700000,64700000,0
lupuloides_ChrX,63800000,64800000,0
lupuloides_ChrX,63900000,64900000,0
lupuloides_ChrX,64000000,65000000,0
lupuloides_ChrX,64100000,65100000,0.000046
lupuloides_ChrX,64200000,65200000,0.000067
lupuloides_ChrX,64300000,65300000,0.000067
lupuloides_ChrX,64400000,65400000,0.000067
lupuloides_ChrX,64500000,65500000,0.000096
lupuloides_ChrX,64600000,65600000,0.000096
lupuloides_ChrX,64700000,65700000,0.000096
lupuloides_ChrX,64800000,65800000,0.00012
lupuloides_ChrX,64900000,65900000,0.000164
lupuloides_ChrX,65000000,66000000,0.000164
lupuloides_ChrX,65100000,66100000,0.000118
lupuloides_ChrX,65200000,66200000,0.000097
lupuloides_ChrX,65300000,66300000,0.000097
lupuloides_ChrX,65400000,66400000,0.000097
lupuloides_ChrX,65500000,66500000,0.000068
lupuloides_ChrX,65600000,66600000,0.000068
lupuloides_ChrX,65700000,66700000,0.000068
lupuloides_ChrX,65800000,66800000,0.000044
lupuloides_ChrX,65900000,66900000,0
lupuloides_ChrX,66000000,67000000,0
lupuloides_ChrX,66100000,67100000,0
lupuloides_ChrX,66200000,67200000,0
lupuloides_ChrX,66300000,67300000,0
lupuloides_ChrX,66400000,67400000,0
lupuloides_ChrX,66500000,67500000,0
lupuloides_ChrX,66600000,67600000,0
lupuloides_ChrX,66700000,67700000,0
lupuloides_ChrX,66800000,67800000,0
lupuloides_ChrX,66900000,67900000,0
lupuloides_ChrX,67000000,68000000,0
lupuloides_ChrX,67100000,68100000,0
lupuloides_ChrX,67200000,68200000,0
lupuloides_ChrX,67300000,68300000,0
lupuloides_ChrX,67400000,68400000,0.000021
lupuloides_ChrX,67500000,68500000,0.000021
lupuloides_ChrX,67600000,68600000,0.000021
lupuloides_ChrX,67700000,68700000,0.000021
lupuloides_ChrX,67800000,68800000,0.000021
lupuloides_ChrX,67900000,68900000,0.000021
lupuloides_ChrX,68000000,69000000,0.000021
lupuloides_ChrX,68100000,69100000,0.000021
lupuloides_ChrX,68200000,69200000,0.000021
lupuloides_ChrX,68300000,69300000,0.000021
lupuloides_ChrX,68400000,69400000,0
lupuloides_ChrX,68500000,69500000,0
lupuloides_ChrX,68600000,69600000,0
lupuloides_ChrX,68700000,69700000,0
lupuloides_ChrX,68800000,69800000,0
lupuloides_ChrX,68900000,69900000,0
lupuloides_ChrX,69000000,70000000,0.000021
lupuloides_ChrX,69100000,70100000,0.000021
lupuloides_ChrX,69200000,70200000,0.000021
lupuloides_ChrX,69300000,70300000,0.000021
lupuloides_ChrX,69400000,70400000,0.000021
lupuloides_ChrX,69500000,70500000,0.000021
lupuloides_ChrX,69600000,70600000,0.000021
lupuloides_ChrX,69700000,70700000,0.000021
lupuloides_ChrX,69800000,70800000,0.000021
lupuloides_ChrX,69900000,70900000,0.000021
lupuloides_ChrX,70000000,71000000,0
lupuloides_ChrX,70100000,71100000,0
lupuloides_ChrX,70200000,71200000,0
lupuloides_ChrX,70300000,71300000,0
lupuloides_ChrX,70400000,71400000,0
lupuloides_ChrX,70500000,71500000,0
lupuloides_ChrX,70600000,71600000,0
lupuloides_ChrX,70700000,71700000,0
lupuloides_ChrX,70800000,71800000,0
lupuloides_ChrX,70900000,71900000,0
lupuloides_ChrX,71000000,72000000,0
lupuloides_ChrX,71100000,72100000,0
lupuloides_ChrX,71200000,72200000,0
lupuloides_ChrX,71300000,72300000,0
lupuloides_ChrX,71400000,72400000,0
lupuloides_ChrX,71500000,72500000,0
lupuloides_ChrX,71600000,72600000,0
lupuloides_ChrX,71700000,72700000,0
lupuloides_ChrX,71800000,72800000,0
lupuloides_ChrX,71900000,72900000,0
lupuloides_ChrX,72000000,73000000,0
lupuloides_ChrX,72100000,73100000,0
lupuloides_ChrX,72200000,73200000,0
lupuloides_ChrX,72300000,73300000,0
lupuloides_ChrX,72400000,73400000,0
lupuloides_ChrX,72500000,73500000,0
lupuloides_ChrX,72600000,73600000,0
lupuloides_ChrX,72700000,73700000,0
lupuloides_ChrX,72800000,73800000,0
lupuloides_ChrX,72900000,73900000,0
lupuloides_ChrX,73000000,74000000,0
lupuloides_ChrX,73100000,74100000,0
lupuloides_ChrX,73200000,74200000,0
lupuloides_ChrX,73300000,74300000,0
lupuloides_ChrX,73400000,74400000,0
lupuloides_ChrX,73500000,74500000,0
lupuloides_ChrX,73600000,74600000,0
lupuloides_ChrX,73700000,74700000,0
lupuloides_ChrX,73800000,74800000,0
lupuloides_ChrX,73900000,74900000,0
lupuloides_ChrX,74000000,75000000,0
lupuloides_ChrX,74100000,75100000,0
lupuloides_ChrX,74200000,75200000,0
lupuloides_ChrX,74300000,75300000,0
lupuloides_ChrX,74400000,75400000,0
lupuloides_ChrX,74500000,75500000,0
lupuloides_ChrX,74600000,75600000,0
lupuloides_ChrX,74700000,75700000,0
lupuloides_ChrX,74800000,75800000,0
lupuloides_ChrX,74900000,75900000,0
lupuloides_ChrX,75000000,76000000,0
lupuloides_ChrX,75100000,76100000,0
lupuloides_ChrX,75200000,76200000,0
lupuloides_ChrX,75300000,76300000,0
lupuloides_ChrX,75400000,76400000,0
lupuloides_ChrX,75500000,76500000,0
lupuloides_ChrX,75600000,76600000,0
lupuloides_ChrX,75700000,76700000,0
lupuloides_ChrX,75800000,76800000,0
lupuloides_ChrX,75900000,76900000,0
lupuloides_ChrX,76000000,77000000,0
lupuloides_ChrX,76100000,77100000,0
lupuloides_ChrX,76200000,77200000,0
lupuloides_ChrX,76300000,77300000,0
lupuloides_ChrX,76400000,77400000,0
lupuloides_ChrX,76500000,77500000,0
lupuloides_ChrX,76600000,77600000,0
lupuloides_ChrX,76700000,77700000,0
lupuloides_ChrX,76800000,77800000,0
lupuloides_ChrX,76900000,77900000,0
lupuloides_ChrX,77000000,78000000,0
lupuloides_ChrX,77100000,78100000,0
lupuloides_ChrX,77200000,78200000,0
lupuloides_ChrX,77300000,78300000,0
lupuloides_ChrX,77400000,78400000,0.000022
lupuloides_ChrX,77500000,78500000,0.000022
lupuloides_ChrX,77600000,78600000,0.000022
lupuloides_ChrX,77700000,78700000,0.000022
lupuloides_ChrX,77800000,78800000,0.000022
lupuloides_ChrX,77900000,78900000,0.000022
lupuloides_ChrX,78000000,79000000,0.000022
lupuloides_ChrX,78100000,79100000,0.000022
lupuloides_ChrX,78200000,79200000,0.000022
lupuloides_ChrX,78300000,79300000,0.000022
lupuloides_ChrX,78400000,79400000,0
lupuloides_ChrX,78500000,79500000,0
lupuloides_ChrX,78600000,79600000,0
lupuloides_ChrX,78700000,79700000,0
lupuloides_ChrX,78800000,79800000,0
lupuloides_ChrX,78900000,79900000,0
lupuloides_ChrX,79000000,80000000,0
lupuloides_ChrX,79100000,80100000,0
lupuloides_ChrX,79200000,80200000,0
lupuloides_ChrX,79300000,80300000,0
lupuloides_ChrX,79400000,80400000,0
lupuloides_ChrX,79500000,80500000,0
lupuloides_ChrX,79600000,80600000,0
lupuloides_ChrX,79700000,80700000,0
lupuloides_ChrX,79800000,80800000,0
lupuloides_ChrX,79900000,80900000,0
lupuloides_ChrX,80000000,81000000,0
lupuloides_ChrX,80100000,81100000,0
lupuloides_ChrX,80200000,81200000,0
lupuloides_ChrX,80300000,81300000,0
lupuloides_ChrX,80400000,81400000,0
lupuloides_ChrX,80500000,81500000,0
lupuloides_ChrX,80600000,81600000,0
lupuloides_ChrX,80700000,81700000,0
lupuloides_ChrX,80800000,81800000,0
lupuloides_ChrX,80900000,81900000,0
lupuloides_ChrX,81000000,82000000,0.000021
lupuloides_ChrX,81100000,82100000,0.000021
lupuloides_ChrX,81200000,82200000,0.000021
lupuloides_ChrX,81300000,82300000,0.000021
lupuloides_ChrX,81400000,82400000,0.000021
lupuloides_ChrX,81500000,82500000,0.000021
lupuloides_ChrX,81600000,82600000,0.000021
lupuloides_ChrX,81700000,82700000,0.000021
lupuloides_ChrX,81800000,82800000,0.000021
lupuloides_ChrX,81900000,82900000,0.000021
lupuloides_ChrX,82000000,83000000,0
lupuloides_ChrX,82100000,83100000,0
lupuloides_ChrX,82200000,83200000,0
lupuloides_ChrX,82300000,83300000,0
lupuloides_ChrX,82400000,83400000,0
lupuloides_ChrX,82500000,83500000,0
lupuloides_ChrX,82600000,83600000,0
lupuloides_ChrX,82700000,83700000,0
lupuloides_ChrX,82800000,83800000,0
lupuloides_ChrX,82900000,83900000,0
lupuloides_ChrX,83000000,84000000,0
lupuloides_ChrX,83100000,84100000,0
lupuloides_ChrX,83200000,84200000,0
lupuloides_ChrX,83300000,84300000,0
lupuloides_ChrX,83400000,84400000,0
lupuloides_ChrX,83500000,84500000,0
lupuloides_ChrX,83600000,84600000,0
lupuloides_ChrX,83700000,84700000,0
lupuloides_ChrX,83800000,84800000,0
lupuloides_ChrX,83900000,84900000,0
lupuloides_ChrX,84000000,85000000,0
lupuloides_ChrX,84100000,85100000,0
lupuloides_ChrX,84200000,85200000,0
lupuloides_ChrX,84300000,85300000,0
lupuloides_ChrX,84400000,85400000,0
lupuloides_ChrX,84500000,85500000,0
lupuloides_ChrX,84600000,85600000,0
lupuloides_ChrX,84700000,85700000,0
lupuloides_ChrX,84800000,85800000,0
lupuloides_ChrX,84900000,85900000,0
lupuloides_ChrX,85000000,86000000,0
lupuloides_ChrX,85100000,86100000,0
lupuloides_ChrX,85200000,86200000,0
lupuloides_ChrX,85300000,86300000,0
lupuloides_ChrX,85400000,86400000,0
lupuloides_ChrX,85500000,86500000,0
lupuloides_ChrX,85600000,86600000,0
lupuloides_ChrX,85700000,86700000,0
lupuloides_ChrX,85800000,86800000,0
lupuloides_ChrX,85900000,86900000,0
lupuloides_ChrX,86000000,87000000,0
lupuloides_ChrX,86100000,87100000,0
lupuloides_ChrX,86200000,87200000,0
lupuloides_ChrX,86300000,87300000,0
lupuloides_ChrX,86400000,87400000,0
lupuloides_ChrX,86500000,87500000,0
lupuloides_ChrX,86600000,87600000,0
lupuloides_ChrX,86700000,87700000,0
lupuloides_ChrX,86800000,87800000,0
lupuloides_ChrX,86900000,87900000,0
lupuloides_ChrX,87000000,88000000,0.000021
lupuloides_ChrX,87100000,88100000,0.000021
lupuloides_ChrX,87200000,88200000,0.000021
lupuloides_ChrX,87300000,88300000,0.000021
lupuloides_ChrX,87400000,88400000,0.000021
lupuloides_ChrX,87500000,88500000,0.000021
lupuloides_ChrX,87600000,88600000,0.000021
lupuloides_ChrX,87700000,88700000,0.000021
lupuloides_ChrX,87800000,88800000,0.000021
lupuloides_ChrX,87900000,88900000,0.000021
lupuloides_ChrX,88000000,89000000,0
lupuloides_ChrX,88100000,89100000,0
lupuloides_ChrX,88200000,89200000,0
lupuloides_ChrX,88300000,89300000,0
lupuloides_ChrX,88400000,89400000,0.000021
lupuloides_ChrX,88500000,89500000,0.000021
lupuloides_ChrX,88600000,89600000,0.000048
lupuloides_ChrX,88700000,89700000,0.000048
lupuloides_ChrX,88800000,89800000,0.000048
lupuloides_ChrX,88900000,89900000,0.000048
lupuloides_ChrX,89000000,90000000,0.000048
lupuloides_ChrX,89100000,90100000,0.000048
lupuloides_ChrX,89200000,90200000,0.000048
lupuloides_ChrX,89300000,90300000,0.000048
lupuloides_ChrX,89400000,90400000,0.000027
lupuloides_ChrX,89500000,90500000,0.000027
lupuloides_ChrX,89600000,90600000,0
lupuloides_ChrX,89700000,90700000,0
lupuloides_ChrX,89800000,90800000,0
lupuloides_ChrX,89900000,90900000,0
lupuloides_ChrX,90000000,91000000,0
lupuloides_ChrX,90100000,91100000,0
lupuloides_ChrX,90200000,91200000,0
lupuloides_ChrX,90300000,91300000,0
lupuloides_ChrX,90400000,91400000,0
lupuloides_ChrX,90500000,91500000,0
lupuloides_ChrX,90600000,91600000,0
lupuloides_ChrX,90700000,91700000,0
lupuloides_ChrX,90800000,91800000,0
lupuloides_ChrX,90900000,91900000,0.000021
lupuloides_ChrX,91000000,92000000,0.000021
lupuloides_ChrX,91100000,92100000,0.000021
lupuloides_ChrX,91200000,92200000,0.000021
lupuloides_ChrX,91300000,92300000,0.000021
lupuloides_ChrX,91400000,92400000,0.000021
lupuloides_ChrX,91500000,92500000,0.000021
lupuloides_ChrX,91600000,92600000,0.000021
lupuloides_ChrX,91700000,92700000,0.000021
lupuloides_ChrX,91800000,92800000,0.000021
lupuloides_ChrX,91900000,92900000,0
lupuloides_ChrX,92000000,93000000,0
lupuloides_ChrX,92100000,93100000,0
lupuloides_ChrX,92200000,93200000,0
lupuloides_ChrX,92300000,93300000,0
lupuloides_ChrX,92400000,93400000,0
lupuloides_ChrX,92500000,93500000,0
lupuloides_ChrX,92600000,93600000,0
lupuloides_ChrX,92700000,93700000,0
lupuloides_ChrX,92800000,93800000,0
lupuloides_ChrX,92900000,93900000,0
lupuloides_ChrX,93000000,94000000,0
lupuloides_ChrX,93100000,94100000,0
lupuloides_ChrX,93200000,94200000,0
lupuloides_ChrX,93300000,94300000,0
lupuloides_ChrX,93400000,94400000,0
lupuloides_ChrX,93500000,94500000,0
lupuloides_ChrX,93600000,94600000,0
lupuloides_ChrX,93700000,94700000,0
lupuloides_ChrX,93800000,94800000,0
lupuloides_ChrX,93900000,94900000,0
lupuloides_ChrX,94000000,95000000,0
lupuloides_ChrX,94100000,95100000,0
lupuloides_ChrX,94200000,95200000,0
lupuloides_ChrX,94300000,95300000,0
lupuloides_ChrX,94400000,95400000,0
lupuloides_ChrX,94500000,95500000,0
lupuloides_ChrX,94600000,95600000,0
lupuloides_ChrX,94700000,95700000,0
lupuloides_ChrX,94800000,95800000,0
lupuloides_ChrX,94900000,95900000,0
lupuloides_ChrX,95000000,96000000,0
lupuloides_ChrX,95100000,96100000,0
lupuloides_ChrX,95200000,96200000,0
lupuloides_ChrX,95300000,96300000,0
lupuloides_ChrX,95400000,96400000,0
lupuloides_ChrX,95500000,96500000,0
lupuloides_ChrX,95600000,96600000,0
lupuloides_ChrX,95700000,96700000,0
lupuloides_ChrX,95800000,96800000,0
lupuloides_ChrX,95900000,96900000,0
lupuloides_ChrX,96000000,97000000,0
lupuloides_ChrX,96100000,97100000,0
lupuloides_ChrX,96200000,97200000,0
lupuloides_ChrX,96300000,97300000,0
lupuloides_ChrX,96400000,97400000,0
lupuloides_ChrX,96500000,97500000,0
lupuloides_ChrX,96600000,97600000,0
lupuloides_ChrX,96700000,97700000,0
lupuloides_ChrX,96800000,97800000,0
lupuloides_ChrX,96900000,97900000,0
lupuloides_ChrX,97000000,98000000,0
lupuloides_ChrX,97100000,98100000,0
lupuloides_ChrX,97200000,98200000,0
lupuloides_ChrX,97300000,98300000,0
lupuloides_ChrX,97400000,98400000,0
lupuloides_ChrX,97500000,98500000,0
lupuloides_ChrX,97600000,98600000,0
lupuloides_ChrX,97700000,98700000,0
lupuloides_ChrX,97800000,98800000,0
lupuloides_ChrX,97900000,98900000,0
lupuloides_ChrX,98000000,99000000,0
lupuloides_ChrX,98100000,99100000,0
lupuloides_ChrX,98200000,99200000,0
lupuloides_ChrX,98300000,99300000,0
lupuloides_ChrX,98400000,99400000,0
lupuloides_ChrX,98500000,99500000,0
lupuloides_ChrX,98600000,99600000,0
lupuloides_ChrX,98700000,99700000,0
lupuloides_ChrX,98800000,99800000,0
lupuloides_ChrX,98900000,99900000,0
lupuloides_ChrX,99000000,100000000,0
lupuloides_ChrX,99100000,100100000,0
lupuloides_ChrX,99200000,100200000,0
lupuloides_ChrX,99300000,100300000,0
lupuloides_ChrX,99400000,100400000,0
lupuloides_ChrX,99500000,100500000,0
lupuloides_ChrX,99600000,100600000,0
lupuloides_ChrX,99700000,100700000,0
lupuloides_ChrX,99800000,100800000,0
lupuloides_ChrX,99900000,100900000,0
lupuloides_ChrX,100000000,101000000,0
lupuloides_ChrX,100100000,101100000,0
lupuloides_ChrX,100200000,101200000,0
lupuloides_ChrX,100300000,101300000,0
lupuloides_ChrX,100400000,101400000,0
lupuloides_ChrX,100500000,101500000,0
lupuloides_ChrX,100600000,101600000,0
lupuloides_ChrX,100700000,101700000,0
lupuloides_ChrX,100800000,101800000,0
lupuloides_ChrX,100900000,101900000,0
lupuloides_ChrX,101000000,102000000,0
lupuloides_ChrX,101100000,102100000,0
lupuloides_ChrX,101200000,102200000,0
lupuloides_ChrX,101300000,102300000,0
lupuloides_ChrX,101400000,102400000,0
lupuloides_ChrX,101500000,102500000,0
lupuloides_ChrX,101600000,102600000,0
lupuloides_ChrX,101700000,102700000,0
lupuloides_ChrX,101800000,102800000,0
lupuloides_ChrX,101900000,102900000,0
lupuloides_ChrX,102000000,103000000,0
lupuloides_ChrX,102100000,103100000,0
lupuloides_ChrX,102200000,103200000,0
lupuloides_ChrX,102300000,103300000,0
lupuloides_ChrX,102400000,103400000,0
lupuloides_ChrX,102500000,103500000,0
lupuloides_ChrX,102600000,103600000,0
lupuloides_ChrX,102700000,103700000,0
lupuloides_ChrX,102800000,103800000,0
lupuloides_ChrX,102900000,103900000,0
lupuloides_ChrX,103000000,104000000,0
lupuloides_ChrX,103100000,104100000,0
lupuloides_ChrX,103200000,104200000,0
lupuloides_ChrX,103300000,104300000,0
lupuloides_ChrX,103400000,104400000,0
lupuloides_ChrX,103500000,104500000,0
lupuloides_ChrX,103600000,104600000,0
lupuloides_ChrX,103700000,104700000,0
lupuloides_ChrX,103800000,104800000,0
lupuloides_ChrX,103900000,104900000,0
lupuloides_ChrX,104000000,105000000,0
lupuloides_ChrX,104100000,105100000,0
lupuloides_ChrX,104200000,105200000,0
lupuloides_ChrX,104300000,105300000,0
lupuloides_ChrX,104400000,105400000,0
lupuloides_ChrX,104500000,105500000,0
lupuloides_ChrX,104600000,105600000,0
lupuloides_ChrX,104700000,105700000,0
lupuloides_ChrX,104800000,105800000,0
lupuloides_ChrX,104900000,105900000,0
lupuloides_ChrX,105000000,106000000,0
lupuloides_ChrX,105100000,106100000,0
lupuloides_ChrX,105200000,106200000,0
lupuloides_ChrX,105300000,106300000,0
lupuloides_ChrX,105400000,106400000,0
lupuloides_ChrX,105500000,106500000,0
lupuloides_ChrX,105600000,106600000,0
lupuloides_ChrX,105700000,106700000,0
lupuloides_ChrX,105800000,106800000,0
lupuloides_ChrX,105900000,106900000,0
lupuloides_ChrX,106000000,107000000,0
lupuloides_ChrX,106100000,107100000,0
lupuloides_ChrX,106200000,107200000,0
lupuloides_ChrX,106300000,107300000,0
lupuloides_ChrX,106400000,107400000,0
lupuloides_ChrX,106500000,107500000,0
lupuloides_ChrX,106600000,107600000,0
lupuloides_ChrX,106700000,107700000,0
lupuloides_ChrX,106800000,107800000,0
lupuloides_ChrX,106900000,107900000,0
lupuloides_ChrX,107000000,108000000,0
lupuloides_ChrX,107100000,108100000,0
lupuloides_ChrX,107200000,108200000,0
lupuloides_ChrX,107300000,108300000,0
lupuloides_ChrX,107400000,108400000,0
lupuloides_ChrX,107500000,108500000,0
lupuloides_ChrX,107600000,108600000,0
lupuloides_ChrX,107700000,108700000,0
lupuloides_ChrX,107800000,108800000,0
lupuloides_ChrX,107900000,108900000,0
lupuloides_ChrX,108000000,109000000,0
lupuloides_ChrX,108100000,109100000,0
lupuloides_ChrX,108200000,109200000,0
lupuloides_ChrX,108300000,109300000,0
lupuloides_ChrX,108400000,109400000,0
lupuloides_ChrX,108500000,109500000,0
lupuloides_ChrX,108600000,109600000,0
lupuloides_ChrX,108700000,109700000,0
lupuloides_ChrX,108800000,109800000,0
lupuloides_ChrX,108900000,109900000,0
lupuloides_ChrX,109000000,110000000,0
lupuloides_ChrX,109100000,110100000,0
lupuloides_ChrX,109200000,110200000,0
lupuloides_ChrX,109300000,110300000,0
lupuloides_ChrX,109400000,110400000,0
lupuloides_ChrX,109500000,110500000,0
lupuloides_ChrX,109600000,110600000,0
lupuloides_ChrX,109700000,110700000,0
lupuloides_ChrX,109800000,110800000,0
lupuloides_ChrX,109900000,110900000,0
lupuloides_ChrX,110000000,111000000,0
lupuloides_ChrX,110100000,111100000,0
lupuloides_ChrX,110200000,111200000,0
lupuloides_ChrX,110300000,111300000,0
lupuloides_ChrX,110400000,111400000,0
lupuloides_ChrX,110500000,111500000,0
lupuloides_ChrX,110600000,111600000,0
lupuloides_ChrX,110700000,111700000,0
lupuloides_ChrX,110800000,111800000,0
lupuloides_ChrX,110900000,111900000,0
lupuloides_ChrX,111000000,112000000,0
lupuloides_ChrX,111100000,112100000,0
lupuloides_ChrX,111200000,112200000,0
lupuloides_ChrX,111300000,112300000,0
lupuloides_ChrX,111400000,112400000,0
lupuloides_ChrX,111500000,112500000,0
lupuloides_ChrX,111600000,112600000,0
lupuloides_ChrX,111700000,112700000,0
lupuloides_ChrX,111800000,112800000,0
lupuloides_ChrX,111900000,112900000,0
lupuloides_ChrX,112000000,113000000,0
lupuloides_ChrX,112100000,113100000,0
lupuloides_ChrX,112200000,113200000,0
lupuloides_ChrX,112300000,113300000,0
lupuloides_ChrX,112400000,113400000,0
lupuloides_ChrX,112500000,113500000,0
lupuloides_ChrX,112600000,113600000,0
lupuloides_ChrX,112700000,113700000,0
lupuloides_ChrX,112800000,113800000,0
lupuloides_ChrX,112900000,113900000,0
lupuloides_ChrX,113000000,114000000,0
lupuloides_ChrX,113100000,114100000,0
lupuloides_ChrX,113200000,114200000,0
lupuloides_ChrX,113300000,114300000,0
lupuloides_ChrX,113400000,114400000,0
lupuloides_ChrX,113500000,114500000,0
lupuloides_ChrX,113600000,114600000,0
lupuloides_ChrX,113700000,114700000,0
lupuloides_ChrX,113800000,114800000,0
lupuloides_ChrX,113900000,114900000,0
lupuloides_ChrX,114000000,115000000,0
lupuloides_ChrX,114100000,115100000,0
lupuloides_ChrX,114200000,115200000,0
lupuloides_ChrX,114300000,115300000,0
lupuloides_ChrX,114400000,115400000,0
lupuloides_ChrX,114500000,115500000,0
lupuloides_ChrX,114600000,115600000,0
lupuloides_ChrX,114700000,115700000,0
lupuloides_ChrX,114800000,115800000,0
lupuloides_ChrX,114900000,115900000,0
lupuloides_ChrX,115000000,116000000,0.000022
lupuloides_ChrX,115100000,116100000,0.000022
lupuloides_ChrX,115200000,116200000,0.000022
lupuloides_ChrX,115300000,116300000,0.000022
lupuloides_ChrX,115400000,116400000,0.000022
lupuloides_ChrX,115500000,116500000,0.000022
lupuloides_ChrX,115600000,116600000,0.000022
lupuloides_ChrX,115700000,116700000,0.000022
lupuloides_ChrX,115800000,116800000,0.000022
lupuloides_ChrX,115900000,116900000,0.000022
lupuloides_ChrX,116000000,117000000,0
lupuloides_ChrX,116100000,117100000,0
lupuloides_ChrX,116200000,117200000,0
lupuloides_ChrX,116300000,117300000,0
lupuloides_ChrX,116400000,117400000,0
lupuloides_ChrX,116500000,117500000,0
lupuloides_ChrX,116600000,117600000,0
lupuloides_ChrX,116700000,117700000,0
lupuloides_ChrX,116800000,117800000,0
lupuloides_ChrX,116900000,117900000,0
lupuloides_ChrX,117000000,118000000,0
lupuloides_ChrX,117100000,118100000,0
lupuloides_ChrX,117200000,118200000,0
lupuloides_ChrX,117300000,118300000,0
lupuloides_ChrX,117400000,118400000,0
lupuloides_ChrX,117500000,118500000,0
lupuloides_ChrX,117600000,118600000,0
lupuloides_ChrX,117700000,118700000,0
lupuloides_ChrX,117800000,118800000,0
lupuloides_ChrX,117900000,118900000,0
lupuloides_ChrX,118000000,119000000,0
lupuloides_ChrX,118100000,119100000,0
lupuloides_ChrX,118200000,119200000,0
lupuloides_ChrX,118300000,119300000,0
lupuloides_ChrX,118400000,119400000,0
lupuloides_ChrX,118500000,119500000,0
lupuloides_ChrX,118600000,119600000,0
lupuloides_ChrX,118700000,119700000,0
lupuloides_ChrX,118800000,119800000,0
lupuloides_ChrX,118900000,119900000,0
lupuloides_ChrX,119000000,120000000,0
lupuloides_ChrX,119100000,120100000,0.000021
lupuloides_ChrX,119200000,120200000,0.000021
lupuloides_ChrX,119300000,120300000,0.000021
lupuloides_ChrX,119400000,120400000,0.000021
lupuloides_ChrX,119500000,120500000,0.000021
lupuloides_ChrX,119600000,120600000,0.000021
lupuloides_ChrX,119700000,120700000,0.000021
lupuloides_ChrX,119800000,120800000,0.000021
lupuloides_ChrX,119900000,120900000,0.000021
lupuloides_ChrX,120000000,121000000,0.000021
lupuloides_ChrX,120100000,121100000,0
lupuloides_ChrX,120200000,121200000,0
lupuloides_ChrX,120300000,121300000,0
lupuloides_ChrX,120400000,121400000,0
lupuloides_ChrX,120500000,121500000,0
lupuloides_ChrX,120600000,121600000,0
lupuloides_ChrX,120700000,121700000,0
lupuloides_ChrX,120800000,121800000,0
lupuloides_ChrX,120900000,121900000,0
lupuloides_ChrX,121000000,122000000,0
lupuloides_ChrX,121100000,122100000,0
lupuloides_ChrX,121200000,122200000,0
lupuloides_ChrX,121300000,122300000,0
lupuloides_ChrX,121400000,122400000,0
lupuloides_ChrX,121500000,122500000,0
lupuloides_ChrX,121600000,122600000,0
lupuloides_ChrX,121700000,122700000,0
lupuloides_ChrX,121800000,122800000,0
lupuloides_ChrX,121900000,122900000,0
lupuloides_ChrX,122000000,123000000,0
lupuloides_ChrX,122100000,123100000,0
lupuloides_ChrX,122200000,123200000,0
lupuloides_ChrX,122300000,123300000,0
lupuloides_ChrX,122400000,123400000,0
lupuloides_ChrX,122500000,123500000,0
lupuloides_ChrX,122600000,123600000,0
lupuloides_ChrX,122700000,123700000,0
lupuloides_ChrX,122800000,123800000,0
lupuloides_ChrX,122900000,123900000,0
lupuloides_ChrX,123000000,124000000,0
lupuloides_ChrX,123100000,124100000,0
lupuloides_ChrX,123200000,124200000,0
lupuloides_ChrX,123300000,124300000,0
lupuloides_ChrX,123400000,124400000,0
lupuloides_ChrX,123500000,124500000,0
lupuloides_ChrX,123600000,124600000,0
lupuloides_ChrX,123700000,124700000,0
lupuloides_ChrX,123800000,124800000,0
lupuloides_ChrX,123900000,124900000,0
lupuloides_ChrX,124000000,125000000,0
lupuloides_ChrX,124100000,125100000,0
lupuloides_ChrX,124200000,125200000,0
lupuloides_ChrX,124300000,125300000,0
lupuloides_ChrX,124400000,125400000,0
lupuloides_ChrX,124500000,125500000,0
lupuloides_ChrX,124600000,125600000,0
lupuloides_ChrX,124700000,125700000,0
lupuloides_ChrX,124800000,125800000,0
lupuloides_ChrX,124900000,125900000,0
lupuloides_ChrX,125000000,126000000,0
lupuloides_ChrX,125100000,126100000,0
lupuloides_ChrX,125200000,126200000,0
lupuloides_ChrX,125300000,126300000,0
lupuloides_ChrX,125400000,126400000,0
lupuloides_ChrX,125500000,126500000,0
lupuloides_ChrX,125600000,126600000,0
lupuloides_ChrX,125700000,126700000,0
lupuloides_ChrX,125800000,126800000,0
lupuloides_ChrX,125900000,126900000,0
lupuloides_ChrX,126000000,127000000,0
lupuloides_ChrX,126100000,127100000,0
lupuloides_ChrX,126200000,127200000,0
lupuloides_ChrX,126300000,127300000,0
lupuloides_ChrX,126400000,127400000,0
lupuloides_ChrX,126500000,127500000,0
lupuloides_ChrX,126600000,127600000,0
lupuloides_ChrX,126700000,127700000,0
lupuloides_ChrX,126800000,127800000,0
lupuloides_ChrX,126900000,127900000,0
lupuloides_ChrX,127000000,128000000,0
lupuloides_ChrX,127100000,128100000,0
lupuloides_ChrX,127200000,128200000,0
lupuloides_ChrX,127300000,128300000,0
lupuloides_ChrX,127400000,128400000,0
lupuloides_ChrX,127500000,128500000,0
lupuloides_ChrX,127600000,128600000,0
lupuloides_ChrX,127700000,128700000,0
lupuloides_ChrX,127800000,128800000,0
lupuloides_ChrX,127900000,128900000,0
lupuloides_ChrX,128000000,129000000,0
lupuloides_ChrX,128100000,129100000,0
lupuloides_ChrX,128200000,129200000,0
lupuloides_ChrX,128300000,129300000,0
lupuloides_ChrX,128400000,129400000,0
lupuloides_ChrX,128500000,129500000,0
lupuloides_ChrX,128600000,129600000,0
lupuloides_ChrX,128700000,129700000,0
lupuloides_ChrX,128800000,129800000,0
lupuloides_ChrX,128900000,129900000,0
lupuloides_ChrX,129000000,130000000,0
lupuloides_ChrX,129100000,130100000,0
lupuloides_ChrX,129200000,130200000,0
lupuloides_ChrX,129300000,130300000,0
lupuloides_ChrX,129400000,130400000,0
lupuloides_ChrX,129500000,130500000,0
lupuloides_ChrX,129600000,130600000,0
lupuloides_ChrX,129700000,130700000,0
lupuloides_ChrX,129800000,130800000,0
lupuloides_ChrX,129900000,130900000,0
lupuloides_ChrX,130000000,131000000,0
lupuloides_ChrX,130100000,131100000,0
lupuloides_ChrX,130200000,131200000,0
lupuloides_ChrX,130300000,131300000,0
lupuloides_ChrX,130400000,131400000,0
lupuloides_ChrX,130500000,131500000,0
lupuloides_ChrX,130600000,131600000,0
lupuloides_ChrX,130700000,131700000,0
lupuloides_ChrX,130800000,131800000,0
lupuloides_ChrX,130900000,131900000,0
lupuloides_ChrX,131000000,132000000,0
lupuloides_ChrX,131100000,132100000,0
lupuloides_ChrX,131200000,132200000,0
lupuloides_ChrX,131300000,132300000,0
lupuloides_ChrX,131400000,132400000,0
lupuloides_ChrX,131500000,132500000,0
lupuloides_ChrX,131600000,132600000,0
lupuloides_ChrX,131700000,132700000,0
lupuloides_ChrX,131800000,132800000,0
lupuloides_ChrX,131900000,132900000,0
lupuloides_ChrX,132000000,133000000,0
lupuloides_ChrX,132100000,133100000,0
lupuloides_ChrX,132200000,133200000,0
lupuloides_ChrX,132300000,133300000,0
lupuloides_ChrX,132400000,133400000,0
lupuloides_ChrX,132500000,133500000,0
lupuloides_ChrX,132600000,133600000,0.000047
lupuloides_ChrX,132700000,133700000,0.000047
lupuloides_ChrX,132800000,133800000,0.000069
lupuloides_ChrX,132900000,133900000,0.000069
lupuloides_ChrX,133000000,134000000,0.000069
lupuloides_ChrX,133100000,134100000,0.000069
lupuloides_ChrX,133200000,134200000,0.000069
lupuloides_ChrX,133300000,134300000,0.000069
lupuloides_ChrX,133400000,134400000,0.000069
lupuloides_ChrX,133500000,134500000,0.000096
lupuloides_ChrX,133600000,134600000,0.000049
lupuloides_ChrX,133700000,134700000,0.000049
lupuloides_ChrX,133800000,134800000,0.000027
lupuloides_ChrX,133900000,134900000,0.000027
lupuloides_ChrX,134000000,135000000,0.000027
lupuloides_ChrX,134100000,135100000,0.000027
lupuloides_ChrX,134200000,135200000,0.000027
lupuloides_ChrX,134300000,135300000,0.000027
lupuloides_ChrX,134400000,135400000,0.000027
lupuloides_ChrX,134500000,135500000,0
lupuloides_ChrX,134600000,135600000,0
lupuloides_ChrX,134700000,135700000,0
lupuloides_ChrX,134800000,135800000,0
lupuloides_ChrX,134900000,135900000,0
lupuloides_ChrX,135000000,136000000,0
lupuloides_ChrX,135100000,136100000,0
lupuloides_ChrX,135200000,136200000,0
lupuloides_ChrX,135300000,136300000,0
lupuloides_ChrX,135400000,136400000,0
lupuloides_ChrX,135500000,136500000,0
lupuloides_ChrX,135600000,136600000,0
lupuloides_ChrX,135700000,136700000,0
lupuloides_ChrX,135800000,136800000,0
lupuloides_ChrX,135900000,136900000,0
lupuloides_ChrX,136000000,137000000,0
lupuloides_ChrX,136100000,137100000,0
lupuloides_ChrX,136200000,137200000,0
lupuloides_ChrX,136300000,137300000,0
lupuloides_ChrX,136400000,137400000,0
lupuloides_ChrX,136500000,137500000,0
lupuloides_ChrX,136600000,137600000,0
lupuloides_ChrX,136700000,137700000,0.000045
lupuloides_ChrX,136800000,137800000,0.000045
lupuloides_ChrX,136900000,137900000,0.000045
lupuloides_ChrX,137000000,138000000,0.000045
lupuloides_ChrX,137100000,138100000,0.000045
lupuloides_ChrX,137200000,138200000,0.000045
lupuloides_ChrX,137300000,138300000,0.000045
lupuloides_ChrX,137400000,138400000,0.000045
lupuloides_ChrX,137500000,138500000,0.000069
lupuloides_ChrX,137600000,138600000,0.000069
lupuloides_ChrX,137700000,138700000,0.000024
lupuloides_ChrX,137800000,138800000,0.000024
lupuloides_ChrX,137900000,138900000,0.000045
lupuloides_ChrX,138000000,139000000,0.000045
lupuloides_ChrX,138100000,139100000,0.000068
lupuloides_ChrX,138200000,139200000,0.000068
lupuloides_ChrX,138300000,139300000,0.000068
lupuloides_ChrX,138400000,139400000,0.00009
lupuloides_ChrX,138500000,139500000,0.000066
lupuloides_ChrX,138600000,139600000,0.000087
lupuloides_ChrX,138700000,139700000,0.000087
lupuloides_ChrX,138800000,139800000,0.000133
lupuloides_ChrX,138900000,139900000,0.000112
lupuloides_ChrX,139000000,140000000,0.000112
lupuloides_ChrX,139100000,140100000,0.000089
lupuloides_ChrX,139200000,140200000,0.000089
lupuloides_ChrX,139300000,140300000,0.000089
lupuloides_ChrX,139400000,140400000,0.000067
lupuloides_ChrX,139500000,140500000,0.000067
lupuloides_ChrX,139600000,140600000,0.000046
lupuloides_ChrX,139700000,140700000,0.000046
lupuloides_ChrX,139800000,140800000,0.000021
lupuloides_ChrX,139900000,140900000,0.000021
lupuloides_ChrX,140000000,141000000,0.000021
lupuloides_ChrX,140100000,141100000,0.000021
lupuloides_ChrX,140200000,141200000,0.000021
lupuloides_ChrX,140300000,141300000,0.000021
lupuloides_ChrX,140400000,141400000,0.000112
lupuloides_ChrX,140500000,141500000,0.00014
lupuloides_ChrX,140600000,141600000,0.00014
lupuloides_ChrX,140700000,141700000,0.00014
lupuloides_ChrX,140800000,141800000,0.000119
lupuloides_ChrX,140900000,141900000,0.000119
lupuloides_ChrX,141000000,142000000,0.000119
lupuloides_ChrX,141100000,142100000,0.000119
lupuloides_ChrX,141200000,142200000,0.000119
lupuloides_ChrX,141300000,142300000,0.000119
lupuloides_ChrX,141400000,142400000,0.000028
lupuloides_ChrX,141500000,142500000,0
lupuloides_ChrX,141600000,142600000,0
lupuloides_ChrX,141700000,142700000,0
lupuloides_ChrX,141800000,142800000,0
lupuloides_ChrX,141900000,142900000,0
lupuloides_ChrX,142000000,143000000,0.000021
lupuloides_ChrX,142100000,143100000,0.000021
lupuloides_ChrX,142200000,143200000,0.000021
lupuloides_ChrX,142300000,143300000,0.000021
lupuloides_ChrX,142400000,143400000,0.000021
lupuloides_ChrX,142500000,143500000,0.000021
lupuloides_ChrX,142600000,143600000,0.000042
lupuloides_ChrX,142700000,143700000,0.000042
lupuloides_ChrX,142800000,143800000,0.000042
lupuloides_ChrX,142900000,143900000,0.000042
lupuloides_ChrX,143000000,144000000,0.000021
lupuloides_ChrX,143100000,144100000,0.000021
lupuloides_ChrX,143200000,144200000,0.000021
lupuloides_ChrX,143300000,144300000,0.000021
lupuloides_ChrX,143400000,144400000,0.000021
lupuloides_ChrX,143500000,144500000,0.000021
lupuloides_ChrX,143600000,144600000,0.000023
lupuloides_ChrX,143700000,144700000,0.000023
lupuloides_ChrX,143800000,144800000,0.000023
lupuloides_ChrX,143900000,144900000,0.000023
lupuloides_ChrX,144000000,145000000,0.000023
lupuloides_ChrX,144100000,145100000,0.000046
lupuloides_ChrX,144200000,145200000,0.000046
lupuloides_ChrX,144300000,145300000,0.000068
lupuloides_ChrX,144400000,145400000,0.000068
lupuloides_ChrX,144500000,145500000,0.000089
lupuloides_ChrX,144600000,145600000,0.000066
lupuloides_ChrX,144700000,145700000,0.000066
lupuloides_ChrX,144800000,145800000,0.000066
lupuloides_ChrX,144900000,145900000,0.000066
lupuloides_ChrX,145000000,146000000,0.000066
lupuloides_ChrX,145100000,146100000,0.000043
lupuloides_ChrX,145200000,146200000,0.000064
lupuloides_ChrX,145300000,146300000,0.000042
lupuloides_ChrX,145400000,146400000,0.000042
lupuloides_ChrX,145500000,146500000,0.000021
lupuloides_ChrX,145600000,146600000,0.000021
lupuloides_ChrX,145700000,146700000,0.000021
lupuloides_ChrX,145800000,146800000,0.000021
lupuloides_ChrX,145900000,146900000,0.000021
lupuloides_ChrX,146000000,147000000,0.000021
lupuloides_ChrX,146100000,147100000,0.000021
lupuloides_ChrX,146200000,147200000,0
lupuloides_ChrX,146300000,147300000,0
lupuloides_ChrX,146400000,147400000,0
lupuloides_ChrX,146500000,147500000,0
lupuloides_ChrX,146600000,147600000,0
lupuloides_ChrX,146700000,147700000,0
lupuloides_ChrX,146800000,147800000,0.000024
lupuloides_ChrX,146900000,147900000,0.000024
lupuloides_ChrX,147000000,148000000,0.000052
lupuloides_ChrX,147100000,148100000,0.000052
lupuloides_ChrX,147200000,148200000,0.000052
lupuloides_ChrX,147300000,148300000,0.00012
lupuloides_ChrX,147400000,148400000,0.00012
lupuloides_ChrX,147500000,148500000,0.00012
lupuloides_ChrX,147600000,148600000,0.00012
lupuloides_ChrX,147700000,148700000,0.00012
lupuloides_ChrX,147800000,148800000,0.000096
lupuloides_ChrX,147900000,148900000,0.000117
lupuloides_ChrX,148000000,149000000,0.000089
lupuloides_ChrX,148100000,149100000,0.000089
lupuloides_ChrX,148200000,149200000,0.000089
lupuloides_ChrX,148300000,149300000,0.000021
lupuloides_ChrX,148400000,149400000,0.000021
lupuloides_ChrX,148500000,149500000,0.000021
lupuloides_ChrX,148600000,149600000,0.000042
lupuloides_ChrX,148700000,149700000,0.000063
lupuloides_ChrX,148800000,149800000,0.000138
lupuloides_ChrX,148900000,149900000,0.000117
lupuloides_ChrX,149000000,150000000,0.000139
lupuloides_ChrX,149100000,150100000,0.000139
lupuloides_ChrX,149200000,150200000,0.000139
lupuloides_ChrX,149300000,150300000,0.000139
lupuloides_ChrX,149400000,150400000,0.000139
lupuloides_ChrX,149500000,150500000,0.000139
lupuloides_ChrX,149600000,150600000,0.000118
lupuloides_ChrX,149700000,150700000,0.000097
lupuloides_ChrX,149800000,150800000,0.000022
lupuloides_ChrX,149900000,150900000,0.000044
lupuloides_ChrX,150000000,151000000,0.000045
lupuloides_ChrX,150100000,151100000,0.000045
lupuloides_ChrX,150200000,151200000,0.000045
lupuloides_ChrX,150300000,151300000,0.000045
lupuloides_ChrX,150400000,151400000,0.000045
lupuloides_ChrX,150500000,151500000,0.000045
lupuloides_ChrX,150600000,151600000,0.000045
lupuloides_ChrX,150700000,151700000,0.000045
lupuloides_ChrX,150800000,151800000,0.000045
lupuloides_ChrX,150900000,151900000,0.000023
lupuloides_ChrX,151000000,152000000,0
lupuloides_ChrX,151100000,152100000,0
lupuloides_ChrX,151200000,152200000,0
lupuloides_ChrX,151300000,152300000,0
lupuloides_ChrX,151400000,152400000,0
lupuloides_ChrX,151500000,152500000,0
lupuloides_ChrX,151600000,152600000,0
lupuloides_ChrX,151700000,152700000,0.000048
lupuloides_ChrX,151800000,152800000,0.000048
lupuloides_ChrX,151900000,152900000,0.000048
lupuloides_ChrX,152000000,153000000,0.000048
lupuloides_ChrX,152100000,153100000,0.000048
lupuloides_ChrX,152200000,153200000,0.000048
lupuloides_ChrX,152300000,153300000,0.000048
lupuloides_ChrX,152400000,153400000,0.000048
lupuloides_ChrX,152500000,153500000,0.000103
lupuloides_ChrX,152600000,153600000,0.000103
lupuloides_ChrX,152700000,153700000,0.000055
lupuloides_ChrX,152800000,153800000,0.000055
lupuloides_ChrX,152900000,153900000,0.000055
lupuloides_ChrX,153000000,154000000,0.000055
lupuloides_ChrX,153100000,154100000,0.000055
lupuloides_ChrX,153200000,154200000,0.000055
lupuloides_ChrX,153300000,154300000,0.000055
lupuloides_ChrX,153400000,154400000,0.000099
lupuloides_ChrX,153500000,154500000,0.000044
lupuloides_ChrX,153600000,154600000,0.000066
lupuloides_ChrX,153700000,154700000,0.000066
lupuloides_ChrX,153800000,154800000,0.000066
lupuloides_ChrX,153900000,154900000,0.000066
lupuloides_ChrX,154000000,155000000,0.000066
lupuloides_ChrX,154100000,155100000,0.000066
lupuloides_ChrX,154200000,155200000,0.000066
lupuloides_ChrX,154300000,155300000,0.000066
lupuloides_ChrX,154400000,155400000,0.000022
lupuloides_ChrX,154500000,155500000,0.000022
lupuloides_ChrX,154600000,155600000,0.000021
lupuloides_ChrX,154700000,155700000,0.000021
lupuloides_ChrX,154800000,155800000,0.000021
lupuloides_ChrX,154900000,155900000,0.000049
lupuloides_ChrX,155000000,156000000,0.000049
lupuloides_ChrX,155100000,156100000,0.000049
lupuloides_ChrX,155200000,156200000,0.000049
lupuloides_ChrX,155300000,156300000,0.000049
lupuloides_ChrX,155400000,156400000,0.000049
lupuloides_ChrX,155500000,156500000,0.000049
lupuloides_ChrX,155600000,156600000,0.000028
lupuloides_ChrX,155700000,156700000,0.000028
lupuloides_ChrX,155800000,156800000,0.000028
lupuloides_ChrX,155900000,156900000,0
lupuloides_ChrX,156000000,157000000,0
lupuloides_ChrX,156100000,157100000,0
lupuloides_ChrX,156200000,157200000,0
lupuloides_ChrX,156300000,157300000,0
lupuloides_ChrX,156400000,157400000,0
lupuloides_ChrX,156500000,157500000,0
lupuloides_ChrX,156600000,157600000,0
lupuloides_ChrX,156700000,157700000,0
lupuloides_ChrX,156800000,157800000,0
lupuloides_ChrX,156900000,157900000,0
lupuloides_ChrX,157000000,158000000,0
lupuloides_ChrX,157100000,158100000,0
lupuloides_ChrX,157200000,158200000,0
lupuloides_ChrX,157300000,158300000,0
lupuloides_ChrX,157400000,158400000,0
lupuloides_ChrX,157500000,158500000,0
lupuloides_ChrX,157600000,158600000,0.000021
lupuloides_ChrX,157700000,158700000,0.000021
lupuloides_ChrX,157800000,158800000,0.000021
lupuloides_ChrX,157900000,158900000,0.000021
lupuloides_ChrX,158000000,159000000,0.000021
lupuloides_ChrX,158100000,159100000,0.000021
lupuloides_ChrX,158200000,159200000,0.000042
lupuloides_ChrX,158300000,159300000,0.000042
lupuloides_ChrX,158400000,159400000,0.000042
lupuloides_ChrX,158500000,159500000,0.000042
lupuloides_ChrX,158600000,159600000,0.000021
lupuloides_ChrX,158700000,159700000,0.000021
lupuloides_ChrX,158800000,159800000,0.000021
lupuloides_ChrX,158900000,159900000,0.000021
lupuloides_ChrX,159000000,160000000,0.000021
lupuloides_ChrX,159100000,160100000,0.000021
lupuloides_ChrX,159200000,160200000,0.000021
lupuloides_ChrX,159300000,160300000,0.000021
lupuloides_ChrX,159400000,160400000,0.000021
lupuloides_ChrX,159500000,160500000,0.000042
lupuloides_ChrX,159600000,160600000,0.000042
lupuloides_ChrX,159700000,160700000,0.000042
lupuloides_ChrX,159800000,160800000,0.000042
lupuloides_ChrX,159900000,160900000,0.000042
lupuloides_ChrX,160000000,161000000,0.000042
lupuloides_ChrX,160100000,161100000,0.000042
lupuloides_ChrX,160200000,161200000,0.000021
lupuloides_ChrX,160300000,161300000,0.000021
lupuloides_ChrX,160400000,161400000,0.000021
lupuloides_ChrX,160500000,161500000,0
lupuloides_ChrX,160600000,161600000,0
lupuloides_ChrX,160700000,161700000,0
lupuloides_ChrX,160800000,161800000,0
lupuloides_ChrX,160900000,161900000,0
lupuloides_ChrX,161000000,162000000,0
lupuloides_ChrX,161100000,162100000,0
lupuloides_ChrX,161200000,162200000,0.000021
lupuloides_ChrX,161300000,162300000,0.000021
lupuloides_ChrX,161400000,162400000,0.000021
lupuloides_ChrX,161500000,162500000,0.000021
lupuloides_ChrX,161600000,162600000,0.000044
lupuloides_ChrX,161700000,162700000,0.000044
lupuloides_ChrX,161800000,162800000,0.000044
lupuloides_ChrX,161900000,162900000,0.000044
lupuloides_ChrX,162000000,163000000,0.000044
lupuloides_ChrX,162100000,163100000,0.000044
lupuloides_ChrX,162200000,163200000,0.000023
lupuloides_ChrX,162300000,163300000,0.000023
lupuloides_ChrX,162400000,163400000,0.000023
lupuloides_ChrX,162500000,163500000,0.000023
lupuloides_ChrX,162600000,163600000,0
lupuloides_ChrX,162700000,163700000,0
lupuloides_ChrX,162800000,163800000,0
lupuloides_ChrX,162900000,163900000,0
lupuloides_ChrX,163000000,164000000,0.000027
lupuloides_ChrX,163100000,164100000,0.000048
lupuloides_ChrX,163200000,164200000,0.000069
lupuloides_ChrX,163300000,164300000,0.000069
lupuloides_ChrX,163400000,164400000,0.000069
lupuloides_ChrX,163500000,164500000,0.000069
lupuloides_ChrX,163600000,164600000,0.00009
lupuloides_ChrX,163700000,164700000,0.00009
lupuloides_ChrX,163800000,164800000,0.00009
lupuloides_ChrX,163900000,164900000,0.000112
lupuloides_ChrX,164000000,165000000,0.000085
lupuloides_ChrX,164100000,165100000,0.000064
lupuloides_ChrX,164200000,165200000,0.000043
lupuloides_ChrX,164300000,165300000,0.000043
lupuloides_ChrX,164400000,165400000,0.000043
lupuloides_ChrX,164500000,165500000,0.000043
lupuloides_ChrX,164600000,165600000,0.000043
lupuloides_ChrX,164700000,165700000,0.000064
lupuloides_ChrX,164800000,165800000,0.000064
lupuloides_ChrX,164900000,165900000,0.000063
lupuloides_ChrX,165000000,166000000,0.000063
lupuloides_ChrX,165100000,166100000,0.000063
lupuloides_ChrX,165200000,166200000,0.000063
lupuloides_ChrX,165300000,166300000,0.000063
lupuloides_ChrX,165400000,166400000,0.000063
lupuloides_ChrX,165500000,166500000,0.000085
lupuloides_ChrX,165600000,166600000,0.000064
lupuloides_ChrX,165700000,166700000,0.000043
lupuloides_ChrX,165800000,166800000,0.000043
lupuloides_ChrX,165900000,166900000,0.000022
lupuloides_ChrX,166000000,167000000,0.000022
lupuloides_ChrX,166100000,167100000,0.000022
lupuloides_ChrX,166200000,167200000,0.000022
lupuloides_ChrX,166300000,167300000,0.000022
lupuloides_ChrX,166400000,167400000,0.000022
lupuloides_ChrX,166500000,167500000,0
lupuloides_ChrX,166600000,167600000,0
lupuloides_ChrX,166700000,167700000,0
lupuloides_ChrX,166800000,167800000,0
lupuloides_ChrX,166900000,167900000,0.000021
lupuloides_ChrX,167000000,168000000,0.000042
lupuloides_ChrX,167100000,168100000,0.000042
lupuloides_ChrX,167200000,168200000,0.000042
lupuloides_ChrX,167300000,168300000,0.000063
lupuloides_ChrX,167400000,168400000,0.000084
lupuloides_ChrX,167500000,168500000,0.000106
lupuloides_ChrX,167600000,168600000,0.000106
lupuloides_ChrX,167700000,168700000,0.000106
lupuloides_ChrX,167800000,168800000,0.000106
lupuloides_ChrX,167900000,168900000,0.000085
lupuloides_ChrX,168000000,169000000,0.000064
lupuloides_ChrX,168100000,169100000,0.000064
lupuloides_ChrX,168200000,169200000,0.000064
lupuloides_ChrX,168300000,169300000,0.000043
lupuloides_ChrX,168400000,169400000,0.000022
lupuloides_ChrX,168500000,169500000,0
lupuloides_ChrX,168600000,169600000,0
lupuloides_ChrX,168700000,169700000,0
lupuloides_ChrX,168800000,169800000,0
lupuloides_ChrX,168900000,169900000,0
lupuloides_ChrX,169000000,170000000,0
lupuloides_ChrX,169100000,170100000,0
lupuloides_ChrX,169200000,170200000,0
lupuloides_ChrX,169300000,170300000,0
lupuloides_ChrX,169400000,170400000,0
lupuloides_ChrX,169500000,170500000,0.00003
lupuloides_ChrX,169600000,170600000,0.00003
lupuloides_ChrX,169700000,170700000,0.00003
lupuloides_ChrX,169800000,170800000,0.00003
lupuloides_ChrX,169900000,170900000,0.00003
lupuloides_ChrX,170000000,171000000,0.00003
lupuloides_ChrX,170100000,171100000,0.000051
lupuloides_ChrX,170200000,171200000,0.000051
lupuloides_ChrX,170300000,171300000,0.000072
lupuloides_ChrX,170400000,171400000,0.000094
lupuloides_ChrX,170500000,171500000,0.000064
lupuloides_ChrX,170600000,171600000,0.000064
lupuloides_ChrX,170700000,171700000,0.000064
lupuloides_ChrX,170800000,171800000,0.000064
lupuloides_ChrX,170900000,171900000,0.000064
lupuloides_ChrX,171000000,172000000,0.000064
lupuloides_ChrX,171100000,172100000,0.000043
lupuloides_ChrX,171200000,172200000,0.000043
lupuloides_ChrX,171300000,172300000,0.000022
lupuloides_ChrX,171400000,172400000,0
lupuloides_ChrX,171500000,172500000,0
lupuloides_ChrX,171600000,172600000,0
lupuloides_ChrX,171700000,172700000,0
lupuloides_ChrX,171800000,172800000,0
lupuloides_ChrX,171900000,172900000,0
lupuloides_ChrX,172000000,173000000,0
lupuloides_ChrX,172100000,173100000,0
lupuloides_ChrX,172200000,173200000,0
lupuloides_ChrX,172300000,173300000,0
lupuloides_ChrX,172400000,173400000,0
lupuloides_ChrX,172500000,173500000,0.000021
lupuloides_ChrX,172600000,173600000,0.000021
lupuloides_ChrX,172700000,173700000,0.000042
lupuloides_ChrX,172800000,173800000,0.000042
lupuloides_ChrX,172900000,173900000,0.000067
lupuloides_ChrX,173000000,174000000,0.000067
lupuloides_ChrX,173100000,174100000,0.000067
lupuloides_ChrX,173200000,174200000,0.000067
lupuloides_ChrX,173300000,174300000,0.000067
lupuloides_ChrX,173400000,174400000,0.000067
lupuloides_ChrX,173500000,174500000,0.000046
lupuloides_ChrX,173600000,174600000,0.000046
lupuloides_ChrX,173700000,174700000,0.000025
lupuloides_ChrX,173800000,174800000,0.000025
lupuloides_ChrX,173900000,174900000,0
lupuloides_ChrX,174000000,175000000,0
lupuloides_ChrX,174100000,175100000,0
lupuloides_ChrX,174200000,175200000,0.000022
lupuloides_ChrX,174300000,175300000,0.000022
lupuloides_ChrX,174400000,175400000,0.000022
lupuloides_ChrX,174500000,175500000,0.000064
lupuloides_ChrX,174600000,175600000,0.000064
lupuloides_ChrX,174700000,175700000,0.000064
lupuloides_ChrX,174800000,175800000,0.000064
lupuloides_ChrX,174900000,175900000,0.000064
lupuloides_ChrX,175000000,176000000,0.000064
lupuloides_ChrX,175100000,176100000,0.000064
lupuloides_ChrX,175200000,176200000,0.000094
lupuloides_ChrX,175300000,176300000,0.000094
lupuloides_ChrX,175400000,176400000,0.000094
lupuloides_ChrX,175500000,176500000,0.000074
lupuloides_ChrX,175600000,176600000,0.000074
lupuloides_ChrX,175700000,176700000,0.000074
lupuloides_ChrX,175800000,176800000,0.000074
lupuloides_ChrX,175900000,176900000,0.000074
lupuloides_ChrX,176000000,177000000,0.000074
lupuloides_ChrX,176100000,177100000,0.000074
lupuloides_ChrX,176200000,177200000,0.000044
lupuloides_ChrX,176300000,177300000,0.000044
lupuloides_ChrX,176400000,177400000,0.000044
lupuloides_ChrX,176500000,177500000,0.000022
lupuloides_ChrX,176600000,177600000,0.000022
lupuloides_ChrX,176700000,177700000,0.000022
lupuloides_ChrX,176800000,177800000,0.000022
lupuloides_ChrX,176900000,177900000,0.000022
lupuloides_ChrX,177000000,178000000,0.000022
lupuloides_ChrX,177100000,178100000,0.000022
lupuloides_ChrX,177200000,178200000,0
lupuloides_ChrX,177300000,178300000,0
lupuloides_ChrX,177400000,178400000,0
lupuloides_ChrX,177500000,178500000,0.000029
lupuloides_ChrX,177600000,178600000,0.000029
lupuloides_ChrX,177700000,178700000,0.000029
lupuloides_ChrX,177800000,178800000,0.000051
lupuloides_ChrX,177900000,178900000,0.000051
lupuloides_ChrX,178000000,179000000,0.000051
lupuloides_ChrX,178100000,179100000,0.000051
lupuloides_ChrX,178200000,179200000,0.000051
lupuloides_ChrX,178300000,179300000,0.000051
lupuloides_ChrX,178400000,179400000,0.000072
lupuloides_ChrX,178500000,179500000,0.000085
lupuloides_ChrX,178600000,179600000,0.000085
lupuloides_ChrX,178700000,179700000,0.000085
lupuloides_ChrX,178800000,179800000,0.000063
lupuloides_ChrX,178900000,179900000,0.000063
lupuloides_ChrX,179000000,180000000,0.000063
lupuloides_ChrX,179100000,180100000,0.000063
lupuloides_ChrX,179200000,180200000,0.000063
lupuloides_ChrX,179300000,180300000,0.000084
lupuloides_ChrX,179400000,180400000,0.000063
lupuloides_ChrX,179500000,180500000,0.000021
lupuloides_ChrX,179600000,180600000,0.000021
lupuloides_ChrX,179700000,180700000,0.000042
lupuloides_ChrX,179800000,180800000,0.000063
lupuloides_ChrX,179900000,180900000,0.000063
lupuloides_ChrX,180000000,181000000,0.000063
lupuloides_ChrX,180100000,181100000,0.000063
lupuloides_ChrX,180200000,181200000,0.000063
lupuloides_ChrX,180300000,181300000,0.000042
lupuloides_ChrX,180400000,181400000,0.000042
lupuloides_ChrX,180500000,181500000,0.000042
lupuloides_ChrX,180600000,181600000,0.000042
lupuloides_ChrX,180700000,181700000,0.000021
lupuloides_ChrX,180800000,181800000,0
lupuloides_ChrX,180900000,181900000,0
lupuloides_ChrX,181000000,182000000,0
lupuloides_ChrX,181100000,182100000,0
lupuloides_ChrX,181200000,182200000,0
lupuloides_ChrX,181300000,182300000,0
lupuloides_ChrX,181400000,182400000,0
lupuloides_ChrX,181500000,182500000,0
lupuloides_ChrX,181600000,182600000,0
lupuloides_ChrX,181700000,182700000,0
lupuloides_ChrX,181800000,182800000,0
lupuloides_ChrX,181900000,182900000,0
lupuloides_ChrX,182000000,183000000,0.000021
lupuloides_ChrX,182100000,183100000,0.000043
lupuloides_ChrX,182200000,183200000,0.000043
lupuloides_ChrX,182300000,183300000,0.000043
lupuloides_ChrX,182400000,183400000,0.000043
lupuloides_ChrX,182500000,183500000,0.000043
lupuloides_ChrX,182600000,183600000,0.000043
lupuloides_ChrX,182700000,183700000,0.000043
lupuloides_ChrX,182800000,183800000,0.000067
lupuloides_ChrX,182900000,183900000,0.00009
lupuloides_ChrX,183000000,184000000,0.000069
lupuloides_ChrX,183100000,184100000,0.000047
lupuloides_ChrX,183200000,184200000,0.000083
lupuloides_ChrX,183300000,184300000,0.000083
lupuloides_ChrX,183400000,184400000,0.000105
lupuloides_ChrX,183500000,184500000,0.000105
lupuloides_ChrX,183600000,184600000,0.000105
lupuloides_ChrX,183700000,184700000,0.000105
lupuloides_ChrX,183800000,184800000,0.000081
lupuloides_ChrX,183900000,184900000,0.000058
lupuloides_ChrX,184000000,185000000,0.000058
lupuloides_ChrX,184100000,185100000,0.000058
lupuloides_ChrX,184200000,185200000,0.000047
lupuloides_ChrX,184300000,185300000,0.000047
lupuloides_ChrX,184400000,185400000,0.000025
lupuloides_ChrX,184500000,185500000,0.000025
lupuloides_ChrX,184600000,185600000,0.000025
lupuloides_ChrX,184700000,185700000,0.000053
lupuloides_ChrX,184800000,185800000,0.000074
lupuloides_ChrX,184900000,185900000,0.000074
lupuloides_ChrX,185000000,186000000,0.0001
lupuloides_ChrX,185100000,186100000,0.0001
lupuloides_ChrX,185200000,186200000,0.000075
lupuloides_ChrX,185300000,186300000,0.000075
lupuloides_ChrX,185400000,186400000,0.000121
lupuloides_ChrX,185500000,186500000,0.000121
lupuloides_ChrX,185600000,186600000,0.000121
lupuloides_ChrX,185700000,186700000,0.000093
lupuloides_ChrX,185800000,186800000,0.000072
lupuloides_ChrX,185900000,186900000,0.000072
lupuloides_ChrX,186000000,187000000,0.000046
lupuloides_ChrX,186100000,187100000,0.000046
lupuloides_ChrX,186200000,187200000,0.000046
lupuloides_ChrX,186300000,187300000,0.000046
lupuloides_ChrX,186400000,187400000,0
lupuloides_ChrX,186500000,187500000,0
lupuloides_ChrX,186600000,187600000,0
lupuloides_ChrX,186700000,187700000,0
lupuloides_ChrX,186800000,187800000,0
lupuloides_ChrX,186900000,187900000,0
lupuloides_ChrX,187000000,188000000,0
lupuloides_ChrX,187100000,188100000,0
lupuloides_ChrX,187200000,188200000,0
lupuloides_ChrX,187300000,188300000,0
lupuloides_ChrX,187400000,188400000,0
lupuloides_ChrX,187500000,188500000,0
lupuloides_ChrX,187600000,188600000,0.000021
lupuloides_ChrX,187700000,188700000,0.000021
lupuloides_ChrX,187800000,188800000,0.000043
lupuloides_ChrX,187900000,188900000,0.000043
lupuloides_ChrX,188000000,189000000,0.000043
lupuloides_ChrX,188100000,189100000,0.000043
lupuloides_ChrX,188200000,189200000,0.000043
lupuloides_ChrX,188300000,189300000,0.000043
lupuloides_ChrX,188400000,189400000,0.000043
lupuloides_ChrX,188500000,189500000,0.000043
lupuloides_ChrX,188600000,189600000,0.000043
lupuloides_ChrX,188700000,189700000,0.000043
lupuloides_ChrX,188800000,189800000,0.000021
lupuloides_ChrX,188900000,189900000,0.000043
lupuloides_ChrX,189000000,190000000,0.000043
lupuloides_ChrX,189100000,190100000,0.000043
lupuloides_ChrX,189200000,190200000,0.000043
lupuloides_ChrX,189300000,190300000,0.000043
lupuloides_ChrX,189400000,190400000,0.000066
lupuloides_ChrX,189500000,190500000,0.000066
lupuloides_ChrX,189600000,190600000,0.000045
lupuloides_ChrX,189700000,190700000,0.000045
lupuloides_ChrX,189800000,190800000,0.000045
lupuloides_ChrX,189900000,190900000,0.000023
lupuloides_ChrX,190000000,191000000,0.000023
lupuloides_ChrX,190100000,191100000,0.000023
lupuloides_ChrX,190200000,191200000,0.000023
lupuloides_ChrX,190300000,191300000,0.000023
lupuloides_ChrX,190400000,191400000,0
lupuloides_ChrX,190500000,191500000,0
lupuloides_ChrX,190600000,191600000,0
lupuloides_ChrX,190700000,191700000,0
lupuloides_ChrX,190800000,191800000,0
lupuloides_ChrX,190900000,191900000,0
lupuloides_ChrX,191000000,192000000,0
lupuloides_ChrX,191100000,192100000,0
lupuloides_ChrX,191200000,192200000,0
lupuloides_ChrX,191300000,192300000,0
lupuloides_ChrX,191400000,192400000,0
lupuloides_ChrX,191500000,192500000,0
lupuloides_ChrX,191600000,192600000,0
lupuloides_ChrX,191700000,192700000,0
lupuloides_ChrX,191800000,192800000,0
lupuloides_ChrX,191900000,192900000,0
lupuloides_ChrX,192000000,193000000,0
lupuloides_ChrX,192100000,193100000,0
lupuloides_ChrX,192200000,193200000,0
lupuloides_ChrX,192300000,193300000,0
lupuloides_ChrX,192400000,193400000,0
lupuloides_ChrX,192500000,193500000,0
lupuloides_ChrX,192600000,193600000,0
lupuloides_ChrX,192700000,193700000,0
lupuloides_ChrX,192800000,193800000,0
lupuloides_ChrX,192900000,193900000,0
lupuloides_ChrX,193000000,194000000,0
lupuloides_ChrX,193100000,194100000,0
lupuloides_ChrX,193200000,194200000,0
lupuloides_ChrX,193300000,194300000,0
lupuloides_ChrX,193400000,194400000,0
lupuloides_ChrX,193500000,194500000,0
lupuloides_ChrX,193600000,194600000,0
lupuloides_ChrX,193700000,194700000,0
lupuloides_ChrX,193800000,194800000,0
lupuloides_ChrX,193900000,194900000,0
lupuloides_ChrX,194000000,195000000,0
lupuloides_ChrX,194100000,195100000,0
lupuloides_ChrX,194200000,195200000,0
lupuloides_ChrX,194300000,195300000,0
lupuloides_ChrX,194400000,195400000,0
lupuloides_ChrX,194500000,195500000,0
lupuloides_ChrX,194600000,195600000,0
lupuloides_ChrX,194700000,195700000,0
lupuloides_ChrX,194800000,195800000,0
lupuloides_ChrX,194900000,195900000,0
lupuloides_ChrX,195000000,196000000,0
lupuloides_ChrX,195100000,196100000,0
lupuloides_ChrX,195200000,196200000,0
lupuloides_ChrX,195300000,196300000,0
lupuloides_ChrX,195400000,196400000,0
lupuloides_ChrX,195500000,196500000,0
lupuloides_ChrX,195600000,196600000,0
lupuloides_ChrX,195700000,196700000,0
lupuloides_ChrX,195800000,196800000,0
lupuloides_ChrX,195900000,196900000,0
lupuloides_ChrX,196000000,197000000,0
lupuloides_ChrX,196100000,197100000,0
lupuloides_ChrX,196200000,197200000,0
lupuloides_ChrX,196300000,197300000,0
lupuloides_ChrX,196400000,197400000,0.000025
lupuloides_ChrX,196500000,197500000,0.000025
lupuloides_ChrX,196600000,197600000,0.000025
lupuloides_ChrX,196700000,197700000,0.000025
lupuloides_ChrX,196800000,197800000,0.000025
lupuloides_ChrX,196900000,197900000,0.000025
lupuloides_ChrX,197000000,198000000,0.000025
lupuloides_ChrX,197100000,198100000,0.000025
lupuloides_ChrX,197200000,198200000,0.000025
lupuloides_ChrX,197300000,198300000,0.000025
lupuloides_ChrX,197400000,198400000,0
lupuloides_ChrX,197500000,198500000,0
lupuloides_ChrX,197600000,198600000,0
lupuloides_ChrX,197700000,198700000,0
lupuloides_ChrX,197800000,198800000,0
lupuloides_ChrX,197900000,198900000,0
lupuloides_ChrX,198000000,199000000,0
lupuloides_ChrX,198100000,199100000,0
lupuloides_ChrX,198200000,199200000,0
lupuloides_ChrX,198300000,199300000,0
lupuloides_ChrX,198400000,199400000,0
lupuloides_ChrX,198500000,199500000,0
lupuloides_ChrX,198600000,199600000,0
lupuloides_ChrX,198700000,199700000,0
lupuloides_ChrX,198800000,199800000,0
lupuloides_ChrX,198900000,199900000,0
lupuloides_ChrX,199000000,200000000,0
lupuloides_ChrX,199100000,200100000,0
lupuloides_ChrX,199200000,200200000,0
lupuloides_ChrX,199300000,200300000,0
lupuloides_ChrX,199400000,200400000,0
lupuloides_ChrX,199500000,200500000,0
lupuloides_ChrX,199600000,200600000,0
lupuloides_ChrX,199700000,200700000,0
lupuloides_ChrX,199800000,200800000,0
lupuloides_ChrX,199900000,200900000,0
lupuloides_ChrX,200000000,201000000,0
lupuloides_ChrX,200100000,201100000,0
lupuloides_ChrX,200200000,201200000,0
lupuloides_ChrX,200300000,201300000,0
lupuloides_ChrX,200400000,201400000,0
lupuloides_ChrX,200500000,201500000,0
lupuloides_ChrX,200600000,201600000,0
lupuloides_ChrX,200700000,201700000,0
lupuloides_ChrX,200800000,201800000,0
lupuloides_ChrX,200900000,201900000,0
lupuloides_ChrX,201000000,202000000,0
lupuloides_ChrX,201100000,202100000,0
lupuloides_ChrX,201200000,202200000,0
lupuloides_ChrX,201300000,202300000,0
lupuloides_ChrX,201400000,202400000,0
lupuloides_ChrX,201500000,202500000,0
lupuloides_ChrX,201600000,202600000,0
lupuloides_ChrX,201700000,202700000,0
lupuloides_ChrX,201800000,202800000,0
lupuloides_ChrX,201900000,202900000,0
lupuloides_ChrX,202000000,203000000,0
lupuloides_ChrX,202100000,203100000,0
lupuloides_ChrX,202200000,203200000,0
lupuloides_ChrX,202300000,203300000,0
lupuloides_ChrX,202400000,203400000,0
lupuloides_ChrX,202500000,203500000,0
lupuloides_ChrX,202600000,203600000,0
lupuloides_ChrX,202700000,203700000,0
lupuloides_ChrX,202800000,203800000,0
lupuloides_ChrX,202900000,203900000,0
lupuloides_ChrX,203000000,204000000,0
lupuloides_ChrX,203100000,204100000,0
lupuloides_ChrX,203200000,204200000,0
lupuloides_ChrX,203300000,204300000,0
lupuloides_ChrX,203400000,204400000,0
lupuloides_ChrX,203500000,204500000,0
lupuloides_ChrX,203600000,204600000,0
lupuloides_ChrX,203700000,204700000,0
lupuloides_ChrX,203800000,204800000,0
lupuloides_ChrX,203900000,204900000,0
lupuloides_ChrX,204000000,205000000,0
lupuloides_ChrX,204100000,205100000,0
lupuloides_ChrX,204200000,205200000,0
lupuloides_ChrX,204300000,205300000,0
lupuloides_ChrX,204400000,205400000,0
lupuloides_ChrX,204500000,205500000,0
lupuloides_ChrX,204600000,205600000,0
lupuloides_ChrX,204700000,205700000,0
lupuloides_ChrX,204800000,205800000,0
lupuloides_ChrX,204900000,205900000,0
lupuloides_ChrX,205000000,206000000,0
lupuloides_ChrX,205100000,206100000,0
lupuloides_ChrX,205200000,206200000,0
lupuloides_ChrX,205300000,206300000,0
lupuloides_ChrX,205400000,206400000,0
lupuloides_ChrX,205500000,206500000,0
lupuloides_ChrX,205600000,206600000,0
lupuloides_ChrX,205700000,206700000,0
lupuloides_ChrX,205800000,206800000,0
lupuloides_ChrX,205900000,206900000,0
lupuloides_ChrX,206000000,207000000,0
lupuloides_ChrX,206100000,207100000,0
lupuloides_ChrX,206200000,207200000,0
lupuloides_ChrX,206300000,207300000,0
lupuloides_ChrX,206400000,207400000,0
lupuloides_ChrX,206500000,207500000,0
lupuloides_ChrX,206600000,207600000,0
lupuloides_ChrX,206700000,207700000,0
lupuloides_ChrX,206800000,207800000,0
lupuloides_ChrX,206900000,207900000,0
lupuloides_ChrX,207000000,208000000,0
lupuloides_ChrX,207100000,208100000,0
lupuloides_ChrX,207200000,208200000,0
lupuloides_ChrX,207300000,208300000,0
lupuloides_ChrX,207400000,208400000,0
lupuloides_ChrX,207500000,208500000,0
lupuloides_ChrX,207600000,208600000,0
lupuloides_ChrX,207700000,208700000,0
lupuloides_ChrX,207800000,208800000,0
lupuloides_ChrX,207900000,208900000,0
lupuloides_ChrX,208000000,209000000,0
lupuloides_ChrX,208100000,209100000,0
lupuloides_ChrX,208200000,209200000,0
lupuloides_ChrX,208300000,209300000,0
lupuloides_ChrX,208400000,209400000,0
lupuloides_ChrX,208500000,209500000,0
lupuloides_ChrX,208600000,209600000,0
lupuloides_ChrX,208700000,209700000,0
lupuloides_ChrX,208800000,209800000,0
lupuloides_ChrX,208900000,209900000,0
lupuloides_ChrX,209000000,210000000,0
lupuloides_ChrX,209100000,210100000,0
lupuloides_ChrX,209200000,210200000,0
lupuloides_ChrX,209300000,210300000,0
lupuloides_ChrX,209400000,210400000,0
lupuloides_ChrX,209500000,210500000,0
lupuloides_ChrX,209600000,210600000,0
lupuloides_ChrX,209700000,210700000,0
lupuloides_ChrX,209800000,210800000,0
lupuloides_ChrX,209900000,210900000,0
lupuloides_ChrX,210000000,211000000,0
lupuloides_ChrX,210100000,211100000,0
lupuloides_ChrX,210200000,211200000,0
lupuloides_ChrX,210300000,211300000,0
lupuloides_ChrX,210400000,211400000,0
lupuloides_ChrX,210500000,211500000,0
lupuloides_ChrX,210600000,211600000,0
lupuloides_ChrX,210700000,211700000,0
lupuloides_ChrX,210800000,211800000,0
lupuloides_ChrX,210900000,211900000,0
lupuloides_ChrX,211000000,212000000,0
lupuloides_ChrX,211100000,212100000,0
lupuloides_ChrX,211200000,212200000,0
lupuloides_ChrX,211300000,212300000,0
lupuloides_ChrX,211400000,212400000,0
lupuloides_ChrX,211500000,212500000,0
lupuloides_ChrX,211600000,212600000,0
lupuloides_ChrX,211700000,212700000,0
lupuloides_ChrX,211800000,212800000,0
lupuloides_ChrX,211900000,212900000,0
lupuloides_ChrX,212000000,213000000,0
lupuloides_ChrX,212100000,213100000,0
lupuloides_ChrX,212200000,213200000,0
lupuloides_ChrX,212300000,213300000,0
lupuloides_ChrX,212400000,213400000,0
lupuloides_ChrX,212500000,213500000,0
lupuloides_ChrX,212600000,213600000,0
lupuloides_ChrX,212700000,213700000,0
lupuloides_ChrX,212800000,213800000,0
lupuloides_ChrX,212900000,213900000,0
lupuloides_ChrX,213000000,214000000,0
lupuloides_ChrX,213100000,214100000,0
lupuloides_ChrX,213200000,214200000,0
lupuloides_ChrX,213300000,214300000,0
lupuloides_ChrX,213400000,214400000,0
lupuloides_ChrX,213500000,214500000,0
lupuloides_ChrX,213600000,214600000,0
lupuloides_ChrX,213700000,214700000,0
lupuloides_ChrX,213800000,214800000,0
lupuloides_ChrX,213900000,214900000,0
lupuloides_ChrX,214000000,215000000,0
lupuloides_ChrX,214100000,215100000,0
lupuloides_ChrX,214200000,215200000,0
lupuloides_ChrX,214300000,215300000,0
lupuloides_ChrX,214400000,215400000,0
lupuloides_ChrX,214500000,215500000,0
lupuloides_ChrX,214600000,215600000,0
lupuloides_ChrX,214700000,215700000,0
lupuloides_ChrX,214800000,215800000,0
lupuloides_ChrX,214900000,215900000,0
lupuloides_ChrX,215000000,216000000,0
lupuloides_ChrX,215100000,216100000,0
lupuloides_ChrX,215200000,216200000,0
lupuloides_ChrX,215300000,216300000,0
lupuloides_ChrX,215400000,216400000,0
lupuloides_ChrX,215500000,216500000,0
lupuloides_ChrX,215600000,216600000,0
lupuloides_ChrX,215700000,216700000,0
lupuloides_ChrX,215800000,216800000,0
lupuloides_ChrX,215900000,216900000,0
lupuloides_ChrX,216000000,217000000,0
lupuloides_ChrX,216100000,217100000,0
lupuloides_ChrX,216200000,217200000,0
lupuloides_ChrX,216300000,217300000,0.000026
lupuloides_ChrX,216400000,217400000,0.000026
lupuloides_ChrX,216500000,217500000,0.000026
lupuloides_ChrX,216600000,217600000,0.000026
lupuloides_ChrX,216700000,217700000,0.000026
lupuloides_ChrX,216800000,217800000,0.000026
lupuloides_ChrX,216900000,217900000,0.000026
lupuloides_ChrX,217000000,218000000,0.000026
lupuloides_ChrX,217100000,218100000,0.000026
lupuloides_ChrX,217200000,218200000,0.000026
lupuloides_ChrX,217300000,218300000,0.000022
lupuloides_ChrX,217400000,218400000,0.000022
lupuloides_ChrX,217500000,218500000,0.000022
lupuloides_ChrX,217600000,218600000,0.000022
lupuloides_ChrX,217700000,218700000,0.000022
lupuloides_ChrX,217800000,218800000,0.000022
lupuloides_ChrX,217900000,218900000,0.000022
lupuloides_ChrX,218000000,219000000,0.000022
lupuloides_ChrX,218100000,219100000,0.000022
lupuloides_ChrX,218200000,219200000,0.000043
lupuloides_ChrX,218300000,219300000,0.000021
lupuloides_ChrX,218400000,219400000,0.000021
lupuloides_ChrX,218500000,219500000,0.000021
lupuloides_ChrX,218600000,219600000,0.000021
lupuloides_ChrX,218700000,219700000,0.000021
lupuloides_ChrX,218800000,219800000,0.000021
lupuloides_ChrX,218900000,219900000,0.000021
lupuloides_ChrX,219000000,220000000,0.000021
lupuloides_ChrX,219100000,220100000,0.000021
lupuloides_ChrX,219200000,220200000,0
lupuloides_ChrX,219300000,220300000,0
lupuloides_ChrX,219400000,220400000,0
lupuloides_ChrX,219500000,220500000,0
lupuloides_ChrX,219600000,220600000,0
lupuloides_ChrX,219700000,220700000,0
lupuloides_ChrX,219800000,220800000,0
lupuloides_ChrX,219900000,220900000,0
lupuloides_ChrX,220000000,221000000,0
lupuloides_ChrX,220100000,221100000,0
lupuloides_ChrX,220200000,221200000,0
lupuloides_ChrX,220300000,221300000,0
lupuloides_ChrX,220400000,221400000,0
lupuloides_ChrX,220500000,221500000,0
lupuloides_ChrX,220600000,221600000,0
lupuloides_ChrX,220700000,221700000,0
lupuloides_ChrX,220800000,221800000,0
lupuloides_ChrX,220900000,221900000,0
lupuloides_ChrX,221000000,222000000,0
lupuloides_ChrX,221100000,222100000,0
lupuloides_ChrX,221200000,222200000,0
lupuloides_ChrX,221300000,222300000,0
lupuloides_ChrX,221400000,222400000,0
lupuloides_ChrX,221500000,222500000,0
lupuloides_ChrX,221600000,222600000,0
lupuloides_ChrX,221700000,222700000,0
lupuloides_ChrX,221800000,222800000,0
lupuloides_ChrX,221900000,222900000,0
lupuloides_ChrX,222000000,223000000,0
lupuloides_ChrX,222100000,223100000,0
lupuloides_ChrX,222200000,223200000,0
lupuloides_ChrX,222300000,223300000,0
lupuloides_ChrX,222400000,223400000,0
lupuloides_ChrX,222500000,223500000,0
lupuloides_ChrX,222600000,223600000,0
lupuloides_ChrX,222700000,223700000,0
lupuloides_ChrX,222800000,223800000,0
lupuloides_ChrX,222900000,223900000,0
lupuloides_ChrX,223000000,224000000,0
lupuloides_ChrX,223100000,224100000,0
lupuloides_ChrX,223200000,224200000,0
lupuloides_ChrX,223300000,224300000,0
lupuloides_ChrX,223400000,224400000,0
lupuloides_ChrX,223500000,224500000,0
lupuloides_ChrX,223600000,224600000,0
lupuloides_ChrX,223700000,224700000,0
lupuloides_ChrX,223800000,224800000,0
lupuloides_ChrX,223900000,224900000,0
lupuloides_ChrX,224000000,225000000,0
lupuloides_ChrX,224100000,225100000,0
lupuloides_ChrX,224200000,225200000,0
lupuloides_ChrX,224300000,225300000,0
lupuloides_ChrX,224400000,225400000,0
lupuloides_ChrX,224500000,225500000,0
lupuloides_ChrX,224600000,225600000,0
lupuloides_ChrX,224700000,225700000,0
lupuloides_ChrX,224800000,225800000,0
lupuloides_ChrX,224900000,225900000,0
lupuloides_ChrX,225000000,226000000,0
lupuloides_ChrX,225100000,226100000,0
lupuloides_ChrX,225200000,226200000,0
lupuloides_ChrX,225300000,226300000,0
lupuloides_ChrX,225400000,226400000,0
lupuloides_ChrX,225500000,226500000,0
lupuloides_ChrX,225600000,226600000,0
lupuloides_ChrX,225700000,226700000,0.000021
lupuloides_ChrX,225800000,226800000,0.000021
lupuloides_ChrX,225900000,226900000,0.000021
lupuloides_ChrX,226000000,227000000,0.000021
lupuloides_ChrX,226100000,227100000,0.000021
lupuloides_ChrX,226200000,227200000,0.000021
lupuloides_ChrX,226300000,227300000,0.000021
lupuloides_ChrX,226400000,227400000,0.000021
lupuloides_ChrX,226500000,227500000,0.000021
lupuloides_ChrX,226600000,227600000,0.000021
lupuloides_ChrX,226700000,227700000,0
lupuloides_ChrX,226800000,227800000,0
lupuloides_ChrX,226900000,227900000,0
lupuloides_ChrX,227000000,228000000,0
lupuloides_ChrX,227100000,228100000,0
lupuloides_ChrX,227200000,228200000,0
lupuloides_ChrX,227300000,228300000,0
lupuloides_ChrX,227400000,228400000,0
lupuloides_ChrX,227500000,228500000,0
lupuloides_ChrX,227600000,228600000,0
lupuloides_ChrX,227700000,228700000,0
lupuloides_ChrX,227800000,228800000,0
lupuloides_ChrX,227900000,228900000,0
lupuloides_ChrX,228000000,229000000,0
lupuloides_ChrX,228100000,229100000,0
lupuloides_ChrX,228200000,229200000,0
lupuloides_ChrX,228300000,229300000,0
lupuloides_ChrX,228400000,229400000,0
lupuloides_ChrX,228500000,229500000,0
lupuloides_ChrX,228600000,229600000,0
lupuloides_ChrX,228700000,229700000,0
lupuloides_ChrX,228800000,229800000,0
lupuloides_ChrX,228900000,229900000,0
lupuloides_ChrX,229000000,230000000,0
lupuloides_ChrX,229100000,230100000,0
lupuloides_ChrX,229200000,230200000,0
lupuloides_ChrX,229300000,230300000,0
lupuloides_ChrX,229400000,230400000,0
lupuloides_ChrX,229500000,230500000,0
lupuloides_ChrX,229600000,230600000,0
lupuloides_ChrX,229700000,230700000,0
lupuloides_ChrX,229800000,230800000,0
lupuloides_ChrX,229900000,230900000,0
lupuloides_ChrX,230000000,231000000,0.000021
lupuloides_ChrX,230100000,231100000,0.000021
lupuloides_ChrX,230200000,231200000,0.000021
lupuloides_ChrX,230300000,231300000,0.000021
lupuloides_ChrX,230400000,231400000,0.000021
lupuloides_ChrX,230500000,231500000,0.000021
lupuloides_ChrX,230600000,231600000,0.000021
lupuloides_ChrX,230700000,231700000,0.000021
lupuloides_ChrX,230800000,231800000,0.000021
lupuloides_ChrX,230900000,231900000,0.000021
lupuloides_ChrX,231000000,232000000,0
lupuloides_ChrX,231100000,232100000,0
lupuloides_ChrX,231200000,232200000,0
lupuloides_ChrX,231300000,232300000,0
lupuloides_ChrX,231400000,232400000,0
lupuloides_ChrX,231500000,232500000,0
lupuloides_ChrX,231600000,232600000,0
lupuloides_ChrX,231700000,232700000,0
lupuloides_ChrX,231800000,232800000,0
lupuloides_ChrX,231900000,232900000,0
lupuloides_ChrX,232000000,233000000,0
lupuloides_ChrX,232100000,233100000,0
lupuloides_ChrX,232200000,233200000,0
lupuloides_ChrX,232300000,233300000,0
lupuloides_ChrX,232400000,233400000,0
lupuloides_ChrX,232500000,233500000,0
lupuloides_ChrX,232600000,233600000,0
lupuloides_ChrX,232700000,233700000,0
lupuloides_ChrX,232800000,233800000,0
lupuloides_ChrX,232900000,233900000,0
lupuloides_ChrX,233000000,234000000,0
lupuloides_ChrX,233100000,234100000,0
lupuloides_ChrX,233200000,234200000,0
lupuloides_ChrX,233300000,234300000,0
lupuloides_ChrX,233400000,234400000,0
lupuloides_ChrX,233500000,234500000,0
lupuloides_ChrX,233600000,234600000,0
lupuloides_ChrX,233700000,234700000,0
lupuloides_ChrX,233800000,234800000,0
lupuloides_ChrX,233900000,234900000,0
lupuloides_ChrX,234000000,235000000,0
lupuloides_ChrX,234100000,235100000,0
lupuloides_ChrX,234200000,235200000,0
lupuloides_ChrX,234300000,235300000,0
lupuloides_ChrX,234400000,235400000,0
lupuloides_ChrX,234500000,235500000,0
lupuloides_ChrX,234600000,235600000,0
lupuloides_ChrX,234700000,235700000,0
lupuloides_ChrX,234800000,235800000,0
lupuloides_ChrX,234900000,235900000,0
lupuloides_ChrX,235000000,236000000,0
lupuloides_ChrX,235100000,236100000,0
lupuloides_ChrX,235200000,236200000,0
lupuloides_ChrX,235300000,236300000,0
lupuloides_ChrX,235400000,236400000,0
lupuloides_ChrX,235500000,236500000,0
lupuloides_ChrX,235600000,236600000,0
lupuloides_ChrX,235700000,236700000,0
lupuloides_ChrX,235800000,236800000,0
lupuloides_ChrX,235900000,236900000,0
lupuloides_ChrX,236000000,237000000,0
lupuloides_ChrX,236100000,237100000,0
lupuloides_ChrX,236200000,237200000,0
lupuloides_ChrX,236300000,237300000,0
lupuloides_ChrX,236400000,237400000,0
lupuloides_ChrX,236500000,237500000,0.000022
lupuloides_ChrX,236600000,237600000,0.000022
lupuloides_ChrX,236700000,237700000,0.000022
lupuloides_ChrX,236800000,237800000,0.000022
lupuloides_ChrX,236900000,237900000,0.000022
lupuloides_ChrX,237000000,238000000,0.000022
lupuloides_ChrX,237100000,238100000,0.000022
lupuloides_ChrX,237200000,238200000,0.000022
lupuloides_ChrX,237300000,238300000,0.000022
lupuloides_ChrX,237400000,238400000,0.000022
lupuloides_ChrX,237500000,238500000,0
lupuloides_ChrX,237600000,238600000,0
lupuloides_ChrX,237700000,238700000,0
lupuloides_ChrX,237800000,238800000,0
lupuloides_ChrX,237900000,238900000,0
lupuloides_ChrX,238000000,239000000,0
lupuloides_ChrX,238100000,239100000,0
lupuloides_ChrX,238200000,239200000,0
lupuloides_ChrX,238300000,239300000,0
lupuloides_ChrX,238400000,239400000,0
lupuloides_ChrX,238500000,239500000,0
lupuloides_ChrX,238600000,239600000,0
lupuloides_ChrX,238700000,239700000,0
lupuloides_ChrX,238800000,239800000,0
lupuloides_ChrX,238900000,239900000,0
lupuloides_ChrX,239000000,240000000,0
lupuloides_ChrX,239100000,240100000,0
lupuloides_ChrX,239200000,240200000,0
lupuloides_ChrX,239300000,240300000,0
lupuloides_ChrX,239400000,240400000,0
lupuloides_ChrX,239500000,240500000,0
lupuloides_ChrX,239600000,240600000,0
lupuloides_ChrX,239700000,240700000,0
lupuloides_ChrX,239800000,240800000,0
lupuloides_ChrX,239900000,240900000,0
lupuloides_ChrX,240000000,241000000,0
lupuloides_ChrX,240100000,241100000,0
lupuloides_ChrX,240200000,241200000,0.000021
lupuloides_ChrX,240300000,241300000,0.000021
lupuloides_ChrX,240400000,241400000,0.000021
lupuloides_ChrX,240500000,241500000,0.000021
lupuloides_ChrX,240600000,241600000,0.000021
lupuloides_ChrX,240700000,241700000,0.000021
lupuloides_ChrX,240800000,241800000,0.000021
lupuloides_ChrX,240900000,241900000,0.000021
lupuloides_ChrX,241000000,242000000,0.000021
lupuloides_ChrX,241100000,242100000,0.000021
lupuloides_ChrX,241200000,242200000,0
lupuloides_ChrX,241300000,242300000,0
lupuloides_ChrX,241400000,242400000,0
lupuloides_ChrX,241500000,242500000,0
lupuloides_ChrX,241600000,242600000,0
lupuloides_ChrX,241700000,242700000,0
lupuloides_ChrX,241800000,242800000,0
lupuloides_ChrX,241900000,242900000,0
lupuloides_ChrX,242000000,243000000,0
lupuloides_ChrX,242100000,243100000,0
lupuloides_ChrX,242200000,243200000,0
lupuloides_ChrX,242300000,243300000,0
lupuloides_ChrX,242400000,243400000,0
lupuloides_ChrX,242500000,243500000,0
lupuloides_ChrX,242600000,243600000,0
lupuloides_ChrX,242700000,243700000,0
lupuloides_ChrX,242800000,243800000,0
lupuloides_ChrX,242900000,243900000,0
lupuloides_ChrX,243000000,244000000,0
lupuloides_ChrX,243100000,244100000,0
lupuloides_ChrX,243200000,244200000,0
lupuloides_ChrX,243300000,244300000,0.000055
lupuloides_ChrX,243400000,244400000,0.000055
lupuloides_ChrX,243500000,244500000,0.000082
lupuloides_ChrX,243600000,244600000,0.000082
lupuloides_ChrX,243700000,244700000,0.000082
lupuloides_ChrX,243800000,244800000,0.000082
lupuloides_ChrX,243900000,244900000,0.000082
lupuloides_ChrX,244000000,245000000,0.000082
lupuloides_ChrX,244100000,245100000,0.000082
lupuloides_ChrX,244200000,245200000,0.000082
lupuloides_ChrX,244300000,245300000,0.000027
lupuloides_ChrX,244400000,245400000,0.000027
lupuloides_ChrX,244500000,245500000,0
lupuloides_ChrX,244600000,245600000,0
lupuloides_ChrX,244700000,245700000,0
lupuloides_ChrX,244800000,245800000,0
lupuloides_ChrX,244900000,245900000,0
lupuloides_ChrX,245000000,246000000,0
lupuloides_ChrX,245100000,246100000,0
lupuloides_ChrX,245200000,246200000,0.000021
lupuloides_ChrX,245300000,246300000,0.000021
lupuloides_ChrX,245400000,246400000,0.000021
lupuloides_ChrX,245500000,246500000,0.000021
lupuloides_ChrX,245600000,246600000,0.000021
lupuloides_ChrX,245700000,246700000,0.000021
lupuloides_ChrX,245800000,246800000,0.000021
lupuloides_ChrX,245900000,246900000,0.000021
lupuloides_ChrX,246000000,247000000,0.000021
lupuloides_ChrX,246100000,247100000,0.000021
lupuloides_ChrX,246200000,247200000,0
lupuloides_ChrX,246300000,247300000,0
lupuloides_ChrX,246400000,247400000,0
lupuloides_ChrX,246500000,247500000,0
lupuloides_ChrX,246600000,247600000,0
lupuloides_ChrX,246700000,247700000,0
lupuloides_ChrX,246800000,247800000,0
lupuloides_ChrX,246900000,247900000,0
lupuloides_ChrX,247000000,248000000,0
lupuloides_ChrX,247100000,248100000,0
lupuloides_ChrX,247200000,248200000,0
lupuloides_ChrX,247300000,248300000,0
lupuloides_ChrX,247400000,248400000,0
lupuloides_ChrX,247500000,248500000,0
lupuloides_ChrX,247600000,248600000,0
lupuloides_ChrX,247700000,248700000,0
lupuloides_ChrX,247800000,248800000,0.000044
lupuloides_ChrX,247900000,248900000,0.000044
lupuloides_ChrX,248000000,249000000,0.000044
lupuloides_ChrX,248100000,249100000,0.000044
lupuloides_ChrX,248200000,249200000,0.000044
lupuloides_ChrX,248300000,249300000,0.000044
lupuloides_ChrX,248400000,249400000,0.000044
lupuloides_ChrX,248500000,249500000,0.000044
lupuloides_ChrX,248600000,249600000,0.000044
lupuloides_ChrX,248700000,249700000,0.000044
lupuloides_ChrX,248800000,249800000,0
lupuloides_ChrX,248900000,249900000,0
lupuloides_ChrX,249000000,250000000,0.000022
lupuloides_ChrX,249100000,250100000,0.000022
lupuloides_ChrX,249200000,250200000,0.000022
lupuloides_ChrX,249300000,250300000,0.000022
lupuloides_ChrX,249400000,250400000,0.000022
lupuloides_ChrX,249500000,250500000,0.000022
lupuloides_ChrX,249600000,250600000,0.000022
lupuloides_ChrX,249700000,250700000,0.000022
lupuloides_ChrX,249800000,250800000,0.000022
lupuloides_ChrX,249900000,250900000,0.000022
lupuloides_ChrX,250000000,251000000,0
lupuloides_ChrX,250100000,251100000,0
lupuloides_ChrX,250200000,251200000,0
lupuloides_ChrX,250300000,251300000,0
lupuloides_ChrX,250400000,251400000,0
lupuloides_ChrX,250500000,251500000,0
lupuloides_ChrX,250600000,251600000,0.000021
lupuloides_ChrX,250700000,251700000,0.000021
lupuloides_ChrX,250800000,251800000,0.000021
lupuloides_ChrX,250900000,251900000,0.000021
lupuloides_ChrX,251000000,252000000,0.000021
lupuloides_ChrX,251100000,252100000,0.000021
lupuloides_ChrX,251200000,252200000,0.000043
lupuloides_ChrX,251300000,252300000,0.000111
lupuloides_ChrX,251400000,252400000,0.000132
lupuloides_ChrX,251500000,252500000,0.000132
lupuloides_ChrX,251600000,252600000,0.000111
lupuloides_ChrX,251700000,252700000,0.000111
lupuloides_ChrX,251800000,252800000,0.000111
lupuloides_ChrX,251900000,252900000,0.000111
lupuloides_ChrX,252000000,253000000,0.000111
lupuloides_ChrX,252100000,253100000,0.000111
lupuloides_ChrX,252200000,253200000,0.000089
lupuloides_ChrX,252300000,253300000,0.000021
lupuloides_ChrX,252400000,253400000,0
lupuloides_ChrX,252500000,253500000,0
lupuloides_ChrX,252600000,253600000,0
lupuloides_ChrX,252700000,253700000,0
lupuloides_ChrX,252800000,253800000,0
lupuloides_ChrX,252900000,253900000,0
lupuloides_ChrX,253000000,254000000,0
lupuloides_ChrX,253100000,254100000,0
lupuloides_ChrX,253200000,254200000,0
lupuloides_ChrX,253300000,254300000,0
lupuloides_ChrX,253400000,254400000,0
lupuloides_ChrX,253500000,254500000,0
lupuloides_ChrX,253600000,254600000,0
lupuloides_ChrX,253700000,254700000,0
lupuloides_ChrX,253800000,254800000,0
lupuloides_ChrX,253900000,254900000,0
lupuloides_ChrX,254000000,255000000,0
lupuloides_ChrX,254100000,255100000,0
lupuloides_ChrX,254200000,255200000,0
lupuloides_ChrX,254300000,255300000,0.000021
lupuloides_ChrX,254400000,255400000,0.000021
lupuloides_ChrX,254500000,255500000,0.000021
lupuloides_ChrX,254600000,255600000,0.000021
lupuloides_ChrX,254700000,255700000,0.000021
lupuloides_ChrX,254800000,255800000,0.000021
lupuloides_ChrX,254900000,255900000,0.000021
lupuloides_ChrX,255000000,256000000,0.000021
lupuloides_ChrX,255100000,256100000,0.000021
lupuloides_ChrX,255200000,256200000,0.000021
lupuloides_ChrX,255300000,256300000,0
lupuloides_ChrX,255400000,256400000,0
lupuloides_ChrX,255500000,256500000,0.000023
lupuloides_ChrX,255600000,256600000,0.000023
lupuloides_ChrX,255700000,256700000,0.000023
lupuloides_ChrX,255800000,256800000,0.000023
lupuloides_ChrX,255900000,256900000,0.000023
lupuloides_ChrX,256000000,257000000,0.000023
lupuloides_ChrX,256100000,257100000,0.000023
lupuloides_ChrX,256200000,257200000,0.000023
lupuloides_ChrX,256300000,257300000,0.000023
lupuloides_ChrX,256400000,257400000,0.000023
lupuloides_ChrX,256500000,257500000,0.000029
lupuloides_ChrX,256600000,257600000,0.000029
lupuloides_ChrX,256700000,257700000,0.000029
lupuloides_ChrX,256800000,257800000,0.000029
lupuloides_ChrX,256900000,257900000,0.000029
lupuloides_ChrX,257000000,258000000,0.000029
lupuloides_ChrX,257100000,258100000,0.000029
lupuloides_ChrX,257200000,258200000,0.000029
lupuloides_ChrX,257300000,258300000,0.000029
lupuloides_ChrX,257400000,258400000,0.000029
lupuloides_ChrX,257500000,258500000,0
lupuloides_ChrX,257600000,258600000,0
lupuloides_ChrX,257700000,258700000,0
lupuloides_ChrX,257800000,258800000,0
lupuloides_ChrX,257900000,258900000,0
lupuloides_ChrX,258000000,259000000,0
lupuloides_ChrX,258100000,259100000,0
lupuloides_ChrX,258200000,259200000,0
lupuloides_ChrX,258300000,259300000,0
lupuloides_ChrX,258400000,259400000,0
lupuloides_ChrX,258500000,259500000,0
lupuloides_ChrX,258600000,259600000,0
lupuloides_ChrX,258700000,259700000,0.000027
lupuloides_ChrX,258800000,259800000,0.000027
lupuloides_ChrX,258900000,259900000,0.000027
lupuloides_ChrX,259000000,260000000,0.000027
lupuloides_ChrX,259100000,260100000,0.000027
lupuloides_ChrX,259200000,260200000,0.000027
lupuloides_ChrX,259300000,260300000,0.000027
lupuloides_ChrX,259400000,260400000,0.000027
lupuloides_ChrX,259500000,260500000,0.000027
lupuloides_ChrX,259600000,260600000,0.00005
lupuloides_ChrX,259700000,260700000,0.000023
lupuloides_ChrX,259800000,260800000,0.000023
lupuloides_ChrX,259900000,260900000,0.000023
lupuloides_ChrX,260000000,261000000,0.000023
lupuloides_ChrX,260100000,261100000,0.000023
lupuloides_ChrX,260200000,261200000,0.000044
lupuloides_ChrX,260300000,261300000,0.000044
lupuloides_ChrX,260400000,261400000,0.000044
lupuloides_ChrX,260500000,261500000,0.000044
lupuloides_ChrX,260600000,261600000,0.000021
lupuloides_ChrX,260700000,261700000,0.000021
lupuloides_ChrX,260800000,261800000,0.000021
lupuloides_ChrX,260900000,261900000,0.000021
lupuloides_ChrX,261000000,262000000,0.000021
lupuloides_ChrX,261100000,262100000,0.000021
lupuloides_ChrX,261200000,262200000,0
lupuloides_ChrX,261300000,262300000,0
lupuloides_ChrX,261400000,262400000,0
lupuloides_ChrX,261500000,262500000,0
lupuloides_ChrX,261600000,262600000,0
lupuloides_ChrX,261700000,262700000,0
lupuloides_ChrX,261800000,262800000,0
lupuloides_ChrX,261900000,262900000,0.000021
lupuloides_ChrX,262000000,263000000,0.000021
lupuloides_ChrX,262100000,263100000,0.000021
lupuloides_ChrX,262200000,263200000,0.000021
lupuloides_ChrX,262300000,263300000,0.000021
lupuloides_ChrX,262400000,263400000,0.000021
lupuloides_ChrX,262500000,263500000,0.000043
lupuloides_ChrX,262600000,263600000,0.000086
lupuloides_ChrX,262700000,263700000,0.000086
lupuloides_ChrX,262800000,263800000,0.000086
lupuloides_ChrX,262900000,263900000,0.000065
lupuloides_ChrX,263000000,264000000,0.000065
lupuloides_ChrX,263100000,264100000,0.000088
lupuloides_ChrX,263200000,264200000,0.000088
lupuloides_ChrX,263300000,264300000,0.000088
lupuloides_ChrX,263400000,264400000,0.000088
lupuloides_ChrX,263500000,264500000,0.000066
lupuloides_ChrX,263600000,264600000,0.000023
lupuloides_ChrX,263700000,264700000,0.000023
lupuloides_ChrX,263800000,264800000,0.000023
lupuloides_ChrX,263900000,264900000,0.000071
lupuloides_ChrX,264000000,265000000,0.000071
lupuloides_ChrX,264100000,265100000,0.000048
lupuloides_ChrX,264200000,265200000,0.000048
lupuloides_ChrX,264300000,265300000,0.000048
lupuloides_ChrX,264400000,265400000,0.000069
lupuloides_ChrX,264500000,265500000,0.000069
lupuloides_ChrX,264600000,265600000,0.000069
lupuloides_ChrX,264700000,265700000,0.000069
lupuloides_ChrX,264800000,265800000,0.000069
lupuloides_ChrX,264900000,265900000,0.000044
lupuloides_ChrX,265000000,266000000,0.000071
lupuloides_ChrX,265100000,266100000,0.000071
lupuloides_ChrX,265200000,266200000,0.000116
lupuloides_ChrX,265300000,266300000,0.000116
lupuloides_ChrX,265400000,266400000,0.000118
lupuloides_ChrX,265500000,266500000,0.000118
lupuloides_ChrX,265600000,266600000,0.000139
lupuloides_ChrX,265700000,266700000,0.000239
lupuloides_ChrX,265800000,266800000,0.000266
lupuloides_ChrX,265900000,266900000,0.000243
lupuloides_ChrX,266000000,267000000,0.000216
lupuloides_ChrX,266100000,267100000,0.000216
lupuloides_ChrX,266200000,267200000,0.000171
lupuloides_ChrX,266300000,267300000,0.000171
lupuloides_ChrX,266400000,267400000,0.000148
lupuloides_ChrX,266500000,267500000,0.000169
lupuloides_ChrX,266600000,267600000,0.000148
lupuloides_ChrX,266700000,267700000,0.000069
lupuloides_ChrX,266800000,267800000,0.000064
lupuloides_ChrX,266900000,267900000,0.000064
lupuloides_ChrX,267000000,268000000,0.000109
lupuloides_ChrX,267100000,268100000,0.000109
lupuloides_ChrX,267200000,268200000,0.000109
lupuloides_ChrX,267300000,268300000,0.000109
lupuloides_ChrX,267400000,268400000,0.000109
lupuloides_ChrX,267500000,268500000,0.00011
lupuloides_ChrX,267600000,268600000,0.00011
lupuloides_ChrX,267700000,268700000,0.000089
lupuloides_ChrX,267800000,268800000,0.000067
lupuloides_ChrX,267900000,268900000,0.000067
lupuloides_ChrX,268000000,269000000,0.000022
lupuloides_ChrX,268100000,269100000,0.000022
lupuloides_ChrX,268200000,269200000,0.000022
lupuloides_ChrX,268300000,269300000,0.000022
lupuloides_ChrX,268400000,269400000,0.000022
lupuloides_ChrX,268500000,269500000,0
lupuloides_ChrX,268600000,269600000,0
lupuloides_ChrX,268700000,269700000,0
lupuloides_ChrX,268800000,269800000,0
lupuloides_ChrX,268900000,269900000,0.000021
lupuloides_ChrX,269000000,270000000,0.000021
lupuloides_ChrX,269100000,270100000,0.000021
lupuloides_ChrX,269200000,270200000,0.000042
lupuloides_ChrX,269300000,270300000,0.000042
lupuloides_ChrX,269400000,270400000,0.000042
lupuloides_ChrX,269500000,270500000,0.000042
lupuloides_ChrX,269600000,270600000,0.000042
lupuloides_ChrX,269700000,270700000,0.000042
lupuloides_ChrX,269800000,270800000,0.000042
lupuloides_ChrX,269900000,270900000,0.000021
lupuloides_ChrX,270000000,271000000,0.000021
lupuloides_ChrX,270100000,271100000,0.000021
lupuloides_ChrX,270200000,271200000,0
lupuloides_ChrX,270300000,271300000,0
lupuloides_ChrX,270400000,271400000,0
lupuloides_ChrX,270500000,271500000,0
lupuloides_ChrX,270600000,271600000,0
lupuloides_ChrX,270700000,271700000,0
lupuloides_ChrX,270800000,271800000,0
lupuloides_ChrX,270900000,271900000,0
lupuloides_ChrX,271000000,272000000,0
lupuloides_ChrX,271100000,272033281,0
lupuloides_ChrX,271200000,272033281,0
lupuloides_ChrX,271300000,272033281,0
lupuloides_ChrX,271400000,272033281,0
lupuloides_ChrX,271500000,272033281,0
lupuloides_ChrX,271600000,272033281,0
lupuloides_ChrX,271700000,272033281,0
lupuloides_ChrX,271800000,272033281,0
lupuloides_ChrX,271900000,272033281,0
lupuloides_ChrX,272000000,272033281,0
lupuloides_ChrY,0,1000000,0.038286
lupuloides_ChrY,100000,1100000,0.038448
lupuloides_ChrY,200000,1200000,0.040666
lupuloides_ChrY,300000,1300000,0.044411
lupuloides_ChrY,400000,1400000,0.051209
lupuloides_ChrY,500000,1500000,0.052753
lupuloides_ChrY,600000,1600000,0.048119
lupuloides_ChrY,700000,1700000,0.03996
lupuloides_ChrY,800000,1800000,0.029047
lupuloides_ChrY,900000,1900000,0.029246
lupuloides_ChrY,1000000,2000000,0.025495
lupuloides_ChrY,1100000,2100000,0.027431
lupuloides_ChrY,1200000,2200000,0.034233
lupuloides_ChrY,1300000,2300000,0.031053
lupuloides_ChrY,1400000,2400000,0.024428
lupuloides_ChrY,1500000,2500000,0.022644
lupuloides_ChrY,1600000,2600000,0.021613
lupuloides_ChrY,1700000,2700000,0.020079
lupuloides_ChrY,1800000,2800000,0.020097
lupuloides_ChrY,1900000,2900000,0.029539
lupuloides_ChrY,2000000,3000000,0.029585
lupuloides_ChrY,2100000,3100000,0.028309
lupuloides_ChrY,2200000,3200000,0.020144
lupuloides_ChrY,2300000,3300000,0.01822
lupuloides_ChrY,2400000,3400000,0.02272
lupuloides_ChrY,2500000,3500000,0.023331
lupuloides_ChrY,2600000,3600000,0.026187
lupuloides_ChrY,2700000,3700000,0.027677
lupuloides_ChrY,2800000,3800000,0.027963
lupuloides_ChrY,2900000,3900000,0.017921
lupuloides_ChrY,3000000,4000000,0.024104
lupuloides_ChrY,3100000,4100000,0.02414
lupuloides_ChrY,3200000,4200000,0.023995
lupuloides_ChrY,3300000,4300000,0.026765
lupuloides_ChrY,3400000,4400000,0.028441
lupuloides_ChrY,3500000,4500000,0.030019
lupuloides_ChrY,3600000,4600000,0.028753
lupuloides_ChrY,3700000,4700000,0.030184
lupuloides_ChrY,3800000,4800000,0.029784
lupuloides_ChrY,3900000,4900000,0.029097
lupuloides_ChrY,4000000,5000000,0.022065
lupuloides_ChrY,4100000,5100000,0.021811
lupuloides_ChrY,4200000,5200000,0.020863
lupuloides_ChrY,4300000,5300000,0.022742
lupuloides_ChrY,4400000,5400000,0.017256
lupuloides_ChrY,4500000,5500000,0.016908
lupuloides_ChrY,4600000,5600000,0.026056
lupuloides_ChrY,4700000,5700000,0.026217
lupuloides_ChrY,4800000,5800000,0.026051
lupuloides_ChrY,4900000,5900000,0.025641
lupuloides_ChrY,5000000,6000000,0.024621
lupuloides_ChrY,5100000,6100000,0.024893
lupuloides_ChrY,5200000,6200000,0.026493
lupuloides_ChrY,5300000,6300000,0.023662
lupuloides_ChrY,5400000,6400000,0.023344
lupuloides_ChrY,5500000,6500000,0.039963
lupuloides_ChrY,5600000,6600000,0.035475
lupuloides_ChrY,5700000,6700000,0.034079
lupuloides_ChrY,5800000,6800000,0.0341
lupuloides_ChrY,5900000,6900000,0.03508
lupuloides_ChrY,6000000,7000000,0.036209
lupuloides_ChrY,6100000,7100000,0.036256
lupuloides_ChrY,6200000,7200000,0.034332
lupuloides_ChrY,6300000,7300000,0.038768
lupuloides_ChrY,6400000,7400000,0.038091
lupuloides_ChrY,6500000,7500000,0.021526
lupuloides_ChrY,6600000,7600000,0.016891
lupuloides_ChrY,6700000,7700000,0.016672
lupuloides_ChrY,6800000,7800000,0.016827
lupuloides_ChrY,6900000,7900000,0.01783
lupuloides_ChrY,7000000,8000000,0.017692
lupuloides_ChrY,7100000,8100000,0.018391
lupuloides_ChrY,7200000,8200000,0.021189
lupuloides_ChrY,7300000,8300000,0.016807
lupuloides_ChrY,7400000,8400000,0.01798
lupuloides_ChrY,7500000,8500000,0.017443
lupuloides_ChrY,7600000,8600000,0.018746
lupuloides_ChrY,7700000,8700000,0.019582
lupuloides_ChrY,7800000,8800000,0.023855
lupuloides_ChrY,7900000,8900000,0.023828
lupuloides_ChrY,8000000,9000000,0.025413
lupuloides_ChrY,8100000,9100000,0.024594
lupuloides_ChrY,8200000,9200000,0.023912
lupuloides_ChrY,8300000,9300000,0.02288
lupuloides_ChrY,8400000,9400000,0.023615
lupuloides_ChrY,8500000,9500000,0.023401
lupuloides_ChrY,8600000,9600000,0.02164
lupuloides_ChrY,8700000,9700000,0.019357
lupuloides_ChrY,8800000,9800000,0.016201
lupuloides_ChrY,8900000,9900000,0.015092
lupuloides_ChrY,9000000,10000000,0.013728
lupuloides_ChrY,9100000,10100000,0.014756
lupuloides_ChrY,9200000,10200000,0.01635
lupuloides_ChrY,9300000,10300000,0.016008
lupuloides_ChrY,9400000,10400000,0.014782
lupuloides_ChrY,9500000,10500000,0.014193
lupuloides_ChrY,9600000,10600000,0.01345
lupuloides_ChrY,9700000,10700000,0.014162
lupuloides_ChrY,9800000,10800000,0.012845
lupuloides_ChrY,9900000,10900000,0.012364
lupuloides_ChrY,10000000,11000000,0.011574
lupuloides_ChrY,10100000,11100000,0.012731
lupuloides_ChrY,10200000,11200000,0.009097
lupuloides_ChrY,10300000,11300000,0.008379
lupuloides_ChrY,10400000,11400000,0.007833
lupuloides_ChrY,10500000,11500000,0.007864
lupuloides_ChrY,10600000,11600000,0.00851
lupuloides_ChrY,10700000,11700000,0.008559
lupuloides_ChrY,10800000,11800000,0.009903
lupuloides_ChrY,10900000,11900000,0.009541
lupuloides_ChrY,11000000,12000000,0.009318
lupuloides_ChrY,11100000,12100000,0.006305
lupuloides_ChrY,11200000,12200000,0.006187
lupuloides_ChrY,11300000,12300000,0.006293
lupuloides_ChrY,11400000,12400000,0.006487
lupuloides_ChrY,11500000,12500000,0.005783
lupuloides_ChrY,11600000,12600000,0.004699
lupuloides_ChrY,11700000,12700000,0.003562
lupuloides_ChrY,11800000,12800000,0.005616
lupuloides_ChrY,11900000,12900000,0.02057
lupuloides_ChrY,12000000,13000000,0.021757
lupuloides_ChrY,12100000,13100000,0.022817
lupuloides_ChrY,12200000,13200000,0.02308
lupuloides_ChrY,12300000,13300000,0.023798
lupuloides_ChrY,12400000,13400000,0.023787
lupuloides_ChrY,12500000,13500000,0.024218
lupuloides_ChrY,12600000,13600000,0.025069
lupuloides_ChrY,12700000,13700000,0.057879
lupuloides_ChrY,12800000,13800000,0.055855
lupuloides_ChrY,12900000,13900000,0.041853
lupuloides_ChrY,13000000,14000000,0.044844
lupuloides_ChrY,13100000,14100000,0.051479
lupuloides_ChrY,13200000,14200000,0.057354
lupuloides_ChrY,13300000,14300000,0.056855
lupuloides_ChrY,13400000,14400000,0.057442
lupuloides_ChrY,13500000,14500000,0.058593
lupuloides_ChrY,13600000,14600000,0.058279
lupuloides_ChrY,13700000,14700000,0.027084
lupuloides_ChrY,13800000,14800000,0.027306
lupuloides_ChrY,13900000,14900000,0.034558
lupuloides_ChrY,14000000,15000000,0.033334
lupuloides_ChrY,14100000,15100000,0.027297
lupuloides_ChrY,14200000,15200000,0.021201
lupuloides_ChrY,14300000,15300000,0.020957
lupuloides_ChrY,14400000,15400000,0.020146
lupuloides_ChrY,14500000,15500000,0.0186
lupuloides_ChrY,14600000,15600000,0.018182
lupuloides_ChrY,14700000,15700000,0.016548
lupuloides_ChrY,14800000,15800000,0.014427
lupuloides_ChrY,14900000,15900000,0.006134
lupuloides_ChrY,15000000,16000000,0.003103
lupuloides_ChrY,15100000,16100000,0.001439
lupuloides_ChrY,15200000,16200000,0.001348
lupuloides_ChrY,15300000,16300000,0.001367
lupuloides_ChrY,15400000,16400000,0.001536
lupuloides_ChrY,15500000,16500000,0.00161
lupuloides_ChrY,15600000,16600000,0.001637
lupuloides_ChrY,15700000,16700000,0.001939
lupuloides_ChrY,15800000,16800000,0.001867
lupuloides_ChrY,15900000,16900000,0.001995
lupuloides_ChrY,16000000,17000000,0.001927
lupuloides_ChrY,16100000,17100000,0.002114
lupuloides_ChrY,16200000,17200000,0.002145
lupuloides_ChrY,16300000,17300000,0.002106
lupuloides_ChrY,16400000,17400000,0.001971
lupuloides_ChrY,16500000,17500000,0.00194
lupuloides_ChrY,16600000,17600000,0.001823
lupuloides_ChrY,16700000,17700000,0.001685
lupuloides_ChrY,16800000,17800000,0.003011
lupuloides_ChrY,16900000,17900000,0.003718
lupuloides_ChrY,17000000,18000000,0.004102
lupuloides_ChrY,17100000,18100000,0.005189
lupuloides_ChrY,17200000,18200000,0.005279
lupuloides_ChrY,17300000,18300000,0.006295
lupuloides_ChrY,17400000,18400000,0.008795
lupuloides_ChrY,17500000,18500000,0.009362
lupuloides_ChrY,17600000,18600000,0.010181
lupuloides_ChrY,17700000,18700000,0.010573
lupuloides_ChrY,17800000,18800000,0.009953
lupuloides_ChrY,17900000,18900000,0.009068
lupuloides_ChrY,18000000,19000000,0.009174
lupuloides_ChrY,18100000,19100000,0.008571
lupuloides_ChrY,18200000,19200000,0.008951
lupuloides_ChrY,18300000,19300000,0.009412
lupuloides_ChrY,18400000,19400000,0.00816
lupuloides_ChrY,18500000,19500000,0.008408
lupuloides_ChrY,18600000,19600000,0.019726
lupuloides_ChrY,18700000,19700000,0.020452
lupuloides_ChrY,18800000,19800000,0.020675
lupuloides_ChrY,18900000,19900000,0.02168
lupuloides_ChrY,19000000,20000000,0.021734
lupuloides_ChrY,19100000,20100000,0.023402
lupuloides_ChrY,19200000,20200000,0.023588
lupuloides_ChrY,19300000,20300000,0.022264
lupuloides_ChrY,19400000,20400000,0.022569
lupuloides_ChrY,19500000,20500000,0.022655
lupuloides_ChrY,19600000,20600000,0.012727
lupuloides_ChrY,19700000,20700000,0.015113
lupuloides_ChrY,19800000,20800000,0.015112
lupuloides_ChrY,19900000,20900000,0.014696
lupuloides_ChrY,20000000,21000000,0.014849
lupuloides_ChrY,20100000,21100000,0.013059
lupuloides_ChrY,20200000,21200000,0.012505
lupuloides_ChrY,20300000,21300000,0.015888
lupuloides_ChrY,20400000,21400000,0.017173
lupuloides_ChrY,20500000,21500000,0.018356
lupuloides_ChrY,20600000,21600000,0.017557
lupuloides_ChrY,20700000,21700000,0.01541
lupuloides_ChrY,20800000,21800000,0.015699
lupuloides_ChrY,20900000,21900000,0.017564
lupuloides_ChrY,21000000,22000000,0.018465
lupuloides_ChrY,21100000,22100000,0.018678
lupuloides_ChrY,21200000,22200000,0.019375
lupuloides_ChrY,21300000,22300000,0.01674
lupuloides_ChrY,21400000,22400000,0.014653
lupuloides_ChrY,21500000,22500000,0.012468
lupuloides_ChrY,21600000,22600000,0.01095
lupuloides_ChrY,21700000,22700000,0.00954
lupuloides_ChrY,21800000,22800000,0.00916
lupuloides_ChrY,21900000,22900000,0.007713
lupuloides_ChrY,22000000,23000000,0.006667
lupuloides_ChrY,22100000,23100000,0.007354
lupuloides_ChrY,22200000,23200000,0.007092
lupuloides_ChrY,22300000,23300000,0.007276
lupuloides_ChrY,22400000,23400000,0.00851
lupuloides_ChrY,22500000,23500000,0.009434
lupuloides_ChrY,22600000,23600000,0.010738
lupuloides_ChrY,22700000,23700000,0.011881
lupuloides_ChrY,22800000,23800000,0.012916
lupuloides_ChrY,22900000,23900000,0.013978
lupuloides_ChrY,23000000,24000000,0.015068
lupuloides_ChrY,23100000,24100000,0.014513
lupuloides_ChrY,23200000,24200000,0.015506
lupuloides_ChrY,23300000,24300000,0.015584
lupuloides_ChrY,23400000,24400000,0.014788
lupuloides_ChrY,23500000,24500000,0.015699
lupuloides_ChrY,23600000,24600000,0.018988
lupuloides_ChrY,23700000,24700000,0.031528
lupuloides_ChrY,23800000,24800000,0.030452
lupuloides_ChrY,23900000,24900000,0.030217
lupuloides_ChrY,24000000,25000000,0.029931
lupuloides_ChrY,24100000,25100000,0.031138
lupuloides_ChrY,24200000,25200000,0.031216
lupuloides_ChrY,24300000,25300000,0.031997
lupuloides_ChrY,24400000,25400000,0.031586
lupuloides_ChrY,24500000,25500000,0.030266
lupuloides_ChrY,24600000,25600000,0.027139
lupuloides_ChrY,24700000,25700000,0.014273
lupuloides_ChrY,24800000,25800000,0.014866
lupuloides_ChrY,24900000,25900000,0.015405
lupuloides_ChrY,25000000,26000000,0.016707
lupuloides_ChrY,25100000,26100000,0.015241
lupuloides_ChrY,25200000,26200000,0.014542
lupuloides_ChrY,25300000,26300000,0.012986
lupuloides_ChrY,25400000,26400000,0.014408
lupuloides_ChrY,25500000,26500000,0.0158
lupuloides_ChrY,25600000,26600000,0.016283
lupuloides_ChrY,25700000,26700000,0.016743
lupuloides_ChrY,25800000,26800000,0.017076
lupuloides_ChrY,25900000,26900000,0.015352
lupuloides_ChrY,26000000,27000000,0.013463
lupuloides_ChrY,26100000,27100000,0.014534
lupuloides_ChrY,26200000,27200000,0.01491
lupuloides_ChrY,26300000,27300000,0.015509
lupuloides_ChrY,26400000,27400000,0.014873
lupuloides_ChrY,26500000,27500000,0.013907
lupuloides_ChrY,26600000,27600000,0.013688
lupuloides_ChrY,26700000,27700000,0.012646
lupuloides_ChrY,26800000,27800000,0.012253
lupuloides_ChrY,26900000,27900000,0.012129
lupuloides_ChrY,27000000,28000000,0.011847
lupuloides_ChrY,27100000,28100000,0.011848
lupuloides_ChrY,27200000,28200000,0.01185
lupuloides_ChrY,27300000,28300000,0.013964
lupuloides_ChrY,27400000,28400000,0.013682
lupuloides_ChrY,27500000,28500000,0.014275
lupuloides_ChrY,27600000,28600000,0.013727
lupuloides_ChrY,27700000,28700000,0.014452
lupuloides_ChrY,27800000,28800000,0.013862
lupuloides_ChrY,27900000,28900000,0.014266
lupuloides_ChrY,28000000,29000000,0.015148
lupuloides_ChrY,28100000,29100000,0.013677
lupuloides_ChrY,28200000,29200000,0.014152
lupuloides_ChrY,28300000,29300000,0.01204
lupuloides_ChrY,28400000,29400000,0.012835
lupuloides_ChrY,28500000,29500000,0.014518
lupuloides_ChrY,28600000,29600000,0.013661
lupuloides_ChrY,28700000,29700000,0.014054
lupuloides_ChrY,28800000,29800000,0.015131
lupuloides_ChrY,28900000,29900000,0.020202
lupuloides_ChrY,29000000,30000000,0.019693
lupuloides_ChrY,29100000,30100000,0.021326
lupuloides_ChrY,29200000,30200000,0.020169
lupuloides_ChrY,29300000,30300000,0.019645
lupuloides_ChrY,29400000,30400000,0.018696
lupuloides_ChrY,29500000,30500000,0.01676
lupuloides_ChrY,29600000,30600000,0.017559
lupuloides_ChrY,29700000,30700000,0.017768
lupuloides_ChrY,29800000,30800000,0.016228
lupuloides_ChrY,29900000,30900000,0.01098
lupuloides_ChrY,30000000,31000000,0.010414
lupuloides_ChrY,30100000,31100000,0.010716
lupuloides_ChrY,30200000,31200000,0.010555
lupuloides_ChrY,30300000,31300000,0.010638
lupuloides_ChrY,30400000,31400000,0.010403
lupuloides_ChrY,30500000,31500000,0.009705
lupuloides_ChrY,30600000,31600000,0.009521
lupuloides_ChrY,30700000,31700000,0.008426
lupuloides_ChrY,30800000,31800000,0.009151
lupuloides_ChrY,30900000,31900000,0.008872
lupuloides_ChrY,31000000,32000000,0.009485
lupuloides_ChrY,31100000,32100000,0.008172
lupuloides_ChrY,31200000,32200000,0.008719
lupuloides_ChrY,31300000,32300000,0.009118
lupuloides_ChrY,31400000,32400000,0.008622
lupuloides_ChrY,31500000,32500000,0.009434
lupuloides_ChrY,31600000,32600000,0.009639
lupuloides_ChrY,31700000,32700000,0.009612
lupuloides_ChrY,31800000,32800000,0.008937
lupuloides_ChrY,31900000,32900000,0.008969
lupuloides_ChrY,32000000,33000000,0.008453
lupuloides_ChrY,32100000,33100000,0.008558
lupuloides_ChrY,32200000,33200000,0.007928
lupuloides_ChrY,32300000,33300000,0.010909
lupuloides_ChrY,32400000,33400000,0.023328
lupuloides_ChrY,32500000,33500000,0.022462
lupuloides_ChrY,32600000,33600000,0.022152
lupuloides_ChrY,32700000,33700000,0.023855
lupuloides_ChrY,32800000,33800000,0.02396
lupuloides_ChrY,32900000,33900000,0.024702
lupuloides_ChrY,33000000,34000000,0.025094
lupuloides_ChrY,33100000,34100000,0.025052
lupuloides_ChrY,33200000,34200000,0.024997
lupuloides_ChrY,33300000,34300000,0.02193
lupuloides_ChrY,33400000,34400000,0.010036
lupuloides_ChrY,33500000,34500000,0.010809
lupuloides_ChrY,33600000,34600000,0.010806
lupuloides_ChrY,33700000,34700000,0.009718
lupuloides_ChrY,33800000,34800000,0.010794
lupuloides_ChrY,33900000,34900000,0.010007
lupuloides_ChrY,34000000,35000000,0.010611
lupuloides_ChrY,34100000,35100000,0.010774
lupuloides_ChrY,34200000,35200000,0.011233
lupuloides_ChrY,34300000,35300000,0.011637
lupuloides_ChrY,34400000,35400000,0.011625
lupuloides_ChrY,34500000,35500000,0.011108
lupuloides_ChrY,34600000,35600000,0.012015
lupuloides_ChrY,34700000,35700000,0.012636
lupuloides_ChrY,34800000,35800000,0.013201
lupuloides_ChrY,34900000,35900000,0.017349
lupuloides_ChrY,35000000,36000000,0.020097
lupuloides_ChrY,35100000,36100000,0.01951
lupuloides_ChrY,35200000,36200000,0.020791
lupuloides_ChrY,35300000,36300000,0.021635
lupuloides_ChrY,35400000,36400000,0.020621
lupuloides_ChrY,35500000,36500000,0.019898
lupuloides_ChrY,35600000,36600000,0.018456
lupuloides_ChrY,35700000,36700000,0.016778
lupuloides_ChrY,35800000,36800000,0.014663
lupuloides_ChrY,35900000,36900000,0.010257
lupuloides_ChrY,36000000,37000000,0.006037
lupuloides_ChrY,36100000,37100000,0.005699
lupuloides_ChrY,36200000,37200000,0.003606
lupuloides_ChrY,36300000,37300000,0.001447
lupuloides_ChrY,36400000,37400000,0.001533
lupuloides_ChrY,36500000,37500000,0.001475
lupuloides_ChrY,36600000,37600000,0.001315
lupuloides_ChrY,36700000,37700000,0.001419
lupuloides_ChrY,36800000,37800000,0.004488
lupuloides_ChrY,36900000,37900000,0.006138
lupuloides_ChrY,37000000,38000000,0.006679
lupuloides_ChrY,37100000,38100000,0.007232
lupuloides_ChrY,37200000,38200000,0.01625
lupuloides_ChrY,37300000,38300000,0.023283
lupuloides_ChrY,37400000,38400000,0.023813
lupuloides_ChrY,37500000,38500000,0.024604
lupuloides_ChrY,37600000,38600000,0.026523
lupuloides_ChrY,37700000,38700000,0.028335
lupuloides_ChrY,37800000,38800000,0.026391
lupuloides_ChrY,37900000,38900000,0.025999
lupuloides_ChrY,38000000,39000000,0.032597
lupuloides_ChrY,38100000,39100000,0.033555
lupuloides_ChrY,38200000,39200000,0.025715
lupuloides_ChrY,38300000,39300000,0.019958
lupuloides_ChrY,38400000,39400000,0.019993
lupuloides_ChrY,38500000,39500000,0.020192
lupuloides_ChrY,38600000,39600000,0.018966
lupuloides_ChrY,38700000,39700000,0.020292
lupuloides_ChrY,38800000,39800000,0.021317
lupuloides_ChrY,38900000,39900000,0.02299
lupuloides_ChrY,39000000,40000000,0.017469
lupuloides_ChrY,39100000,40100000,0.017495
lupuloides_ChrY,39200000,40200000,0.017231
lupuloides_ChrY,39300000,40300000,0.017322
lupuloides_ChrY,39400000,40400000,0.017465
lupuloides_ChrY,39500000,40500000,0.017058
lupuloides_ChrY,39600000,40600000,0.017317
lupuloides_ChrY,39700000,40700000,0.014706
lupuloides_ChrY,39800000,40800000,0.01341
lupuloides_ChrY,39900000,40900000,0.014053
lupuloides_ChrY,40000000,41000000,0.016993
lupuloides_ChrY,40100000,41100000,0.016438
lupuloides_ChrY,40200000,41200000,0.016783
lupuloides_ChrY,40300000,41300000,0.016354
lupuloides_ChrY,40400000,41400000,0.016363
lupuloides_ChrY,40500000,41500000,0.016722
lupuloides_ChrY,40600000,41600000,0.017649
lupuloides_ChrY,40700000,41700000,0.01841
lupuloides_ChrY,40800000,41800000,0.018024
lupuloides_ChrY,40900000,41900000,0.01562
lupuloides_ChrY,41000000,42000000,0.011805
lupuloides_ChrY,41100000,42100000,0.011434
lupuloides_ChrY,41200000,42200000,0.011147
lupuloides_ChrY,41300000,42300000,0.011299
lupuloides_ChrY,41400000,42400000,0.011781
lupuloides_ChrY,41500000,42500000,0.012236
lupuloides_ChrY,41600000,42600000,0.011534
lupuloides_ChrY,41700000,42700000,0.010886
lupuloides_ChrY,41800000,42800000,0.011324
lupuloides_ChrY,41900000,42900000,0.011237
lupuloides_ChrY,42000000,43000000,0.01123
lupuloides_ChrY,42100000,43100000,0.011993
lupuloides_ChrY,42200000,43200000,0.012103
lupuloides_ChrY,42300000,43300000,0.012164
lupuloides_ChrY,42400000,43400000,0.011304
lupuloides_ChrY,42500000,43500000,0.011122
lupuloides_ChrY,42600000,43600000,0.010638
lupuloides_ChrY,42700000,43700000,0.011026
lupuloides_ChrY,42800000,43800000,0.011458
lupuloides_ChrY,42900000,43900000,0.011583
lupuloides_ChrY,43000000,44000000,0.012071
lupuloides_ChrY,43100000,44100000,0.011946
lupuloides_ChrY,43200000,44200000,0.012842
lupuloides_ChrY,43300000,44300000,0.013466
lupuloides_ChrY,43400000,44400000,0.014472
lupuloides_ChrY,43500000,44500000,0.014649
lupuloides_ChrY,43600000,44600000,0.014647
lupuloides_ChrY,43700000,44700000,0.014189
lupuloides_ChrY,43800000,44800000,0.01369
lupuloides_ChrY,43900000,44900000,0.013518
lupuloides_ChrY,44000000,45000000,0.013611
lupuloides_ChrY,44100000,45100000,0.013041
lupuloides_ChrY,44200000,45200000,0.011846
lupuloides_ChrY,44300000,45300000,0.011404
lupuloides_ChrY,44400000,45400000,0.012274
lupuloides_ChrY,44500000,45500000,0.012053
lupuloides_ChrY,44600000,45600000,0.012153
lupuloides_ChrY,44700000,45700000,0.013137
lupuloides_ChrY,44800000,45800000,0.014131
lupuloides_ChrY,44900000,45900000,0.014097
lupuloides_ChrY,45000000,46000000,0.012824
lupuloides_ChrY,45100000,46100000,0.013969
lupuloides_ChrY,45200000,46200000,0.019205
lupuloides_ChrY,45300000,46300000,0.020842
lupuloides_ChrY,45400000,46400000,0.024011
lupuloides_ChrY,45500000,46500000,0.03267
lupuloides_ChrY,45600000,46600000,0.032584
lupuloides_ChrY,45700000,46700000,0.031297
lupuloides_ChrY,45800000,46800000,0.030869
lupuloides_ChrY,45900000,46900000,0.03127
lupuloides_ChrY,46000000,47000000,0.032604
lupuloides_ChrY,46100000,47100000,0.032006
lupuloides_ChrY,46200000,47200000,0.026631
lupuloides_ChrY,46300000,47300000,0.025173
lupuloides_ChrY,46400000,47400000,0.021627
lupuloides_ChrY,46500000,47500000,0.015528
lupuloides_ChrY,46600000,47600000,0.016387
lupuloides_ChrY,46700000,47700000,0.018921
lupuloides_ChrY,46800000,47800000,0.021875
lupuloides_ChrY,46900000,47900000,0.025755
lupuloides_ChrY,47000000,48000000,0.025752
lupuloides_ChrY,47100000,48100000,0.028715
lupuloides_ChrY,47200000,48200000,0.029882
lupuloides_ChrY,47300000,48300000,0.029365
lupuloides_ChrY,47400000,48400000,0.029577
lupuloides_ChrY,47500000,48500000,0.027027
lupuloides_ChrY,47600000,48600000,0.029634
lupuloides_ChrY,47700000,48700000,0.027239
lupuloides_ChrY,47800000,48800000,0.026156
lupuloides_ChrY,47900000,48900000,0.021563
lupuloides_ChrY,48000000,49000000,0.021769
lupuloides_ChrY,48100000,49100000,0.022577
lupuloides_ChrY,48200000,49200000,0.021463
lupuloides_ChrY,48300000,49300000,0.02096
lupuloides_ChrY,48400000,49400000,0.019744
lupuloides_ChrY,48500000,49500000,0.025447
lupuloides_ChrY,48600000,49600000,0.024208
lupuloides_ChrY,48700000,49700000,0.025779
lupuloides_ChrY,48800000,49800000,0.025922
lupuloides_ChrY,48900000,49900000,0.026659
lupuloides_ChrY,49000000,50000000,0.026551
lupuloides_ChrY,49100000,50100000,0.026281
lupuloides_ChrY,49200000,50200000,0.030286
lupuloides_ChrY,49300000,50300000,0.032161
lupuloides_ChrY,49400000,50400000,0.032427
lupuloides_ChrY,49500000,50500000,0.029392
lupuloides_ChrY,49600000,50600000,0.02712
lupuloides_ChrY,49700000,50700000,0.025918
lupuloides_ChrY,49800000,50800000,0.023247
lupuloides_ChrY,49900000,50900000,0.022941
lupuloides_ChrY,50000000,51000000,0.02239
lupuloides_ChrY,50100000,51100000,0.018674
lupuloides_ChrY,50200000,51200000,0.025319
lupuloides_ChrY,50300000,51300000,0.025679
lupuloides_ChrY,50400000,51400000,0.028052
lupuloides_ChrY,50500000,51500000,0.027492
lupuloides_ChrY,50600000,51600000,0.028365
lupuloides_ChrY,50700000,51700000,0.028448
lupuloides_ChrY,50800000,51800000,0.02917
lupuloides_ChrY,50900000,51900000,0.02845
lupuloides_ChrY,51000000,52000000,0.028695
lupuloides_ChrY,51100000,52100000,0.030247
lupuloides_ChrY,51200000,52200000,0.0201
lupuloides_ChrY,51300000,52300000,0.019214
lupuloides_ChrY,51400000,52400000,0.017788
lupuloides_ChrY,51500000,52500000,0.017077
lupuloides_ChrY,51600000,52600000,0.017053
lupuloides_ChrY,51700000,52700000,0.018968
lupuloides_ChrY,51800000,52800000,0.019153
lupuloides_ChrY,51900000,52900000,0.019334
lupuloides_ChrY,52000000,53000000,0.018541
lupuloides_ChrY,52100000,53100000,0.017496
lupuloides_ChrY,52200000,53200000,0.016803
lupuloides_ChrY,52300000,53300000,0.016803
lupuloides_ChrY,52400000,53400000,0.015841
lupuloides_ChrY,52500000,53500000,0.014044
lupuloides_ChrY,52600000,53600000,0.013264
lupuloides_ChrY,52700000,53700000,0.01114
lupuloides_ChrY,52800000,53800000,0.010735
lupuloides_ChrY,52900000,53900000,0.011729
lupuloides_ChrY,53000000,54000000,0.014432
lupuloides_ChrY,53100000,54100000,0.014527
lupuloides_ChrY,53200000,54200000,0.014789
lupuloides_ChrY,53300000,54300000,0.015817
lupuloides_ChrY,53400000,54400000,0.015867
lupuloides_ChrY,53500000,54500000,0.015719
lupuloides_ChrY,53600000,54600000,0.016362
lupuloides_ChrY,53700000,54700000,0.016259
lupuloides_ChrY,53800000,54800000,0.016361
lupuloides_ChrY,53900000,54900000,0.015558
lupuloides_ChrY,54000000,55000000,0.014363
lupuloides_ChrY,54100000,55100000,0.013956
lupuloides_ChrY,54200000,55200000,0.014009
lupuloides_ChrY,54300000,55300000,0.012931
lupuloides_ChrY,54400000,55400000,0.013362
lupuloides_ChrY,54500000,55500000,0.014834
lupuloides_ChrY,54600000,55600000,0.014198
lupuloides_ChrY,54700000,55700000,0.014765
lupuloides_ChrY,54800000,55800000,0.016414
lupuloides_ChrY,54900000,55900000,0.016458
lupuloides_ChrY,55000000,56000000,0.016614
lupuloides_ChrY,55100000,56100000,0.016738
lupuloides_ChrY,55200000,56200000,0.020899
lupuloides_ChrY,55300000,56300000,0.019383
lupuloides_ChrY,55400000,56400000,0.017871
lupuloides_ChrY,55500000,56500000,0.016149
lupuloides_ChrY,55600000,56600000,0.015915
lupuloides_ChrY,55700000,56700000,0.015742
lupuloides_ChrY,55800000,56800000,0.014582
lupuloides_ChrY,55900000,56900000,0.014594
lupuloides_ChrY,56000000,57000000,0.015598
lupuloides_ChrY,56100000,57100000,0.015773
lupuloides_ChrY,56200000,57200000,0.012658
lupuloides_ChrY,56300000,57300000,0.013864
lupuloides_ChrY,56400000,57400000,0.01748
lupuloides_ChrY,56500000,57500000,0.01881
lupuloides_ChrY,56600000,57600000,0.019337
lupuloides_ChrY,56700000,57700000,0.029257
lupuloides_ChrY,56800000,57800000,0.028737
lupuloides_ChrY,56900000,57900000,0.030469
lupuloides_ChrY,57000000,58000000,0.030735
lupuloides_ChrY,57100000,58100000,0.031253
lupuloides_ChrY,57200000,58200000,0.031789
lupuloides_ChrY,57300000,58300000,0.032612
lupuloides_ChrY,57400000,58400000,0.029451
lupuloides_ChrY,57500000,58500000,0.027729
lupuloides_ChrY,57600000,58600000,0.028389
lupuloides_ChrY,57700000,58700000,0.018825
lupuloides_ChrY,57800000,58800000,0.019006
lupuloides_ChrY,57900000,58900000,0.017825
lupuloides_ChrY,58000000,59000000,0.015341
lupuloides_ChrY,58100000,59100000,0.014658
lupuloides_ChrY,58200000,59200000,0.013645
lupuloides_ChrY,58300000,59300000,0.012468
lupuloides_ChrY,58400000,59400000,0.013259
lupuloides_ChrY,58500000,59500000,0.015965
lupuloides_ChrY,58600000,59600000,0.02445
lupuloides_ChrY,58700000,59700000,0.026254
lupuloides_ChrY,58800000,59800000,0.044188
lupuloides_ChrY,58900000,59900000,0.053711
lupuloides_ChrY,59000000,60000000,0.053717
lupuloides_ChrY,59100000,60100000,0.054771
lupuloides_ChrY,59200000,60200000,0.053991
lupuloides_ChrY,59300000,60300000,0.05356
lupuloides_ChrY,59400000,60400000,0.052553
lupuloides_ChrY,59500000,60500000,0.050608
lupuloides_ChrY,59600000,60600000,0.040943
lupuloides_ChrY,59700000,60700000,0.038194
lupuloides_ChrY,59800000,60800000,0.020271
lupuloides_ChrY,59900000,60900000,0.01106
lupuloides_ChrY,60000000,61000000,0.012367
lupuloides_ChrY,60100000,61100000,0.012043
lupuloides_ChrY,60200000,61200000,0.012841
lupuloides_ChrY,60300000,61300000,0.016373
lupuloides_ChrY,60400000,61400000,0.0176
lupuloides_ChrY,60500000,61500000,0.017352
lupuloides_ChrY,60600000,61600000,0.017663
lupuloides_ChrY,60700000,61700000,0.018552
lupuloides_ChrY,60800000,61800000,0.018535
lupuloides_ChrY,60900000,61900000,0.017022
lupuloides_ChrY,61000000,62000000,0.01648
lupuloides_ChrY,61100000,62100000,0.016915
lupuloides_ChrY,61200000,62200000,0.017305
lupuloides_ChrY,61300000,62300000,0.015458
lupuloides_ChrY,61400000,62400000,0.015651
lupuloides_ChrY,61500000,62500000,0.016742
lupuloides_ChrY,61600000,62600000,0.017343
lupuloides_ChrY,61700000,62700000,0.017557
lupuloides_ChrY,61800000,62800000,0.016767
lupuloides_ChrY,61900000,62900000,0.017164
lupuloides_ChrY,62000000,63000000,0.017059
lupuloides_ChrY,62100000,63100000,0.015392
lupuloides_ChrY,62200000,63200000,0.013984
lupuloides_ChrY,62300000,63300000,0.012518
lupuloides_ChrY,62400000,63400000,0.011784
lupuloides_ChrY,62500000,63500000,0.011033
lupuloides_ChrY,62600000,63600000,0.010291
lupuloides_ChrY,62700000,63700000,0.009402
lupuloides_ChrY,62800000,63800000,0.010798
lupuloides_ChrY,62900000,63900000,0.018411
lupuloides_ChrY,63000000,64000000,0.020249
lupuloides_ChrY,63100000,64100000,0.022581
lupuloides_ChrY,63200000,64200000,0.024
lupuloides_ChrY,63300000,64300000,0.02565
lupuloides_ChrY,63400000,64400000,0.026277
lupuloides_ChrY,63500000,64500000,0.026863
lupuloides_ChrY,63600000,64600000,0.026825
lupuloides_ChrY,63700000,64700000,0.026528
lupuloides_ChrY,63800000,64800000,0.025663
lupuloides_ChrY,63900000,64900000,0.017981
lupuloides_ChrY,64000000,65000000,0.014915
lupuloides_ChrY,64100000,65100000,0.012585
lupuloides_ChrY,64200000,65200000,0.01176
lupuloides_ChrY,64300000,65300000,0.011513
lupuloides_ChrY,64400000,65400000,0.009863
lupuloides_ChrY,64500000,65500000,0.008602
lupuloides_ChrY,64600000,65600000,0.007935
lupuloides_ChrY,64700000,65700000,0.008247
lupuloides_ChrY,64800000,65800000,0.009221
lupuloides_ChrY,64900000,65900000,0.009317
lupuloides_ChrY,65000000,66000000,0.009234
lupuloides_ChrY,65100000,66100000,0.010092
lupuloides_ChrY,65200000,66200000,0.010171
lupuloides_ChrY,65300000,66300000,0.008457
lupuloides_ChrY,65400000,66400000,0.009192
lupuloides_ChrY,65500000,66500000,0.011168
lupuloides_ChrY,65600000,66600000,0.011312
lupuloides_ChrY,65700000,66700000,0.010895
lupuloides_ChrY,65800000,66800000,0.009333
lupuloides_ChrY,65900000,66900000,0.009719
lupuloides_ChrY,66000000,67000000,0.010364
lupuloides_ChrY,66100000,67100000,0.009059
lupuloides_ChrY,66200000,67200000,0.008033
lupuloides_ChrY,66300000,67300000,0.008258
lupuloides_ChrY,66400000,67400000,0.011175
lupuloides_ChrY,66500000,67500000,0.010486
lupuloides_ChrY,66600000,67600000,0.010767
lupuloides_ChrY,66700000,67700000,0.011485
lupuloides_ChrY,66800000,67800000,0.011808
lupuloides_ChrY,66900000,67900000,0.011873
lupuloides_ChrY,67000000,68000000,0.012319
lupuloides_ChrY,67100000,68100000,0.01399
lupuloides_ChrY,67200000,68200000,0.015394
lupuloides_ChrY,67300000,68300000,0.018776
lupuloides_ChrY,67400000,68400000,0.016425
lupuloides_ChrY,67500000,68500000,0.016195
lupuloides_ChrY,67600000,68600000,0.015986
lupuloides_ChrY,67700000,68700000,0.01633
lupuloides_ChrY,67800000,68800000,0.018097
lupuloides_ChrY,67900000,68900000,0.018221
lupuloides_ChrY,68000000,69000000,0.018124
lupuloides_ChrY,68100000,69100000,0.017027
lupuloides_ChrY,68200000,69200000,0.015591
lupuloides_ChrY,68300000,69300000,0.011719
lupuloides_ChrY,68400000,69400000,0.01127
lupuloides_ChrY,68500000,69500000,0.011745
lupuloides_ChrY,68600000,69600000,0.011907
lupuloides_ChrY,68700000,69700000,0.01133
lupuloides_ChrY,68800000,69800000,0.017029
lupuloides_ChrY,68900000,69900000,0.015628
lupuloides_ChrY,69000000,70000000,0.014347
lupuloides_ChrY,69100000,70100000,0.013743
lupuloides_ChrY,69200000,70200000,0.014798
lupuloides_ChrY,69300000,70300000,0.01519
lupuloides_ChrY,69400000,70400000,0.0148
lupuloides_ChrY,69500000,70500000,0.014056
lupuloides_ChrY,69600000,70600000,0.0142
lupuloides_ChrY,69700000,70700000,0.014096
lupuloides_ChrY,69800000,70800000,0.007493
lupuloides_ChrY,69900000,70900000,0.009008
lupuloides_ChrY,70000000,71000000,0.01483
lupuloides_ChrY,70100000,71100000,0.015615
lupuloides_ChrY,70200000,71200000,0.014727
lupuloides_ChrY,70300000,71300000,0.014984
lupuloides_ChrY,70400000,71400000,0.015743
lupuloides_ChrY,70500000,71500000,0.015748
lupuloides_ChrY,70600000,71600000,0.016675
lupuloides_ChrY,70700000,71700000,0.021037
lupuloides_ChrY,70800000,71800000,0.032792
lupuloides_ChrY,70900000,71900000,0.033878
lupuloides_ChrY,71000000,72000000,0.030193
lupuloides_ChrY,71100000,72100000,0.030868
lupuloides_ChrY,71200000,72200000,0.039813
lupuloides_ChrY,71300000,72300000,0.046012
lupuloides_ChrY,71400000,72400000,0.046176
lupuloides_ChrY,71500000,72500000,0.045981
lupuloides_ChrY,71600000,72600000,0.045733
lupuloides_ChrY,71700000,72700000,0.042791
lupuloides_ChrY,71800000,72800000,0.02978
lupuloides_ChrY,71900000,72900000,0.027782
lupuloides_ChrY,72000000,73000000,0.026329
lupuloides_ChrY,72100000,73100000,0.032017
lupuloides_ChrY,72200000,73200000,0.024954
lupuloides_ChrY,72300000,73300000,0.018355
lupuloides_ChrY,72400000,73400000,0.017792
lupuloides_ChrY,72500000,73500000,0.018009
lupuloides_ChrY,72600000,73600000,0.018705
lupuloides_ChrY,72700000,73700000,0.019113
lupuloides_ChrY,72800000,73800000,0.019152
lupuloides_ChrY,72900000,73900000,0.019791
lupuloides_ChrY,73000000,74000000,0.019745
lupuloides_ChrY,73100000,74100000,0.012788
lupuloides_ChrY,73200000,74200000,0.010837
lupuloides_ChrY,73300000,74300000,0.010345
lupuloides_ChrY,73400000,74400000,0.010093
lupuloides_ChrY,73500000,74500000,0.009264
lupuloides_ChrY,73600000,74600000,0.008038
lupuloides_ChrY,73700000,74700000,0.005732
lupuloides_ChrY,73800000,74800000,0.005173
lupuloides_ChrY,73900000,74900000,0.00426
lupuloides_ChrY,74000000,75000000,0.004011
lupuloides_ChrY,74100000,75100000,0.004396
lupuloides_ChrY,74200000,75200000,0.004899
lupuloides_ChrY,74300000,75300000,0.00604
lupuloides_ChrY,74400000,75400000,0.006804
lupuloides_ChrY,74500000,75500000,0.008907
lupuloides_ChrY,74600000,75600000,0.008926
lupuloides_ChrY,74700000,75700000,0.009593
lupuloides_ChrY,74800000,75800000,0.013892
lupuloides_ChrY,74900000,75900000,0.013939
lupuloides_ChrY,75000000,76000000,0.013725
lupuloides_ChrY,75100000,76100000,0.012732
lupuloides_ChrY,75200000,76200000,0.012015
lupuloides_ChrY,75300000,76300000,0.010804
lupuloides_ChrY,75400000,76400000,0.009661
lupuloides_ChrY,75500000,76500000,0.007558
lupuloides_ChrY,75600000,76600000,0.007233
lupuloides_ChrY,75700000,76700000,0.007479
lupuloides_ChrY,75800000,76800000,0.0036
lupuloides_ChrY,75900000,76900000,0.003846
lupuloides_ChrY,76000000,77000000,0.004797
lupuloides_ChrY,76100000,77100000,0.005415
lupuloides_ChrY,76200000,77200000,0.005962
lupuloides_ChrY,76300000,77300000,0.005991
lupuloides_ChrY,76400000,77400000,0.006019
lupuloides_ChrY,76500000,77500000,0.007487
lupuloides_ChrY,76600000,77600000,0.008648
lupuloides_ChrY,76700000,77700000,0.008057
lupuloides_ChrY,76800000,77800000,0.007759
lupuloides_ChrY,76900000,77900000,0.007253
lupuloides_ChrY,77000000,78000000,0.006211
lupuloides_ChrY,77100000,78100000,0.005595
lupuloides_ChrY,77200000,78200000,0.007575
lupuloides_ChrY,77300000,78300000,0.008231
lupuloides_ChrY,77400000,78400000,0.008387
lupuloides_ChrY,77500000,78500000,0.007004
lupuloides_ChrY,77600000,78600000,0.005969
lupuloides_ChrY,77700000,78700000,0.005551
lupuloides_ChrY,77800000,78800000,0.005867
lupuloides_ChrY,77900000,78900000,0.006899
lupuloides_ChrY,78000000,79000000,0.007349
lupuloides_ChrY,78100000,79100000,0.007508
lupuloides_ChrY,78200000,79200000,0.005981
lupuloides_ChrY,78300000,79300000,0.005474
lupuloides_ChrY,78400000,79400000,0.00548
lupuloides_ChrY,78500000,79500000,0.005373
lupuloides_ChrY,78600000,79600000,0.00532
lupuloides_ChrY,78700000,79700000,0.005772
lupuloides_ChrY,78800000,79800000,0.005712
lupuloides_ChrY,78900000,79900000,0.00743
lupuloides_ChrY,79000000,80000000,0.007672
lupuloides_ChrY,79100000,80100000,0.009261
lupuloides_ChrY,79200000,80200000,0.012667
lupuloides_ChrY,79300000,80300000,0.012675
lupuloides_ChrY,79400000,80400000,0.012453
lupuloides_ChrY,79500000,80500000,0.012497
lupuloides_ChrY,79600000,80600000,0.016504
lupuloides_ChrY,79700000,80700000,0.017305
lupuloides_ChrY,79800000,80800000,0.017202
lupuloides_ChrY,79900000,80900000,0.014966
lupuloides_ChrY,80000000,81000000,0.014328
lupuloides_ChrY,80100000,81100000,0.024242
lupuloides_ChrY,80200000,81200000,0.020895
lupuloides_ChrY,80300000,81300000,0.024189
lupuloides_ChrY,80400000,81400000,0.033785
lupuloides_ChrY,80500000,81500000,0.03494
lupuloides_ChrY,80600000,81600000,0.03089
lupuloides_ChrY,80700000,81700000,0.030335
lupuloides_ChrY,80800000,81800000,0.030129
lupuloides_ChrY,80900000,81900000,0.02952
lupuloides_ChrY,81000000,82000000,0.029474
lupuloides_ChrY,81100000,82100000,0.018558
lupuloides_ChrY,81200000,82200000,0.019423
lupuloides_ChrY,81300000,82300000,0.030241
lupuloides_ChrY,81400000,82400000,0.029013
lupuloides_ChrY,81500000,82500000,0.028778
lupuloides_ChrY,81600000,82600000,0.029212
lupuloides_ChrY,81700000,82700000,0.029619
lupuloides_ChrY,81800000,82800000,0.030243
lupuloides_ChrY,81900000,82900000,0.030876
lupuloides_ChrY,82000000,83000000,0.031943
lupuloides_ChrY,82100000,83100000,0.031981
lupuloides_ChrY,82200000,83200000,0.030567
lupuloides_ChrY,82300000,83300000,0.017237
lupuloides_ChrY,82400000,83400000,0.009877
lupuloides_ChrY,82500000,83500000,0.009378
lupuloides_ChrY,82600000,83600000,0.009756
lupuloides_ChrY,82700000,83700000,0.009705
lupuloides_ChrY,82800000,83800000,0.009813
lupuloides_ChrY,82900000,83900000,0.01166
lupuloides_ChrY,83000000,84000000,0.026498
lupuloides_ChrY,83100000,84100000,0.027456
lupuloides_ChrY,83200000,84200000,0.029194
lupuloides_ChrY,83300000,84300000,0.029907
lupuloides_ChrY,83400000,84400000,0.029527
lupuloides_ChrY,83500000,84500000,0.034006
lupuloides_ChrY,83600000,84600000,0.034374
lupuloides_ChrY,83700000,84700000,0.03389
lupuloides_ChrY,83800000,84800000,0.038478
lupuloides_ChrY,83900000,84900000,0.036967
lupuloides_ChrY,84000000,85000000,0.022669
lupuloides_ChrY,84100000,85100000,0.026728
lupuloides_ChrY,84200000,85200000,0.024679
lupuloides_ChrY,84300000,85300000,0.025876
lupuloides_ChrY,84400000,85400000,0.028296
lupuloides_ChrY,84500000,85500000,0.024628
lupuloides_ChrY,84600000,85600000,0.024384
lupuloides_ChrY,84700000,85700000,0.025624
lupuloides_ChrY,84800000,85800000,0.020851
lupuloides_ChrY,84900000,85900000,0.02017
lupuloides_ChrY,85000000,86000000,0.022271
lupuloides_ChrY,85100000,86100000,0.029192
lupuloides_ChrY,85200000,86200000,0.031963
lupuloides_ChrY,85300000,86300000,0.029784
lupuloides_ChrY,85400000,86400000,0.027637
lupuloides_ChrY,85500000,86500000,0.028575
lupuloides_ChrY,85600000,86600000,0.028817
lupuloides_ChrY,85700000,86700000,0.02763
lupuloides_ChrY,85800000,86800000,0.02744
lupuloides_ChrY,85900000,86900000,0.027869
lupuloides_ChrY,86000000,87000000,0.024633
lupuloides_ChrY,86100000,87100000,0.01225
lupuloides_ChrY,86200000,87200000,0.010491
lupuloides_ChrY,86300000,87300000,0.011535
lupuloides_ChrY,86400000,87400000,0.011597
lupuloides_ChrY,86500000,87500000,0.010993
lupuloides_ChrY,86600000,87600000,0.027906
lupuloides_ChrY,86700000,87700000,0.029337
lupuloides_ChrY,86800000,87800000,0.029804
lupuloides_ChrY,86900000,87900000,0.030811
lupuloides_ChrY,87000000,88000000,0.034654
lupuloides_ChrY,87100000,88100000,0.035837
lupuloides_ChrY,87200000,88200000,0.037485
lupuloides_ChrY,87300000,88300000,0.037202
lupuloides_ChrY,87400000,88400000,0.039885
lupuloides_ChrY,87500000,88500000,0.039117
lupuloides_ChrY,87600000,88600000,0.021937
lupuloides_ChrY,87700000,88700000,0.020968
lupuloides_ChrY,87800000,88800000,0.034136
lupuloides_ChrY,87900000,88900000,0.035868
lupuloides_ChrY,88000000,89000000,0.03254
lupuloides_ChrY,88100000,89100000,0.032119
lupuloides_ChrY,88200000,89200000,0.030696
lupuloides_ChrY,88300000,89300000,0.030721
lupuloides_ChrY,88400000,89400000,0.028069
lupuloides_ChrY,88500000,89500000,0.029327
lupuloides_ChrY,88600000,89600000,0.029036
lupuloides_ChrY,88700000,89700000,0.033235
lupuloides_ChrY,88800000,89800000,0.021069
lupuloides_ChrY,88900000,89900000,0.019603
lupuloides_ChrY,89000000,90000000,0.023748
lupuloides_ChrY,89100000,90100000,0.025637
lupuloides_ChrY,89200000,90200000,0.026022
lupuloides_ChrY,89300000,90300000,0.026966
lupuloides_ChrY,89400000,90400000,0.02666
lupuloides_ChrY,89500000,90500000,0.025298
lupuloides_ChrY,89600000,90600000,0.025325
lupuloides_ChrY,89700000,90700000,0.021109
lupuloides_ChrY,89800000,90800000,0.01974
lupuloides_ChrY,89900000,90900000,0.017892
lupuloides_ChrY,90000000,91000000,0.01405
lupuloides_ChrY,90100000,91100000,0.011688
lupuloides_ChrY,90200000,91200000,0.010181
lupuloides_ChrY,90300000,91300000,0.008869
lupuloides_ChrY,90400000,91400000,0.009769
lupuloides_ChrY,90500000,91500000,0.009661
lupuloides_ChrY,90600000,91600000,0.008808
lupuloides_ChrY,90700000,91700000,0.007638
lupuloides_ChrY,90800000,91800000,0.007194
lupuloides_ChrY,90900000,91900000,0.007133
lupuloides_ChrY,91000000,92000000,0.005885
lupuloides_ChrY,91100000,92100000,0.005193
lupuloides_ChrY,91200000,92200000,0.005558
lupuloides_ChrY,91300000,92300000,0.005483
lupuloides_ChrY,91400000,92400000,0.005119
lupuloides_ChrY,91500000,92500000,0.005417
lupuloides_ChrY,91600000,92600000,0.006918
lupuloides_ChrY,91700000,92700000,0.007799
lupuloides_ChrY,91800000,92800000,0.010024
lupuloides_ChrY,91900000,92900000,0.010897
lupuloides_ChrY,92000000,93000000,0.011984
lupuloides_ChrY,92100000,93100000,0.019694
lupuloides_ChrY,92200000,93200000,0.019793
lupuloides_ChrY,92300000,93300000,0.019758
lupuloides_ChrY,92400000,93400000,0.019686
lupuloides_ChrY,92500000,93500000,0.019484
lupuloides_ChrY,92600000,93600000,0.018165
lupuloides_ChrY,92700000,93700000,0.017664
lupuloides_ChrY,92800000,93800000,0.016074
lupuloides_ChrY,92900000,93900000,0.01606
lupuloides_ChrY,93000000,94000000,0.015502
lupuloides_ChrY,93100000,94100000,0.008774
lupuloides_ChrY,93200000,94200000,0.009389
lupuloides_ChrY,93300000,94300000,0.011281
lupuloides_ChrY,93400000,94400000,0.017518
lupuloides_ChrY,93500000,94500000,0.017841
lupuloides_ChrY,93600000,94600000,0.019325
lupuloides_ChrY,93700000,94700000,0.020188
lupuloides_ChrY,93800000,94800000,0.020332
lupuloides_ChrY,93900000,94900000,0.02016
lupuloides_ChrY,94000000,95000000,0.019707
lupuloides_ChrY,94100000,95100000,0.019861
lupuloides_ChrY,94200000,95200000,0.019559
lupuloides_ChrY,94300000,95300000,0.017924
lupuloides_ChrY,94400000,95400000,0.011825
lupuloides_ChrY,94500000,95500000,0.014324
lupuloides_ChrY,94600000,95600000,0.019755
lupuloides_ChrY,94700000,95700000,0.02423
lupuloides_ChrY,94800000,95800000,0.024272
lupuloides_ChrY,94900000,95900000,0.024243
lupuloides_ChrY,95000000,96000000,0.024769
lupuloides_ChrY,95100000,96100000,0.024818
lupuloides_ChrY,95200000,96200000,0.027671
lupuloides_ChrY,95300000,96300000,0.027242
lupuloides_ChrY,95400000,96400000,0.026801
lupuloides_ChrY,95500000,96500000,0.024543
lupuloides_ChrY,95600000,96600000,0.018821
lupuloides_ChrY,95700000,96700000,0.015406
lupuloides_ChrY,95800000,96800000,0.014673
lupuloides_ChrY,95900000,96900000,0.014632
lupuloides_ChrY,96000000,97000000,0.017343
lupuloides_ChrY,96100000,97100000,0.020291
lupuloides_ChrY,96200000,97200000,0.03222
lupuloides_ChrY,96300000,97300000,0.032584
lupuloides_ChrY,96400000,97400000,0.03295
lupuloides_ChrY,96500000,97500000,0.03338
lupuloides_ChrY,96600000,97600000,0.035002
lupuloides_ChrY,96700000,97700000,0.045178
lupuloides_ChrY,96800000,97800000,0.054088
lupuloides_ChrY,96900000,97900000,0.057286
lupuloides_ChrY,97000000,98000000,0.055032
lupuloides_ChrY,97100000,98100000,0.052931
lupuloides_ChrY,97200000,98200000,0.038327
lupuloides_ChrY,97300000,98300000,0.039466
lupuloides_ChrY,97400000,98400000,0.03956
lupuloides_ChrY,97500000,98500000,0.039095
lupuloides_ChrY,97600000,98600000,0.036677
lupuloides_ChrY,97700000,98700000,0.026748
lupuloides_ChrY,97800000,98800000,0.020799
lupuloides_ChrY,97900000,98900000,0.019702
lupuloides_ChrY,98000000,99000000,0.020158
lupuloides_ChrY,98100000,99100000,0.019063
lupuloides_ChrY,98200000,99200000,0.018899
lupuloides_ChrY,98300000,99300000,0.017184
lupuloides_ChrY,98400000,99400000,0.015928
lupuloides_ChrY,98500000,99500000,0.017108
lupuloides_ChrY,98600000,99600000,0.017747
lupuloides_ChrY,98700000,99700000,0.01623
lupuloides_ChrY,98800000,99800000,0.016007
lupuloides_ChrY,98900000,99900000,0.01734
lupuloides_ChrY,99000000,100000000,0.017548
lupuloides_ChrY,99100000,100100000,0.017475
lupuloides_ChrY,99200000,100200000,0.018228
lupuloides_ChrY,99300000,100300000,0.019032
lupuloides_ChrY,99400000,100400000,0.020199
lupuloides_ChrY,99500000,100500000,0.039109
lupuloides_ChrY,99600000,100600000,0.039355
lupuloides_ChrY,99700000,100700000,0.039044
lupuloides_ChrY,99800000,100800000,0.037904
lupuloides_ChrY,99900000,100900000,0.035542
lupuloides_ChrY,100000000,101000000,0.035685
lupuloides_ChrY,100100000,101100000,0.037934
lupuloides_ChrY,100200000,101200000,0.037001
lupuloides_ChrY,100300000,101300000,0.036327
lupuloides_ChrY,100400000,101400000,0.036012
lupuloides_ChrY,100500000,101500000,0.016468
lupuloides_ChrY,100600000,101600000,0.016283
lupuloides_ChrY,100700000,101700000,0.016141
lupuloides_ChrY,100800000,101800000,0.015165
lupuloides_ChrY,100900000,101900000,0.014502
lupuloides_ChrY,101000000,102000000,0.013879
lupuloides_ChrY,101100000,102100000,0.0121
lupuloides_ChrY,101200000,102200000,0.012675
lupuloides_ChrY,101300000,102300000,0.013029
lupuloides_ChrY,101400000,102400000,0.013783
lupuloides_ChrY,101500000,102500000,0.012445
lupuloides_ChrY,101600000,102600000,0.012028
lupuloides_ChrY,101700000,102700000,0.012825
lupuloides_ChrY,101800000,102800000,0.014196
lupuloides_ChrY,101900000,102900000,0.01491
lupuloides_ChrY,102000000,103000000,0.014524
lupuloides_ChrY,102100000,103100000,0.014201
lupuloides_ChrY,102200000,103200000,0.013562
lupuloides_ChrY,102300000,103300000,0.014853
lupuloides_ChrY,102400000,103400000,0.014781
lupuloides_ChrY,102500000,103500000,0.0152
lupuloides_ChrY,102600000,103600000,0.017082
lupuloides_ChrY,102700000,103700000,0.018377
lupuloides_ChrY,102800000,103800000,0.02083
lupuloides_ChrY,102900000,103900000,0.021678
lupuloides_ChrY,103000000,104000000,0.022275
lupuloides_ChrY,103100000,104100000,0.021788
lupuloides_ChrY,103200000,104200000,0.021133
lupuloides_ChrY,103300000,104300000,0.019052
lupuloides_ChrY,103400000,104400000,0.019521
lupuloides_ChrY,103500000,104500000,0.019331
lupuloides_ChrY,103600000,104600000,0.022539
lupuloides_ChrY,103700000,104700000,0.022103
lupuloides_ChrY,103800000,104800000,0.022071
lupuloides_ChrY,103900000,104900000,0.031883
lupuloides_ChrY,104000000,105000000,0.031621
lupuloides_ChrY,104100000,105100000,0.033144
lupuloides_ChrY,104200000,105200000,0.034522
lupuloides_ChrY,104300000,105300000,0.0355
lupuloides_ChrY,104400000,105400000,0.034237
lupuloides_ChrY,104500000,105500000,0.033669
lupuloides_ChrY,104600000,105600000,0.028463
lupuloides_ChrY,104700000,105700000,0.027104
lupuloides_ChrY,104800000,105800000,0.02347
lupuloides_ChrY,104900000,105900000,0.016423
lupuloides_ChrY,105000000,106000000,0.017053
lupuloides_ChrY,105100000,106100000,0.023209
lupuloides_ChrY,105200000,106200000,0.022719
lupuloides_ChrY,105300000,106300000,0.022023
lupuloides_ChrY,105400000,106400000,0.021862
lupuloides_ChrY,105500000,106500000,0.023154
lupuloides_ChrY,105600000,106600000,0.023199
lupuloides_ChrY,105700000,106700000,0.026689
lupuloides_ChrY,105800000,106800000,0.025752
lupuloides_ChrY,105900000,106900000,0.020979
lupuloides_ChrY,106000000,107000000,0.019537
lupuloides_ChrY,106100000,107100000,0.020563
lupuloides_ChrY,106200000,107200000,0.020727
lupuloides_ChrY,106300000,107300000,0.021457
lupuloides_ChrY,106400000,107400000,0.020779
lupuloides_ChrY,106500000,107500000,0.019349
lupuloides_ChrY,106600000,107600000,0.018344
lupuloides_ChrY,106700000,107700000,0.014312
lupuloides_ChrY,106800000,107800000,0.014289
lupuloides_ChrY,106900000,107900000,0.013677
lupuloides_ChrY,107000000,108000000,0.013313
lupuloides_ChrY,107100000,108100000,0.004924
lupuloides_ChrY,107200000,108200000,0.004071
lupuloides_ChrY,107300000,108300000,0.003864
lupuloides_ChrY,107400000,108400000,0.005263
lupuloides_ChrY,107500000,108500000,0.006102
lupuloides_ChrY,107600000,108600000,0.006618
lupuloides_ChrY,107700000,108700000,0.00708
lupuloides_ChrY,107800000,108800000,0.008723
lupuloides_ChrY,107900000,108900000,0.009899
lupuloides_ChrY,108000000,109000000,0.010558
lupuloides_ChrY,108100000,109100000,0.010428
lupuloides_ChrY,108200000,109200000,0.010959
lupuloides_ChrY,108300000,109300000,0.010637
lupuloides_ChrY,108400000,109400000,0.010037
lupuloides_ChrY,108500000,109500000,0.010031
lupuloides_ChrY,108600000,109600000,0.010443
lupuloides_ChrY,108700000,109700000,0.010771
lupuloides_ChrY,108800000,109800000,0.010251
lupuloides_ChrY,108900000,109900000,0.010607
lupuloides_ChrY,109000000,110000000,0.010805
lupuloides_ChrY,109100000,110100000,0.012109
lupuloides_ChrY,109200000,110200000,0.012697
lupuloides_ChrY,109300000,110300000,0.013112
lupuloides_ChrY,109400000,110400000,0.013488
lupuloides_ChrY,109500000,110500000,0.013094
lupuloides_ChrY,109600000,110600000,0.013812
lupuloides_ChrY,109700000,110700000,0.01354
lupuloides_ChrY,109800000,110800000,0.013541
lupuloides_ChrY,109900000,110900000,0.012615
lupuloides_ChrY,110000000,111000000,0.012534
lupuloides_ChrY,110100000,111100000,0.011684
lupuloides_ChrY,110200000,111200000,0.010795
lupuloides_ChrY,110300000,111300000,0.010688
lupuloides_ChrY,110400000,111400000,0.00996
lupuloides_ChrY,110500000,111500000,0.011408
lupuloides_ChrY,110600000,111600000,0.010148
lupuloides_ChrY,110700000,111700000,0.010053
lupuloides_ChrY,110800000,111800000,0.009979
lupuloides_ChrY,110900000,111900000,0.010203
lupuloides_ChrY,111000000,112000000,0.010361
lupuloides_ChrY,111100000,112100000,0.011072
lupuloides_ChrY,111200000,112200000,0.011111
lupuloides_ChrY,111300000,112300000,0.011263
lupuloides_ChrY,111400000,112400000,0.011991
lupuloides_ChrY,111500000,112500000,0.010662
lupuloides_ChrY,111600000,112600000,0.010638
lupuloides_ChrY,111700000,112700000,0.010534
lupuloides_ChrY,111800000,112800000,0.010309
lupuloides_ChrY,111900000,112900000,0.009516
lupuloides_ChrY,112000000,113000000,0.008477
lupuloides_ChrY,112100000,113100000,0.013085
lupuloides_ChrY,112200000,113200000,0.013223
lupuloides_ChrY,112300000,113300000,0.012837
lupuloides_ChrY,112400000,113400000,0.012485
lupuloides_ChrY,112500000,113500000,0.011781
lupuloides_ChrY,112600000,113600000,0.012302
lupuloides_ChrY,112700000,113700000,0.013159
lupuloides_ChrY,112800000,113800000,0.012839
lupuloides_ChrY,112900000,113900000,0.014168
lupuloides_ChrY,113000000,114000000,0.016373
lupuloides_ChrY,113100000,114100000,0.011849
lupuloides_ChrY,113200000,114200000,0.012272
lupuloides_ChrY,113300000,114300000,0.011595
lupuloides_ChrY,113400000,114400000,0.011138
lupuloides_ChrY,113500000,114500000,0.011573
lupuloides_ChrY,113600000,114600000,0.011128
lupuloides_ChrY,113700000,114700000,0.010485
lupuloides_ChrY,113800000,114800000,0.010316
lupuloides_ChrY,113900000,114900000,0.009501
lupuloides_ChrY,114000000,115000000,0.007756
lupuloides_ChrY,114100000,115100000,0.006168
lupuloides_ChrY,114200000,115200000,0.005014
lupuloides_ChrY,114300000,115300000,0.004772
lupuloides_ChrY,114400000,115400000,0.004405
lupuloides_ChrY,114500000,115500000,0.004058
lupuloides_ChrY,114600000,115600000,0.003599
lupuloides_ChrY,114700000,115700000,0.002763
lupuloides_ChrY,114800000,115800000,0.002576
lupuloides_ChrY,114900000,115900000,0.002229
lupuloides_ChrY,115000000,116000000,0.00179
lupuloides_ChrY,115100000,116100000,0.001421
lupuloides_ChrY,115200000,116200000,0.001409
lupuloides_ChrY,115300000,116300000,0.001501
lupuloides_ChrY,115400000,116400000,0.001442
lupuloides_ChrY,115500000,116500000,0.001347
lupuloides_ChrY,115600000,116600000,0.001554
lupuloides_ChrY,115700000,116700000,0.001648
lupuloides_ChrY,115800000,116800000,0.0022
lupuloides_ChrY,115900000,116900000,0.003133
lupuloides_ChrY,116000000,117000000,0.004185
lupuloides_ChrY,116100000,117100000,0.004589
lupuloides_ChrY,116200000,117200000,0.005583
lupuloides_ChrY,116300000,117300000,0.005989
lupuloides_ChrY,116400000,117400000,0.007628
lupuloides_ChrY,116500000,117500000,0.009437
lupuloides_ChrY,116600000,117600000,0.010078
lupuloides_ChrY,116700000,117700000,0.010242
lupuloides_ChrY,116800000,117800000,0.011433
lupuloides_ChrY,116900000,117900000,0.011225
lupuloides_ChrY,117000000,118000000,0.011064
lupuloides_ChrY,117100000,118100000,0.011033
lupuloides_ChrY,117200000,118200000,0.010346
lupuloides_ChrY,117300000,118300000,0.010652
lupuloides_ChrY,117400000,118400000,0.00996
lupuloides_ChrY,117500000,118500000,0.009312
lupuloides_ChrY,117600000,118600000,0.010101
lupuloides_ChrY,117700000,118700000,0.010532
lupuloides_ChrY,117800000,118800000,0.010916
lupuloides_ChrY,117900000,118900000,0.011262
lupuloides_ChrY,118000000,119000000,0.020498
lupuloides_ChrY,118100000,119100000,0.020999
lupuloides_ChrY,118200000,119200000,0.022178
lupuloides_ChrY,118300000,119300000,0.022643
lupuloides_ChrY,118400000,119400000,0.022907
lupuloides_ChrY,118500000,119500000,0.022832
lupuloides_ChrY,118600000,119600000,0.02264
lupuloides_ChrY,118700000,119700000,0.022843
lupuloides_ChrY,118800000,119800000,0.02552
lupuloides_ChrY,118900000,119900000,0.025556
lupuloides_ChrY,119000000,120000000,0.016675
lupuloides_ChrY,119100000,120100000,0.016618
lupuloides_ChrY,119200000,120200000,0.015821
lupuloides_ChrY,119300000,120300000,0.015112
lupuloides_ChrY,119400000,120400000,0.018765
lupuloides_ChrY,119500000,120500000,0.018387
lupuloides_ChrY,119600000,120600000,0.018255
lupuloides_ChrY,119700000,120700000,0.018201
lupuloides_ChrY,119800000,120800000,0.013948
lupuloides_ChrY,119900000,120900000,0.013406
lupuloides_ChrY,120000000,121000000,0.013873
lupuloides_ChrY,120100000,121100000,0.014985
lupuloides_ChrY,120200000,121200000,0.016248
lupuloides_ChrY,120300000,121300000,0.022002
lupuloides_ChrY,120400000,121400000,0.018278
lupuloides_ChrY,120500000,121500000,0.019456
lupuloides_ChrY,120600000,121600000,0.018533
lupuloides_ChrY,120700000,121700000,0.021032
lupuloides_ChrY,120800000,121800000,0.035999
lupuloides_ChrY,120900000,121900000,0.03883
lupuloides_ChrY,121000000,122000000,0.038033
lupuloides_ChrY,121100000,122100000,0.037317
lupuloides_ChrY,121200000,122200000,0.036019
lupuloides_ChrY,121300000,122300000,0.029858
lupuloides_ChrY,121400000,122400000,0.028869
lupuloides_ChrY,121500000,122500000,0.027014
lupuloides_ChrY,121600000,122600000,0.026709
lupuloides_ChrY,121700000,122700000,0.023557
lupuloides_ChrY,121800000,122800000,0.00796
lupuloides_ChrY,121900000,122900000,0.00445
lupuloides_ChrY,122000000,123000000,0.003597
lupuloides_ChrY,122100000,123100000,0.002384
lupuloides_ChrY,122200000,123200000,0.001811
lupuloides_ChrY,122300000,123300000,0.001686
lupuloides_ChrY,122400000,123400000,0.001494
lupuloides_ChrY,122500000,123500000,0.002179
lupuloides_ChrY,122600000,123600000,0.002773
lupuloides_ChrY,122700000,123700000,0.010428
lupuloides_ChrY,122800000,123800000,0.012249
lupuloides_ChrY,122900000,123900000,0.016482
lupuloides_ChrY,123000000,124000000,0.016903
lupuloides_ChrY,123100000,124100000,0.018687
lupuloides_ChrY,123200000,124200000,0.019312
lupuloides_ChrY,123300000,124300000,0.020775
lupuloides_ChrY,123400000,124400000,0.021255
lupuloides_ChrY,123500000,124500000,0.020967
lupuloides_ChrY,123600000,124600000,0.02072
lupuloides_ChrY,123700000,124700000,0.014377
lupuloides_ChrY,123800000,124800000,0.012716
lupuloides_ChrY,123900000,124900000,0.00891
lupuloides_ChrY,124000000,125000000,0.009578
lupuloides_ChrY,124100000,125100000,0.013026
lupuloides_ChrY,124200000,125200000,0.013788
lupuloides_ChrY,124300000,125300000,0.01449
lupuloides_ChrY,124400000,125400000,0.014737
lupuloides_ChrY,124500000,125500000,0.015348
lupuloides_ChrY,124600000,125600000,0.016053
lupuloides_ChrY,124700000,125700000,0.019609
lupuloides_ChrY,124800000,125800000,0.021677
lupuloides_ChrY,124900000,125900000,0.021375
lupuloides_ChrY,125000000,126000000,0.021478
lupuloides_ChrY,125100000,126100000,0.019081
lupuloides_ChrY,125200000,126200000,0.01873
lupuloides_ChrY,125300000,126300000,0.016808
lupuloides_ChrY,125400000,126400000,0.016927
lupuloides_ChrY,125500000,126500000,0.017859
lupuloides_ChrY,125600000,126600000,0.017238
lupuloides_ChrY,125700000,126700000,0.01532
lupuloides_ChrY,125800000,126800000,0.01709
lupuloides_ChrY,125900000,126900000,0.02026
lupuloides_ChrY,126000000,127000000,0.020199
lupuloides_ChrY,126100000,127100000,0.018777
lupuloides_ChrY,126200000,127200000,0.01851
lupuloides_ChrY,126300000,127300000,0.020395
lupuloides_ChrY,126400000,127400000,0.021058
lupuloides_ChrY,126500000,127500000,0.02017
lupuloides_ChrY,126600000,127600000,0.021306
lupuloides_ChrY,126700000,127700000,0.018776
lupuloides_ChrY,126800000,127800000,0.016756
lupuloides_ChrY,126900000,127900000,0.016786
lupuloides_ChrY,127000000,128000000,0.01831
lupuloides_ChrY,127100000,128100000,0.020443
lupuloides_ChrY,127200000,128200000,0.02075
lupuloides_ChrY,127300000,128300000,0.020246
lupuloides_ChrY,127400000,128400000,0.019174
lupuloides_ChrY,127500000,128500000,0.019591
lupuloides_ChrY,127600000,128600000,0.018566
lupuloides_ChrY,127700000,128700000,0.018471
lupuloides_ChrY,127800000,128800000,0.016494
lupuloides_ChrY,127900000,128900000,0.014089
lupuloides_ChrY,128000000,129000000,0.011861
lupuloides_ChrY,128100000,129100000,0.008442
lupuloides_ChrY,128200000,129200000,0.008054
lupuloides_ChrY,128300000,129300000,0.006781
lupuloides_ChrY,128400000,129400000,0.006449
lupuloides_ChrY,128500000,129500000,0.005039
lupuloides_ChrY,128600000,129600000,0.00513
lupuloides_ChrY,128700000,129700000,0.004685
lupuloides_ChrY,128800000,129800000,0.00486
lupuloides_ChrY,128900000,129900000,0.0044
lupuloides_ChrY,129000000,130000000,0.005697
lupuloides_ChrY,129100000,130100000,0.006591
lupuloides_ChrY,129200000,130200000,0.006432
lupuloides_ChrY,129300000,130300000,0.006747
lupuloides_ChrY,129400000,130400000,0.008257
lupuloides_ChrY,129500000,130500000,0.009061
lupuloides_ChrY,129600000,130600000,0.009252
lupuloides_ChrY,129700000,130700000,0.030779
lupuloides_ChrY,129800000,130800000,0.031216
lupuloides_ChrY,129900000,130900000,0.031353
lupuloides_ChrY,130000000,131000000,0.029822
lupuloides_ChrY,130100000,131100000,0.028942
lupuloides_ChrY,130200000,131200000,0.029232
lupuloides_ChrY,130300000,131300000,0.028571
lupuloides_ChrY,130400000,131400000,0.026945
lupuloides_ChrY,130500000,131500000,0.026165
lupuloides_ChrY,130600000,131600000,0.025344
lupuloides_ChrY,130700000,131700000,0.003681
lupuloides_ChrY,130800000,131800000,0.00301
lupuloides_ChrY,130900000,131900000,0.002409
lupuloides_ChrY,131000000,132000000,0.002261
lupuloides_ChrY,131100000,132100000,0.002164
lupuloides_ChrY,131200000,132200000,0.001258
lupuloides_ChrY,131300000,132300000,0.001398
lupuloides_ChrY,131400000,132400000,0.001531
lupuloides_ChrY,131500000,132500000,0.001517
lupuloides_ChrY,131600000,132600000,0.001757
lupuloides_ChrY,131700000,132700000,0.00254
lupuloides_ChrY,131800000,132800000,0.004487
lupuloides_ChrY,131900000,132900000,0.009986
lupuloides_ChrY,132000000,133000000,0.01119
lupuloides_ChrY,132100000,133100000,0.012805
lupuloides_ChrY,132200000,133200000,0.0142
lupuloides_ChrY,132300000,133300000,0.015236
lupuloides_ChrY,132400000,133400000,0.016083
lupuloides_ChrY,132500000,133500000,0.01708
lupuloides_ChrY,132600000,133600000,0.018313
lupuloides_ChrY,132700000,133700000,0.019004
lupuloides_ChrY,132800000,133800000,0.017585
lupuloides_ChrY,132900000,133900000,0.013098
lupuloides_ChrY,133000000,134000000,0.023343
lupuloides_ChrY,133100000,134100000,0.023213
lupuloides_ChrY,133200000,134200000,0.022414
lupuloides_ChrY,133300000,134300000,0.022053
lupuloides_ChrY,133400000,134400000,0.02302
lupuloides_ChrY,133500000,134500000,0.023022
lupuloides_ChrY,133600000,134600000,0.022597
lupuloides_ChrY,133700000,134700000,0.022269
lupuloides_ChrY,133800000,134800000,0.022461
lupuloides_ChrY,133900000,134900000,0.021409
lupuloides_ChrY,134000000,135000000,0.009939
lupuloides_ChrY,134100000,135100000,0.008349
lupuloides_ChrY,134200000,135200000,0.009425
lupuloides_ChrY,134300000,135300000,0.010996
lupuloides_ChrY,134400000,135400000,0.010321
lupuloides_ChrY,134500000,135500000,0.014349
lupuloides_ChrY,134600000,135600000,0.014103
lupuloides_ChrY,134700000,135700000,0.013749
lupuloides_ChrY,134800000,135800000,0.015927
lupuloides_ChrY,134900000,135900000,0.017877
lupuloides_ChrY,135000000,136000000,0.023525
lupuloides_ChrY,135100000,136100000,0.024485
lupuloides_ChrY,135200000,136200000,0.023369
lupuloides_ChrY,135300000,136300000,0.021423
lupuloides_ChrY,135400000,136400000,0.020746
lupuloides_ChrY,135500000,136500000,0.016715
lupuloides_ChrY,135600000,136600000,0.016388
lupuloides_ChrY,135700000,136700000,0.01568
lupuloides_ChrY,135800000,136800000,0.012838
lupuloides_ChrY,135900000,136900000,0.010835
lupuloides_ChrY,136000000,137000000,0.005125
lupuloides_ChrY,136100000,137100000,0.004159
lupuloides_ChrY,136200000,137200000,0.003802
lupuloides_ChrY,136300000,137300000,0.003925
lupuloides_ChrY,136400000,137400000,0.003972
lupuloides_ChrY,136500000,137500000,0.003098
lupuloides_ChrY,136600000,137600000,0.002575
lupuloides_ChrY,136700000,137700000,0.002653
lupuloides_ChrY,136800000,137800000,0.00257
lupuloides_ChrY,136900000,137900000,0.002633
lupuloides_ChrY,137000000,138000000,0.002669
lupuloides_ChrY,137100000,138100000,0.002798
lupuloides_ChrY,137200000,138200000,0.004758
lupuloides_ChrY,137300000,138300000,0.00497
lupuloides_ChrY,137400000,138400000,0.004326
lupuloides_ChrY,137500000,138500000,0.004261
lupuloides_ChrY,137600000,138600000,0.004332
lupuloides_ChrY,137700000,138700000,0.004274
lupuloides_ChrY,137800000,138800000,0.004408
lupuloides_ChrY,137900000,138900000,0.004369
lupuloides_ChrY,138000000,139000000,0.004349
lupuloides_ChrY,138100000,139100000,0.004245
lupuloides_ChrY,138200000,139200000,0.002176
lupuloides_ChrY,138300000,139300000,0.001795
lupuloides_ChrY,138400000,139400000,0.003395
lupuloides_ChrY,138500000,139500000,0.004443
lupuloides_ChrY,138600000,139600000,0.005978
lupuloides_ChrY,138700000,139700000,0.007463
lupuloides_ChrY,138800000,139800000,0.008138
lupuloides_ChrY,138900000,139900000,0.009517
lupuloides_ChrY,139000000,140000000,0.010333
lupuloides_ChrY,139100000,140100000,0.011717
lupuloides_ChrY,139200000,140200000,0.01213
lupuloides_ChrY,139300000,140300000,0.012061
lupuloides_ChrY,139400000,140400000,0.012156
lupuloides_ChrY,139500000,140500000,0.012859
lupuloides_ChrY,139600000,140600000,0.011861
lupuloides_ChrY,139700000,140700000,0.010499
lupuloides_ChrY,139800000,140800000,0.009661
lupuloides_ChrY,139900000,140900000,0.00842
lupuloides_ChrY,140000000,141000000,0.007545
lupuloides_ChrY,140100000,141100000,0.006276
lupuloides_ChrY,140200000,141200000,0.005794
lupuloides_ChrY,140300000,141300000,0.005487
lupuloides_ChrY,140400000,141400000,0.004236
lupuloides_ChrY,140500000,141500000,0.004861
lupuloides_ChrY,140600000,141600000,0.004485
lupuloides_ChrY,140700000,141700000,0.017823
lupuloides_ChrY,140800000,141800000,0.018492
lupuloides_ChrY,140900000,141900000,0.01921
lupuloides_ChrY,141000000,142000000,0.020621
lupuloides_ChrY,141100000,142100000,0.021071
lupuloides_ChrY,141200000,142200000,0.021825
lupuloides_ChrY,141300000,142300000,0.023464
lupuloides_ChrY,141400000,142400000,0.031804
lupuloides_ChrY,141500000,142500000,0.034107
lupuloides_ChrY,141600000,142600000,0.034269
lupuloides_ChrY,141700000,142700000,0.021366
lupuloides_ChrY,141800000,142800000,0.021567
lupuloides_ChrY,141900000,142900000,0.021013
lupuloides_ChrY,142000000,143000000,0.021131
lupuloides_ChrY,142100000,143100000,0.021431
lupuloides_ChrY,142200000,143200000,0.025084
lupuloides_ChrY,142300000,143300000,0.024798
lupuloides_ChrY,142400000,143400000,0.017646
lupuloides_ChrY,142500000,143500000,0.01322
lupuloides_ChrY,142600000,143600000,0.019274
lupuloides_ChrY,142700000,143700000,0.018993
lupuloides_ChrY,142800000,143800000,0.020174
lupuloides_ChrY,142900000,143900000,0.020253
lupuloides_ChrY,143000000,144000000,0.018957
lupuloides_ChrY,143100000,144100000,0.018224
lupuloides_ChrY,143200000,144200000,0.013822
lupuloides_ChrY,143300000,144300000,0.012491
lupuloides_ChrY,143400000,144400000,0.011598
lupuloides_ChrY,143500000,144500000,0.012086
lupuloides_ChrY,143600000,144600000,0.007008
lupuloides_ChrY,143700000,144700000,0.007957
lupuloides_ChrY,143800000,144800000,0.006364
lupuloides_ChrY,143900000,144900000,0.006128
lupuloides_ChrY,144000000,145000000,0.006214
lupuloides_ChrY,144100000,145100000,0.006629
lupuloides_ChrY,144200000,145200000,0.00754
lupuloides_ChrY,144300000,145300000,0.008279
lupuloides_ChrY,144400000,145400000,0.010016
lupuloides_ChrY,144500000,145500000,0.01067
lupuloides_ChrY,144600000,145600000,0.009567
lupuloides_ChrY,144700000,145700000,0.008604
lupuloides_ChrY,144800000,145800000,0.00886
lupuloides_ChrY,144900000,145900000,0.00893
lupuloides_ChrY,145000000,146000000,0.008674
lupuloides_ChrY,145100000,146100000,0.008494
lupuloides_ChrY,145200000,146200000,0.008543
lupuloides_ChrY,145300000,146300000,0.007802
lupuloides_ChrY,145400000,146400000,0.005939
lupuloides_ChrY,145500000,146500000,0.004529
lupuloides_ChrY,145600000,146600000,0.004294
lupuloides_ChrY,145700000,146700000,0.004057
lupuloides_ChrY,145800000,146800000,0.003553
lupuloides_ChrY,145900000,146900000,0.00416
lupuloides_ChrY,146000000,147000000,0.005345
lupuloides_ChrY,146100000,147100000,0.005493
lupuloides_ChrY,146200000,147200000,0.004574
lupuloides_ChrY,146300000,147300000,0.004462
lupuloides_ChrY,146400000,147400000,0.003934
lupuloides_ChrY,146500000,147500000,0.00394
lupuloides_ChrY,146600000,147600000,0.003958
lupuloides_ChrY,146700000,147700000,0.003932
lupuloides_ChrY,146800000,147800000,0.004401
lupuloides_ChrY,146900000,147900000,0.004442
lupuloides_ChrY,147000000,148000000,0.004053
lupuloides_ChrY,147100000,148100000,0.004521
lupuloides_ChrY,147200000,148200000,0.004943
lupuloides_ChrY,147300000,148300000,0.005379
lupuloides_ChrY,147400000,148400000,0.006122
lupuloides_ChrY,147500000,148500000,0.006389
lupuloides_ChrY,147600000,148600000,0.007462
lupuloides_ChrY,147700000,148700000,0.00896
lupuloides_ChrY,147800000,148800000,0.008714
lupuloides_ChrY,147900000,148900000,0.008435
lupuloides_ChrY,148000000,149000000,0.008155
lupuloides_ChrY,148100000,149100000,0.007357
lupuloides_ChrY,148200000,149200000,0.007139
lupuloides_ChrY,148300000,149300000,0.007218
lupuloides_ChrY,148400000,149400000,0.006832
lupuloides_ChrY,148500000,149500000,0.007124
lupuloides_ChrY,148600000,149600000,0.006994
lupuloides_ChrY,148700000,149700000,0.005842
lupuloides_ChrY,148800000,149800000,0.006686
lupuloides_ChrY,148900000,149900000,0.007102
lupuloides_ChrY,149000000,150000000,0.008338
lupuloides_ChrY,149100000,150100000,0.009558
lupuloides_ChrY,149200000,150200000,0.013004
lupuloides_ChrY,149300000,150300000,0.01369
lupuloides_ChrY,149400000,150400000,0.015315
lupuloides_ChrY,149500000,150500000,0.017724
lupuloides_ChrY,149600000,150600000,0.017713
lupuloides_ChrY,149700000,150700000,0.01745
lupuloides_ChrY,149800000,150800000,0.016239
lupuloides_ChrY,149900000,150900000,0.017277
lupuloides_ChrY,150000000,151000000,0.016534
lupuloides_ChrY,150100000,151100000,0.015688
lupuloides_ChrY,150200000,151200000,0.013628
lupuloides_ChrY,150300000,151300000,0.015393
lupuloides_ChrY,150400000,151400000,0.013755
lupuloides_ChrY,150500000,151500000,0.011361
lupuloides_ChrY,150600000,151600000,0.019525
lupuloides_ChrY,150700000,151700000,0.024419
lupuloides_ChrY,150800000,151800000,0.031919
lupuloides_ChrY,150900000,151900000,0.032811
lupuloides_ChrY,151000000,152000000,0.032982
lupuloides_ChrY,151100000,152100000,0.033591
lupuloides_ChrY,151200000,152200000,0.032606
lupuloides_ChrY,151300000,152300000,0.030431
lupuloides_ChrY,151400000,152400000,0.035796
lupuloides_ChrY,151500000,152500000,0.040681
lupuloides_ChrY,151600000,152600000,0.031724
lupuloides_ChrY,151700000,152700000,0.027169
lupuloides_ChrY,151800000,152800000,0.020923
lupuloides_ChrY,151900000,152900000,0.018458
lupuloides_ChrY,152000000,153000000,0.018147
lupuloides_ChrY,152100000,153100000,0.018094
lupuloides_ChrY,152200000,153200000,0.018849
lupuloides_ChrY,152300000,153300000,0.019234
lupuloides_ChrY,152400000,153400000,0.019549
lupuloides_ChrY,152500000,153500000,0.014822
lupuloides_ChrY,152600000,153600000,0.01543
lupuloides_ChrY,152700000,153700000,0.015795
lupuloides_ChrY,152800000,153800000,0.015161
lupuloides_ChrY,152900000,153900000,0.016813
lupuloides_ChrY,153000000,154000000,0.017876
lupuloides_ChrY,153100000,154100000,0.018306
lupuloides_ChrY,153200000,154200000,0.018204
lupuloides_ChrY,153300000,154300000,0.017493
lupuloides_ChrY,153400000,154400000,0.011829
lupuloides_ChrY,153500000,154500000,0.012494
lupuloides_ChrY,153600000,154600000,0.011874
lupuloides_ChrY,153700000,154700000,0.012778
lupuloides_ChrY,153800000,154800000,0.013766
lupuloides_ChrY,153900000,154900000,0.012947
lupuloides_ChrY,154000000,155000000,0.012461
lupuloides_ChrY,154100000,155100000,0.012085
lupuloides_ChrY,154200000,155200000,0.011436
lupuloides_ChrY,154300000,155300000,0.01174
lupuloides_ChrY,154400000,155400000,0.014184
lupuloides_ChrY,154500000,155500000,0.01278
lupuloides_ChrY,154600000,155600000,0.012751
lupuloides_ChrY,154700000,155700000,0.011399
lupuloides_ChrY,154800000,155800000,0.010371
lupuloides_ChrY,154900000,155900000,0.009185
lupuloides_ChrY,155000000,156000000,0.008076
lupuloides_ChrY,155100000,156100000,0.014752
lupuloides_ChrY,155200000,156200000,0.014488
lupuloides_ChrY,155300000,156300000,0.014459
lupuloides_ChrY,155400000,156400000,0.013586
lupuloides_ChrY,155500000,156500000,0.015838
lupuloides_ChrY,155600000,156600000,0.016131
lupuloides_ChrY,155700000,156700000,0.03269
lupuloides_ChrY,155800000,156800000,0.033108
lupuloides_ChrY,155900000,156900000,0.034088
lupuloides_ChrY,156000000,157000000,0.03417
lupuloides_ChrY,156100000,157100000,0.026506
lupuloides_ChrY,156200000,157200000,0.026789
lupuloides_ChrY,156300000,157300000,0.026174
lupuloides_ChrY,156400000,157400000,0.035507
lupuloides_ChrY,156500000,157500000,0.033603
lupuloides_ChrY,156600000,157600000,0.033562
lupuloides_ChrY,156700000,157700000,0.016618
lupuloides_ChrY,156800000,157800000,0.015562
lupuloides_ChrY,156900000,157900000,0.01454
lupuloides_ChrY,157000000,158000000,0.014123
lupuloides_ChrY,157100000,158100000,0.014043
lupuloides_ChrY,157200000,158200000,0.01342
lupuloides_ChrY,157300000,158300000,0.013535
lupuloides_ChrY,157400000,158400000,0.002188
lupuloides_ChrY,157500000,158500000,0.001939
lupuloides_ChrY,157600000,158600000,0.001834
lupuloides_ChrY,157700000,158700000,0.002434
lupuloides_ChrY,157800000,158800000,0.003208
lupuloides_ChrY,157900000,158900000,0.003858
lupuloides_ChrY,158000000,159000000,0.003875
lupuloides_ChrY,158100000,159100000,0.003915
lupuloides_ChrY,158200000,159200000,0.004232
lupuloides_ChrY,158300000,159300000,0.004652
lupuloides_ChrY,158400000,159400000,0.005996
lupuloides_ChrY,158500000,159500000,0.006474
lupuloides_ChrY,158600000,159600000,0.006258
lupuloides_ChrY,158700000,159700000,0.005934
lupuloides_ChrY,158800000,159800000,0.005197
lupuloides_ChrY,158900000,159900000,0.004854
lupuloides_ChrY,159000000,160000000,0.005375
lupuloides_ChrY,159100000,160100000,0.006007
lupuloides_ChrY,159200000,160200000,0.006871
lupuloides_ChrY,159300000,160300000,0.006607
lupuloides_ChrY,159400000,160400000,0.007907
lupuloides_ChrY,159500000,160500000,0.008853
lupuloides_ChrY,159600000,160600000,0.009602
lupuloides_ChrY,159700000,160700000,0.010817
lupuloides_ChrY,159800000,160800000,0.013623
lupuloides_ChrY,159900000,160900000,0.024593
lupuloides_ChrY,160000000,161000000,0.024625
lupuloides_ChrY,160100000,161100000,0.024587
lupuloides_ChrY,160200000,161200000,0.023816
lupuloides_ChrY,160300000,161300000,0.023922
lupuloides_ChrY,160400000,161400000,0.022
lupuloides_ChrY,160500000,161500000,0.021196
lupuloides_ChrY,160600000,161600000,0.020815
lupuloides_ChrY,160700000,161700000,0.019827
lupuloides_ChrY,160800000,161800000,0.020888
lupuloides_ChrY,160900000,161900000,0.011605
lupuloides_ChrY,161000000,162000000,0.012752
lupuloides_ChrY,161100000,162100000,0.016121
lupuloides_ChrY,161200000,162200000,0.016787
lupuloides_ChrY,161300000,162300000,0.019478
lupuloides_ChrY,161400000,162400000,0.020513
lupuloides_ChrY,161500000,162500000,0.020234
lupuloides_ChrY,161600000,162600000,0.020808
lupuloides_ChrY,161700000,162700000,0.021097
lupuloides_ChrY,161800000,162800000,0.0177
lupuloides_ChrY,161900000,162900000,0.015982
lupuloides_ChrY,162000000,163000000,0.014893
lupuloides_ChrY,162100000,163100000,0.011948
lupuloides_ChrY,162200000,163200000,0.011953
lupuloides_ChrY,162300000,163300000,0.009499
lupuloides_ChrY,162400000,163400000,0.008229
lupuloides_ChrY,162500000,163500000,0.00858
lupuloides_ChrY,162600000,163600000,0.008267
lupuloides_ChrY,162700000,163700000,0.008668
lupuloides_ChrY,162800000,163800000,0.008758
lupuloides_ChrY,162900000,163900000,0.010172
lupuloides_ChrY,163000000,164000000,0.009961
lupuloides_ChrY,163100000,164100000,0.009702
lupuloides_ChrY,163200000,164200000,0.009638
lupuloides_ChrY,163300000,164300000,0.012105
lupuloides_ChrY,163400000,164400000,0.012279
lupuloides_ChrY,163500000,164500000,0.012249
lupuloides_ChrY,163600000,164600000,0.015355
lupuloides_ChrY,163700000,164700000,0.017042
lupuloides_ChrY,163800000,164800000,0.017509
lupuloides_ChrY,163900000,164900000,0.016457
lupuloides_ChrY,164000000,165000000,0.017183
lupuloides_ChrY,164100000,165100000,0.017314
lupuloides_ChrY,164200000,165200000,0.017138
lupuloides_ChrY,164300000,165300000,0.014808
lupuloides_ChrY,164400000,165400000,0.01479
lupuloides_ChrY,164500000,165500000,0.014628
lupuloides_ChrY,164600000,165600000,0.011282
lupuloides_ChrY,164700000,165700000,0.00926
lupuloides_ChrY,164800000,165800000,0.008842
lupuloides_ChrY,164900000,165900000,0.008497
lupuloides_ChrY,165000000,166000000,0.016366
lupuloides_ChrY,165100000,166100000,0.016402
lupuloides_ChrY,165200000,166200000,0.01627
lupuloides_ChrY,165300000,166300000,0.015434
lupuloides_ChrY,165400000,166400000,0.015589
lupuloides_ChrY,165500000,166500000,0.016509
lupuloides_ChrY,165600000,166600000,0.017244
lupuloides_ChrY,165700000,166700000,0.016644
lupuloides_ChrY,165800000,166800000,0.020619
lupuloides_ChrY,165900000,166900000,0.020538
lupuloides_ChrY,166000000,167000000,0.012561
lupuloides_ChrY,166100000,167100000,0.027616
lupuloides_ChrY,166200000,167200000,0.032764
lupuloides_ChrY,166300000,167300000,0.039898
lupuloides_ChrY,166400000,167400000,0.039512
lupuloides_ChrY,166500000,167500000,0.04474
lupuloides_ChrY,166600000,167600000,0.046139
lupuloides_ChrY,166700000,167700000,0.047199
lupuloides_ChrY,166800000,167800000,0.042958
lupuloides_ChrY,166900000,167900000,0.043642
lupuloides_ChrY,167000000,168000000,0.043382
lupuloides_ChrY,167100000,168100000,0.027969
lupuloides_ChrY,167200000,168200000,0.022634
lupuloides_ChrY,167300000,168300000,0.016287
lupuloides_ChrY,167400000,168400000,0.017523
lupuloides_ChrY,167500000,168500000,0.012758
lupuloides_ChrY,167600000,168600000,0.011663
lupuloides_ChrY,167700000,168700000,0.011247
lupuloides_ChrY,167800000,168800000,0.01134
lupuloides_ChrY,167900000,168900000,0.010803
lupuloides_ChrY,168000000,169000000,0.01045
lupuloides_ChrY,168100000,169100000,0.011791
lupuloides_ChrY,168200000,169200000,0.012632
lupuloides_ChrY,168300000,169300000,0.012858
lupuloides_ChrY,168400000,169400000,0.012431
lupuloides_ChrY,168500000,169500000,0.011168
lupuloides_ChrY,168600000,169600000,0.010459
lupuloides_ChrY,168700000,169700000,0.01655
lupuloides_ChrY,168800000,169800000,0.019609
lupuloides_ChrY,168900000,169900000,0.021849
lupuloides_ChrY,169000000,170000000,0.02251
lupuloides_ChrY,169100000,170100000,0.020807
lupuloides_ChrY,169200000,170200000,0.019788
lupuloides_ChrY,169300000,170300000,0.018963
lupuloides_ChrY,169400000,170400000,0.017809
lupuloides_ChrY,169500000,170500000,0.017106
lupuloides_ChrY,169600000,170600000,0.017744
lupuloides_ChrY,169700000,170700000,0.012167
lupuloides_ChrY,169800000,170800000,0.011568
lupuloides_ChrY,169900000,170900000,0.009099
lupuloides_ChrY,170000000,171000000,0.009128
lupuloides_ChrY,170100000,171100000,0.009803
lupuloides_ChrY,170200000,171200000,0.010715
lupuloides_ChrY,170300000,171300000,0.024365
lupuloides_ChrY,170400000,171400000,0.02539
lupuloides_ChrY,170500000,171500000,0.026155
lupuloides_ChrY,170600000,171600000,0.026425
lupuloides_ChrY,170700000,171700000,0.026625
lupuloides_ChrY,170800000,171800000,0.024687
lupuloides_ChrY,170900000,171900000,0.024585
lupuloides_ChrY,171000000,172000000,0.023644
lupuloides_ChrY,171100000,172100000,0.022824
lupuloides_ChrY,171200000,172200000,0.021511
lupuloides_ChrY,171300000,172300000,0.007825
lupuloides_ChrY,171400000,172400000,0.007032
lupuloides_ChrY,171500000,172500000,0.006451
lupuloides_ChrY,171600000,172600000,0.004979
lupuloides_ChrY,171700000,172700000,0.003368
lupuloides_ChrY,171800000,172800000,0.002417
lupuloides_ChrY,171900000,172900000,0.002276
lupuloides_ChrY,172000000,173000000,0.00243
lupuloides_ChrY,172100000,173100000,0.003805
lupuloides_ChrY,172200000,173200000,0.005455
lupuloides_ChrY,172300000,173300000,0.006027
lupuloides_ChrY,172400000,173400000,0.006104
lupuloides_ChrY,172500000,173500000,0.006276
lupuloides_ChrY,172600000,173600000,0.007361
lupuloides_ChrY,172700000,173700000,0.008372
lupuloides_ChrY,172800000,173800000,0.009497
lupuloides_ChrY,172900000,173900000,0.010042
lupuloides_ChrY,173000000,174000000,0.009944
lupuloides_ChrY,173100000,174100000,0.008672
lupuloides_ChrY,173200000,174200000,0.016921
lupuloides_ChrY,173300000,174300000,0.01686
lupuloides_ChrY,173400000,174400000,0.016816
lupuloides_ChrY,173500000,174500000,0.016969
lupuloides_ChrY,173600000,174600000,0.016751
lupuloides_ChrY,173700000,174700000,0.016846
lupuloides_ChrY,173800000,174800000,0.017046
lupuloides_ChrY,173900000,174900000,0.016766
lupuloides_ChrY,174000000,175000000,0.016739
lupuloides_ChrY,174100000,175100000,0.018111
lupuloides_ChrY,174200000,175200000,0.008661
lupuloides_ChrY,174300000,175300000,0.008664
lupuloides_ChrY,174400000,175400000,0.009644
lupuloides_ChrY,174500000,175500000,0.009774
lupuloides_ChrY,174600000,175600000,0.009105
lupuloides_ChrY,174700000,175700000,0.025661
lupuloides_ChrY,174800000,175800000,0.026268
lupuloides_ChrY,174900000,175900000,0.02696
lupuloides_ChrY,175000000,176000000,0.02776
lupuloides_ChrY,175100000,176100000,0.026311
lupuloides_ChrY,175200000,176200000,0.025923
lupuloides_ChrY,175300000,176300000,0.025302
lupuloides_ChrY,175400000,176400000,0.024133
lupuloides_ChrY,175500000,176500000,0.023479
lupuloides_ChrY,175600000,176600000,0.023301
lupuloides_ChrY,175700000,176700000,0.006823
lupuloides_ChrY,175800000,176800000,0.006863
lupuloides_ChrY,175900000,176900000,0.006944
lupuloides_ChrY,176000000,177000000,0.006081
lupuloides_ChrY,176100000,177100000,0.006077
lupuloides_ChrY,176200000,177200000,0.006439
lupuloides_ChrY,176300000,177300000,0.009138
lupuloides_ChrY,176400000,177400000,0.009975
lupuloides_ChrY,176500000,177500000,0.01932
lupuloides_ChrY,176600000,177600000,0.020691
lupuloides_ChrY,176700000,177700000,0.020265
lupuloides_ChrY,176800000,177800000,0.019119
lupuloides_ChrY,176900000,177900000,0.018876
lupuloides_ChrY,177000000,178000000,0.019126
lupuloides_ChrY,177100000,178100000,0.019416
lupuloides_ChrY,177200000,178200000,0.019333
lupuloides_ChrY,177300000,178300000,0.018426
lupuloides_ChrY,177400000,178400000,0.018137
lupuloides_ChrY,177500000,178500000,0.009568
lupuloides_ChrY,177600000,178600000,0.009419
lupuloides_ChrY,177700000,178700000,0.009378
lupuloides_ChrY,177800000,178800000,0.009242
lupuloides_ChrY,177900000,178900000,0.009083
lupuloides_ChrY,178000000,179000000,0.021688
lupuloides_ChrY,178100000,179100000,0.024751
lupuloides_ChrY,178200000,179200000,0.024939
lupuloides_ChrY,178300000,179300000,0.026003
lupuloides_ChrY,178400000,179400000,0.027357
lupuloides_ChrY,178500000,179500000,0.02969
lupuloides_ChrY,178600000,179600000,0.030412
lupuloides_ChrY,178700000,179700000,0.031952
lupuloides_ChrY,178800000,179800000,0.032501
lupuloides_ChrY,178900000,179900000,0.032737
lupuloides_ChrY,179000000,180000000,0.020523
lupuloides_ChrY,179100000,180100000,0.021048
lupuloides_ChrY,179200000,180200000,0.024866
lupuloides_ChrY,179300000,180300000,0.022923
lupuloides_ChrY,179400000,180400000,0.022093
lupuloides_ChrY,179500000,180500000,0.020476
lupuloides_ChrY,179600000,180600000,0.021256
lupuloides_ChrY,179700000,180700000,0.020553
lupuloides_ChrY,179800000,180800000,0.021793
lupuloides_ChrY,179900000,180900000,0.021851
lupuloides_ChrY,180000000,181000000,0.023022
lupuloides_ChrY,180100000,181100000,0.022741
lupuloides_ChrY,180200000,181200000,0.019553
lupuloides_ChrY,180300000,181300000,0.01997
lupuloides_ChrY,180400000,181400000,0.020213
lupuloides_ChrY,180500000,181500000,0.019203
lupuloides_ChrY,180600000,181600000,0.016463
lupuloides_ChrY,180700000,181700000,0.016093
lupuloides_ChrY,180800000,181800000,0.013903
lupuloides_ChrY,180900000,181900000,0.013874
lupuloides_ChrY,181000000,182000000,0.012648
lupuloides_ChrY,181100000,182100000,0.010079
lupuloides_ChrY,181200000,182200000,0.009309
lupuloides_ChrY,181300000,182300000,0.007871
lupuloides_ChrY,181400000,182400000,0.006457
lupuloides_ChrY,181500000,182500000,0.006707
lupuloides_ChrY,181600000,182600000,0.007231
lupuloides_ChrY,181700000,182700000,0.007686
lupuloides_ChrY,181800000,182800000,0.008263
lupuloides_ChrY,181900000,182900000,0.008042
lupuloides_ChrY,182000000,183000000,0.00874
lupuloides_ChrY,182100000,183100000,0.008119
lupuloides_ChrY,182200000,183200000,0.013293
lupuloides_ChrY,182300000,183300000,0.015164
lupuloides_ChrY,182400000,183400000,0.01642
lupuloides_ChrY,182500000,183500000,0.016199
lupuloides_ChrY,182600000,183600000,0.016823
lupuloides_ChrY,182700000,183700000,0.016469
lupuloides_ChrY,182800000,183800000,0.016762
lupuloides_ChrY,182900000,183900000,0.018047
lupuloides_ChrY,183000000,184000000,0.017146
lupuloides_ChrY,183100000,184100000,0.019207
lupuloides_ChrY,183200000,184200000,0.014994
lupuloides_ChrY,183300000,184300000,0.014441
lupuloides_ChrY,183400000,184400000,0.014459
lupuloides_ChrY,183500000,184500000,0.016195
lupuloides_ChrY,183600000,184600000,0.016442
lupuloides_ChrY,183700000,184700000,0.016373
lupuloides_ChrY,183800000,184800000,0.022799
lupuloides_ChrY,183900000,184900000,0.022683
lupuloides_ChrY,184000000,185000000,0.02576
lupuloides_ChrY,184100000,185100000,0.026022
lupuloides_ChrY,184200000,185200000,0.026953
lupuloides_ChrY,184300000,185300000,0.027076
lupuloides_ChrY,184400000,185400000,0.033047
lupuloides_ChrY,184500000,185500000,0.035518
lupuloides_ChrY,184600000,185600000,0.036215
lupuloides_ChrY,184700000,185700000,0.037222
lupuloides_ChrY,184800000,185800000,0.031664
lupuloides_ChrY,184900000,185900000,0.031392
lupuloides_ChrY,185000000,186000000,0.02883
lupuloides_ChrY,185100000,186100000,0.026842
lupuloides_ChrY,185200000,186200000,0.026593
lupuloides_ChrY,185300000,186300000,0.025563
lupuloides_ChrY,185400000,186400000,0.019624
lupuloides_ChrY,185500000,186500000,0.016348
lupuloides_ChrY,185600000,186600000,0.015601
lupuloides_ChrY,185700000,186700000,0.013666
lupuloides_ChrY,185800000,186800000,0.011622
lupuloides_ChrY,185900000,186900000,0.0101
lupuloides_ChrY,186000000,187000000,0.00902
lupuloides_ChrY,186100000,187100000,0.008192
lupuloides_ChrY,186200000,187200000,0.007428
lupuloides_ChrY,186300000,187300000,0.007624
lupuloides_ChrY,186400000,187400000,0.007267
lupuloides_ChrY,186500000,187500000,0.007308
lupuloides_ChrY,186600000,187600000,0.00767
lupuloides_ChrY,186700000,187700000,0.008247
lupuloides_ChrY,186800000,187800000,0.010376
lupuloides_ChrY,186900000,187900000,0.011413
lupuloides_ChrY,187000000,188000000,0.012601
lupuloides_ChrY,187100000,188100000,0.013089
lupuloides_ChrY,187200000,188200000,0.012947
lupuloides_ChrY,187300000,188300000,0.013025
lupuloides_ChrY,187400000,188400000,0.012542
lupuloides_ChrY,187500000,188500000,0.012019
lupuloides_ChrY,187600000,188600000,0.010605
lupuloides_ChrY,187700000,188700000,0.011317
lupuloides_ChrY,187800000,188800000,0.010152
lupuloides_ChrY,187900000,188900000,0.010274
lupuloides_ChrY,188000000,189000000,0.010202
lupuloides_ChrY,188100000,189100000,0.010104
lupuloides_ChrY,188200000,189200000,0.010662
lupuloides_ChrY,188300000,189300000,0.011727
lupuloides_ChrY,188400000,189400000,0.012706
lupuloides_ChrY,188500000,189500000,0.012482
lupuloides_ChrY,188600000,189600000,0.013362
lupuloides_ChrY,188700000,189700000,0.012674
lupuloides_ChrY,188800000,189800000,0.013445
lupuloides_ChrY,188900000,189900000,0.013434
lupuloides_ChrY,189000000,190000000,0.019588
lupuloides_ChrY,189100000,190100000,0.020527
lupuloides_ChrY,189200000,190200000,0.022188
lupuloides_ChrY,189300000,190300000,0.021723
lupuloides_ChrY,189400000,190400000,0.021589
lupuloides_ChrY,189500000,190500000,0.025752
lupuloides_ChrY,189600000,190600000,0.024388
lupuloides_ChrY,189700000,190700000,0.023583
lupuloides_ChrY,189800000,190800000,0.024721
lupuloides_ChrY,189900000,190900000,0.024349
lupuloides_ChrY,190000000,191000000,0.0177
lupuloides_ChrY,190100000,191100000,0.018927
lupuloides_ChrY,190200000,191200000,0.016425
lupuloides_ChrY,190300000,191300000,0.015625
lupuloides_ChrY,190400000,191400000,0.015181
lupuloides_ChrY,190500000,191500000,0.010922
lupuloides_ChrY,190600000,191600000,0.011412
lupuloides_ChrY,190700000,191700000,0.017021
lupuloides_ChrY,190800000,191800000,0.021941
lupuloides_ChrY,190900000,191900000,0.022084
lupuloides_ChrY,191000000,192000000,0.022871
lupuloides_ChrY,191100000,192100000,0.021364
lupuloides_ChrY,191200000,192200000,0.021928
lupuloides_ChrY,191300000,192300000,0.022606
lupuloides_ChrY,191400000,192400000,0.02229
lupuloides_ChrY,191500000,192500000,0.023823
lupuloides_ChrY,191600000,192600000,0.025719
lupuloides_ChrY,191700000,192700000,0.021313
lupuloides_ChrY,191800000,192800000,0.014503
lupuloides_ChrY,191900000,192900000,0.014059
lupuloides_ChrY,192000000,193000000,0.014268
lupuloides_ChrY,192100000,193100000,0.013836
lupuloides_ChrY,192200000,193200000,0.020563
lupuloides_ChrY,192300000,193300000,0.023629
lupuloides_ChrY,192400000,193400000,0.023312
lupuloides_ChrY,192500000,193500000,0.021826
lupuloides_ChrY,192600000,193600000,0.020622
lupuloides_ChrY,192700000,193700000,0.020708
lupuloides_ChrY,192800000,193800000,0.02163
lupuloides_ChrY,192900000,193900000,0.022731
lupuloides_ChrY,193000000,194000000,0.02174
lupuloides_ChrY,193100000,194100000,0.021092
lupuloides_ChrY,193200000,194200000,0.013419
lupuloides_ChrY,193300000,194300000,0.010239
lupuloides_ChrY,193400000,194400000,0.020739
lupuloides_ChrY,193500000,194500000,0.020269
lupuloides_ChrY,193600000,194600000,0.019712
lupuloides_ChrY,193700000,194700000,0.019209
lupuloides_ChrY,193800000,194800000,0.018181
lupuloides_ChrY,193900000,194900000,0.01775
lupuloides_ChrY,194000000,195000000,0.018204
lupuloides_ChrY,194100000,195100000,0.019377
lupuloides_ChrY,194200000,195200000,0.020128
lupuloides_ChrY,194300000,195300000,0.020339
lupuloides_ChrY,194400000,195400000,0.010321
lupuloides_ChrY,194500000,195500000,0.010497
lupuloides_ChrY,194600000,195600000,0.010245
lupuloides_ChrY,194700000,195700000,0.010012
lupuloides_ChrY,194800000,195800000,0.010703
lupuloides_ChrY,194900000,195900000,0.010008
lupuloides_ChrY,195000000,196000000,0.01094
lupuloides_ChrY,195100000,196100000,0.028436
lupuloides_ChrY,195200000,196200000,0.046095
lupuloides_ChrY,195300000,196300000,0.046538
lupuloides_ChrY,195400000,196400000,0.046341
lupuloides_ChrY,195500000,196500000,0.045829
lupuloides_ChrY,195600000,196600000,0.045393
lupuloides_ChrY,195700000,196700000,0.044935
lupuloides_ChrY,195800000,196800000,0.043485
lupuloides_ChrY,195900000,196900000,0.043044
lupuloides_ChrY,196000000,197000000,0.041166
lupuloides_ChrY,196100000,197100000,0.022429
lupuloides_ChrY,196200000,197200000,0.003879
lupuloides_ChrY,196300000,197300000,0.003158
lupuloides_ChrY,196400000,197400000,0.003883
lupuloides_ChrY,196500000,197500000,0.004932
lupuloides_ChrY,196600000,197600000,0.005631
lupuloides_ChrY,196700000,197700000,0.008701
lupuloides_ChrY,196800000,197800000,0.009318
lupuloides_ChrY,196900000,197900000,0.010497
lupuloides_ChrY,197000000,198000000,0.011274
lupuloides_ChrY,197100000,198100000,0.011945
lupuloides_ChrY,197200000,198200000,0.012344
lupuloides_ChrY,197300000,198300000,0.012103
lupuloides_ChrY,197400000,198400000,0.010874
lupuloides_ChrY,197500000,198500000,0.010197
lupuloides_ChrY,197600000,198600000,0.011182
lupuloides_ChrY,197700000,198700000,0.009462
lupuloides_ChrY,197800000,198800000,0.009228
lupuloides_ChrY,197900000,198900000,0.008162
lupuloides_ChrY,198000000,199000000,0.007766
lupuloides_ChrY,198100000,199100000,0.007959
lupuloides_ChrY,198200000,199200000,0.008119
lupuloides_ChrY,198300000,199300000,0.008418
lupuloides_ChrY,198400000,199400000,0.009218
lupuloides_ChrY,198500000,199500000,0.009843
lupuloides_ChrY,198600000,199600000,0.008767
lupuloides_ChrY,198700000,199700000,0.011046
lupuloides_ChrY,198800000,199800000,0.012026
lupuloides_ChrY,198900000,199900000,0.016914
lupuloides_ChrY,199000000,200000000,0.017439
lupuloides_ChrY,199100000,200100000,0.018139
lupuloides_ChrY,199200000,200200000,0.01946
lupuloides_ChrY,199300000,200300000,0.021286
lupuloides_ChrY,199400000,200400000,0.022397
lupuloides_ChrY,199500000,200500000,0.038432
lupuloides_ChrY,199600000,200600000,0.040567
lupuloides_ChrY,199700000,200700000,0.037033
lupuloides_ChrY,199800000,200800000,0.036408
lupuloides_ChrY,199900000,200900000,0.038293
lupuloides_ChrY,200000000,201000000,0.048661
lupuloides_ChrY,200100000,201100000,0.04791
lupuloides_ChrY,200200000,201200000,0.047426
lupuloides_ChrY,200300000,201300000,0.044982
lupuloides_ChrY,200400000,201400000,0.043618
lupuloides_ChrY,200500000,201500000,0.027898
lupuloides_ChrY,200600000,201600000,0.025659
lupuloides_ChrY,200700000,201700000,0.026845
lupuloides_ChrY,200800000,201800000,0.027675
lupuloides_ChrY,200900000,201900000,0.025255
lupuloides_ChrY,201000000,202000000,0.014291
lupuloides_ChrY,201100000,202100000,0.015144
lupuloides_ChrY,201200000,202200000,0.015234
lupuloides_ChrY,201300000,202300000,0.016268
lupuloides_ChrY,201400000,202400000,0.016998
lupuloides_ChrY,201500000,202500000,0.016688
lupuloides_ChrY,201600000,202600000,0.029098
lupuloides_ChrY,201700000,202700000,0.028565
lupuloides_ChrY,201800000,202800000,0.033509
lupuloides_ChrY,201900000,202900000,0.030049
lupuloides_ChrY,202000000,203000000,0.032778
lupuloides_ChrY,202100000,203100000,0.032582
lupuloides_ChrY,202200000,203200000,0.033038
lupuloides_ChrY,202300000,203300000,0.032978
lupuloides_ChrY,202400000,203400000,0.032915
lupuloides_ChrY,202500000,203500000,0.032618
lupuloides_ChrY,202600000,203600000,0.020067
lupuloides_ChrY,202700000,203700000,0.020722
lupuloides_ChrY,202800000,203800000,0.014836
lupuloides_ChrY,202900000,203900000,0.014888
lupuloides_ChrY,203000000,204000000,0.013549
lupuloides_ChrY,203100000,204100000,0.013599
lupuloides_ChrY,203200000,204200000,0.012216
lupuloides_ChrY,203300000,204300000,0.011573
lupuloides_ChrY,203400000,204400000,0.01172
lupuloides_ChrY,203500000,204500000,0.017091
lupuloides_ChrY,203600000,204600000,0.019174
lupuloides_ChrY,203700000,204700000,0.022762
lupuloides_ChrY,203800000,204800000,0.022868
lupuloides_ChrY,203900000,204900000,0.023492
lupuloides_ChrY,204000000,205000000,0.025218
lupuloides_ChrY,204100000,205100000,0.025254
lupuloides_ChrY,204200000,205200000,0.025873
lupuloides_ChrY,204300000,205300000,0.03157
lupuloides_ChrY,204400000,205400000,0.030474
lupuloides_ChrY,204500000,205500000,0.025659
lupuloides_ChrY,204600000,205600000,0.024142
lupuloides_ChrY,204700000,205700000,0.019923
lupuloides_ChrY,204800000,205800000,0.019407
lupuloides_ChrY,204900000,205900000,0.019801
lupuloides_ChrY,205000000,206000000,0.017829
lupuloides_ChrY,205100000,206100000,0.017759
lupuloides_ChrY,205200000,206200000,0.01753
lupuloides_ChrY,205300000,206300000,0.013002
lupuloides_ChrY,205400000,206400000,0.014114
lupuloides_ChrY,205500000,206500000,0.015222
lupuloides_ChrY,205600000,206600000,0.019422
lupuloides_ChrY,205700000,206700000,0.018911
lupuloides_ChrY,205800000,206800000,0.019922
lupuloides_ChrY,205900000,206900000,0.017959
lupuloides_ChrY,206000000,207000000,0.016615
lupuloides_ChrY,206100000,207100000,0.015365
lupuloides_ChrY,206200000,207200000,0.014364
lupuloides_ChrY,206300000,207300000,0.012656
lupuloides_ChrY,206400000,207400000,0.011329
lupuloides_ChrY,206500000,207500000,0.009017
lupuloides_ChrY,206600000,207600000,0.00407
lupuloides_ChrY,206700000,207700000,0.004761
lupuloides_ChrY,206800000,207800000,0.004001
lupuloides_ChrY,206900000,207900000,0.004421
lupuloides_ChrY,207000000,208000000,0.006058
lupuloides_ChrY,207100000,208100000,0.006181
lupuloides_ChrY,207200000,208200000,0.008193
lupuloides_ChrY,207300000,208300000,0.010652
lupuloides_ChrY,207400000,208400000,0.011079
lupuloides_ChrY,207500000,208500000,0.012079
lupuloides_ChrY,207600000,208600000,0.01412
lupuloides_ChrY,207700000,208700000,0.017811
lupuloides_ChrY,207800000,208800000,0.023731
lupuloides_ChrY,207900000,208900000,0.024282
lupuloides_ChrY,208000000,209000000,0.023038
lupuloides_ChrY,208100000,209100000,0.023337
lupuloides_ChrY,208200000,209200000,0.027365
lupuloides_ChrY,208300000,209300000,0.028885
lupuloides_ChrY,208400000,209400000,0.029712
lupuloides_ChrY,208500000,209500000,0.029194
lupuloides_ChrY,208600000,209600000,0.027052
lupuloides_ChrY,208700000,209700000,0.023433
lupuloides_ChrY,208800000,209800000,0.018184
lupuloides_ChrY,208900000,209900000,0.018671
lupuloides_ChrY,209000000,210000000,0.018915
lupuloides_ChrY,209100000,210100000,0.019554
lupuloides_ChrY,209200000,210200000,0.017611
lupuloides_ChrY,209300000,210300000,0.01679
lupuloides_ChrY,209400000,210400000,0.025163
lupuloides_ChrY,209500000,210500000,0.027279
lupuloides_ChrY,209600000,210600000,0.027685
lupuloides_ChrY,209700000,210700000,0.026984
lupuloides_ChrY,209800000,210800000,0.027173
lupuloides_ChrY,209900000,210900000,0.026861
lupuloides_ChrY,210000000,211000000,0.026503
lupuloides_ChrY,210100000,211100000,0.026242
lupuloides_ChrY,210200000,211200000,0.024629
lupuloides_ChrY,210300000,211300000,0.023022
lupuloides_ChrY,210400000,211400000,0.013886
lupuloides_ChrY,210500000,211500000,0.012551
lupuloides_ChrY,210600000,211600000,0.013927
lupuloides_ChrY,210700000,211700000,0.014498
lupuloides_ChrY,210800000,211800000,0.016202
lupuloides_ChrY,210900000,211900000,0.017598
lupuloides_ChrY,211000000,212000000,0.018382
lupuloides_ChrY,211100000,212100000,0.022873
lupuloides_ChrY,211200000,212200000,0.022163
lupuloides_ChrY,211300000,212300000,0.021337
lupuloides_ChrY,211400000,212400000,0.02088
lupuloides_ChrY,211500000,212500000,0.020268
lupuloides_ChrY,211600000,212600000,0.020546
lupuloides_ChrY,211700000,212700000,0.034989
lupuloides_ChrY,211800000,212800000,0.034219
lupuloides_ChrY,211900000,212900000,0.033734
lupuloides_ChrY,212000000,213000000,0.034801
lupuloides_ChrY,212100000,213100000,0.030804
lupuloides_ChrY,212200000,213200000,0.029847
lupuloides_ChrY,212300000,213300000,0.030482
lupuloides_ChrY,212400000,213400000,0.03369
lupuloides_ChrY,212500000,213500000,0.03507
lupuloides_ChrY,212600000,213600000,0.033939
lupuloides_ChrY,212700000,213700000,0.019361
lupuloides_ChrY,212800000,213800000,0.017597
lupuloides_ChrY,212900000,213900000,0.017343
lupuloides_ChrY,213000000,214000000,0.016533
lupuloides_ChrY,213100000,214100000,0.016143
lupuloides_ChrY,213200000,214200000,0.016117
lupuloides_ChrY,213300000,214300000,0.015519
lupuloides_ChrY,213400000,214400000,0.012338
lupuloides_ChrY,213500000,214500000,0.0107
lupuloides_ChrY,213600000,214600000,0.009847
lupuloides_ChrY,213700000,214700000,0.009018
lupuloides_ChrY,213800000,214800000,0.00853
lupuloides_ChrY,213900000,214900000,0.006573
lupuloides_ChrY,214000000,215000000,0.005422
lupuloides_ChrY,214100000,215100000,0.004342
lupuloides_ChrY,214200000,215200000,0.003247
lupuloides_ChrY,214300000,215300000,0.00227
lupuloides_ChrY,214400000,215400000,0.002053
lupuloides_ChrY,214500000,215500000,0.001584
lupuloides_ChrY,214600000,215600000,0.001361
lupuloides_ChrY,214700000,215700000,0.001123
lupuloides_ChrY,214800000,215800000,0.000915
lupuloides_ChrY,214900000,215900000,0.000915
lupuloides_ChrY,215000000,216000000,0.000741
lupuloides_ChrY,215100000,216100000,0.00064
lupuloides_ChrY,215200000,216200000,0.000769
lupuloides_ChrY,215300000,216300000,0.001044
lupuloides_ChrY,215400000,216400000,0.001069
lupuloides_ChrY,215500000,216500000,0.001026
lupuloides_ChrY,215600000,216600000,0.001024
lupuloides_ChrY,215700000,216700000,0.001024
lupuloides_ChrY,215800000,216800000,0.000998
lupuloides_ChrY,215900000,216900000,0.000952
lupuloides_ChrY,216000000,217000000,0.000669
lupuloides_ChrY,216100000,217100000,0.000625
lupuloides_ChrY,216200000,217200000,0.000454
lupuloides_ChrY,216300000,217300000,0.000157
lupuloides_ChrY,216400000,217400000,0.00009
lupuloides_ChrY,216500000,217500000,0.000066
lupuloides_ChrY,216600000,217600000,0.000045
lupuloides_ChrY,216700000,217700000,0.000045
lupuloides_ChrY,216800000,217800000,0.000045
lupuloides_ChrY,216900000,217900000,0.000066
lupuloides_ChrY,217000000,218000000,0.000067
lupuloides_ChrY,217100000,218100000,0.000067
lupuloides_ChrY,217200000,218200000,0.000067
lupuloides_ChrY,217300000,218300000,0.000067
lupuloides_ChrY,217400000,218400000,0.000067
lupuloides_ChrY,217500000,218500000,0.000067
lupuloides_ChrY,217600000,218600000,0.000067
lupuloides_ChrY,217700000,218700000,0.000089
lupuloides_ChrY,217800000,218800000,0.000089
lupuloides_ChrY,217900000,218900000,0.000047
lupuloides_ChrY,218000000,219000000,0.000022
lupuloides_ChrY,218100000,219100000,0.000022
lupuloides_ChrY,218200000,219200000,0.000022
lupuloides_ChrY,218300000,219300000,0.000022
lupuloides_ChrY,218400000,219400000,0.000086
lupuloides_ChrY,218500000,219500000,0.000086
lupuloides_ChrY,218600000,219600000,0.000109
lupuloides_ChrY,218700000,219700000,0.000087
lupuloides_ChrY,218800000,219800000,0.000087
lupuloides_ChrY,218900000,219900000,0.000108
lupuloides_ChrY,219000000,220000000,0.000108
lupuloides_ChrY,219100000,220100000,0.000108
lupuloides_ChrY,219200000,220200000,0.00015
lupuloides_ChrY,219300000,220300000,0.000204
lupuloides_ChrY,219400000,220400000,0.00014
lupuloides_ChrY,219500000,220500000,0.00014
lupuloides_ChrY,219600000,220600000,0.000117
lupuloides_ChrY,219700000,220700000,0.000139
lupuloides_ChrY,219800000,220800000,0.000139
lupuloides_ChrY,219900000,220900000,0.000118
lupuloides_ChrY,220000000,221000000,0.000118
lupuloides_ChrY,220100000,221100000,0.000118
lupuloides_ChrY,220200000,221200000,0.000076
lupuloides_ChrY,220300000,221300000,0.000022
lupuloides_ChrY,220400000,221400000,0.000022
lupuloides_ChrY,220500000,221500000,0.000022
lupuloides_ChrY,220600000,221600000,0.000022
lupuloides_ChrY,220700000,221700000,0.000021
lupuloides_ChrY,220800000,221800000,0.000021
lupuloides_ChrY,220900000,221900000,0.000021
lupuloides_ChrY,221000000,222000000,0.000021
lupuloides_ChrY,221100000,222100000,0.000021
lupuloides_ChrY,221200000,222200000,0.000021
lupuloides_ChrY,221300000,222300000,0.000042
lupuloides_ChrY,221400000,222400000,0.000063
lupuloides_ChrY,221500000,222500000,0.000063
lupuloides_ChrY,221600000,222600000,0.000063
lupuloides_ChrY,221700000,222700000,0.000042
lupuloides_ChrY,221800000,222800000,0.000042
lupuloides_ChrY,221900000,222900000,0.000042
lupuloides_ChrY,222000000,223000000,0.000042
lupuloides_ChrY,222100000,223100000,0.000085
lupuloides_ChrY,222200000,223200000,0.000085
lupuloides_ChrY,222300000,223300000,0.000085
lupuloides_ChrY,222400000,223400000,0.000064
lupuloides_ChrY,222500000,223500000,0.000086
lupuloides_ChrY,222600000,223600000,0.000086
lupuloides_ChrY,222700000,223700000,0.000112
lupuloides_ChrY,222800000,223800000,0.000112
lupuloides_ChrY,222900000,223900000,0.000112
lupuloides_ChrY,223000000,224000000,0.000112
lupuloides_ChrY,223100000,224100000,0.000069
lupuloides_ChrY,223200000,224200000,0.000069
lupuloides_ChrY,223300000,224300000,0.000048
lupuloides_ChrY,223400000,224400000,0.000048
lupuloides_ChrY,223500000,224500000,0.000026
lupuloides_ChrY,223600000,224600000,0.000026
lupuloides_ChrY,223700000,224700000,0
lupuloides_ChrY,223800000,224800000,0
lupuloides_ChrY,223900000,224900000,0
lupuloides_ChrY,224000000,225000000,0
lupuloides_ChrY,224100000,225100000,0
lupuloides_ChrY,224200000,225200000,0
lupuloides_ChrY,224300000,225300000,0
lupuloides_ChrY,224400000,225400000,0
lupuloides_ChrY,224500000,225500000,0
lupuloides_ChrY,224600000,225600000,0
lupuloides_ChrY,224700000,225700000,0
lupuloides_ChrY,224800000,225800000,0
lupuloides_ChrY,224900000,225900000,0
lupuloides_ChrY,225000000,226000000,0
lupuloides_ChrY,225100000,226100000,0
lupuloides_ChrY,225200000,226200000,0
lupuloides_ChrY,225300000,226300000,0.000027
lupuloides_ChrY,225400000,226400000,0.000027
lupuloides_ChrY,225500000,226500000,0.000027
lupuloides_ChrY,225600000,226600000,0.000027
lupuloides_ChrY,225700000,226700000,0.000027
lupuloides_ChrY,225800000,226800000,0.000027
lupuloides_ChrY,225900000,226900000,0.000054
lupuloides_ChrY,226000000,227000000,0.000075
lupuloides_ChrY,226100000,227100000,0.000075
lupuloides_ChrY,226200000,227200000,0.000075
lupuloides_ChrY,226300000,227300000,0.000048
lupuloides_ChrY,226400000,227400000,0.000048
lupuloides_ChrY,226500000,227500000,0.000048
lupuloides_ChrY,226600000,227600000,0.000048
lupuloides_ChrY,226700000,227700000,0.000048
lupuloides_ChrY,226800000,227800000,0.000048
lupuloides_ChrY,226900000,227900000,0.000021
lupuloides_ChrY,227000000,228000000,0
lupuloides_ChrY,227100000,228100000,0
lupuloides_ChrY,227200000,228200000,0
lupuloides_ChrY,227300000,228300000,0
lupuloides_ChrY,227400000,228400000,0
lupuloides_ChrY,227500000,228500000,0
lupuloides_ChrY,227600000,228600000,0
lupuloides_ChrY,227700000,228700000,0
lupuloides_ChrY,227800000,228800000,0
lupuloides_ChrY,227900000,228900000,0
lupuloides_ChrY,228000000,229000000,0
lupuloides_ChrY,228100000,229100000,0
lupuloides_ChrY,228200000,229200000,0
lupuloides_ChrY,228300000,229300000,0.000023
lupuloides_ChrY,228400000,229400000,0.000023
lupuloides_ChrY,228500000,229500000,0.000023
lupuloides_ChrY,228600000,229600000,0.000023
lupuloides_ChrY,228700000,229700000,0.000023
lupuloides_ChrY,228800000,229800000,0.000023
lupuloides_ChrY,228900000,229900000,0.00009
lupuloides_ChrY,229000000,230000000,0.00009
lupuloides_ChrY,229100000,230100000,0.00009
lupuloides_ChrY,229200000,230200000,0.00009
lupuloides_ChrY,229300000,230300000,0.000067
lupuloides_ChrY,229400000,230400000,0.000067
lupuloides_ChrY,229500000,230500000,0.000067
lupuloides_ChrY,229600000,230600000,0.000067
lupuloides_ChrY,229700000,230700000,0.000067
lupuloides_ChrY,229800000,230800000,0.000067
lupuloides_ChrY,229900000,230900000,0
lupuloides_ChrY,230000000,231000000,0
lupuloides_ChrY,230100000,231100000,0
lupuloides_ChrY,230200000,231200000,0
lupuloides_ChrY,230300000,231300000,0
lupuloides_ChrY,230400000,231400000,0
lupuloides_ChrY,230500000,231500000,0
lupuloides_ChrY,230600000,231600000,0
lupuloides_ChrY,230700000,231700000,0
lupuloides_ChrY,230800000,231800000,0.000045
lupuloides_ChrY,230900000,231900000,0.000045
lupuloides_ChrY,231000000,232000000,0.000045
lupuloides_ChrY,231100000,232100000,0.000045
lupuloides_ChrY,231200000,232200000,0.000045
lupuloides_ChrY,231300000,232300000,0.000045
lupuloides_ChrY,231400000,232400000,0.000045
lupuloides_ChrY,231500000,232500000,0.000045
lupuloides_ChrY,231600000,232600000,0.000045
lupuloides_ChrY,231700000,232700000,0.000045
lupuloides_ChrY,231800000,232800000,0
lupuloides_ChrY,231900000,232900000,0
lupuloides_ChrY,232000000,233000000,0
lupuloides_ChrY,232100000,233100000,0
lupuloides_ChrY,232200000,233200000,0
lupuloides_ChrY,232300000,233300000,0
lupuloides_ChrY,232400000,233400000,0
lupuloides_ChrY,232500000,233500000,0
lupuloides_ChrY,232600000,233600000,0
lupuloides_ChrY,232700000,233700000,0
lupuloides_ChrY,232800000,233800000,0
lupuloides_ChrY,232900000,233900000,0
lupuloides_ChrY,233000000,234000000,0.000022
lupuloides_ChrY,233100000,234100000,0.000022
lupuloides_ChrY,233200000,234200000,0.000044
lupuloides_ChrY,233300000,234300000,0.000044
lupuloides_ChrY,233400000,234400000,0.000065
lupuloides_ChrY,233500000,234500000,0.000065
lupuloides_ChrY,233600000,234600000,0.000065
lupuloides_ChrY,233700000,234700000,0.000065
lupuloides_ChrY,233800000,234800000,0.000065
lupuloides_ChrY,233900000,234900000,0.000065
lupuloides_ChrY,234000000,235000000,0.000043
lupuloides_ChrY,234100000,235100000,0.000043
lupuloides_ChrY,234200000,235200000,0.000021
lupuloides_ChrY,234300000,235300000,0.000069
lupuloides_ChrY,234400000,235400000,0.000048
lupuloides_ChrY,234500000,235500000,0.000048
lupuloides_ChrY,234600000,235600000,0.000048
lupuloides_ChrY,234700000,235700000,0.000048
lupuloides_ChrY,234800000,235800000,0.000048
lupuloides_ChrY,234900000,235900000,0.000048
lupuloides_ChrY,235000000,236000000,0.000048
lupuloides_ChrY,235100000,236100000,0.000048
lupuloides_ChrY,235200000,236200000,0.000071
lupuloides_ChrY,235300000,236300000,0.000539
lupuloides_ChrY,235400000,236400000,0.000587
lupuloides_ChrY,235500000,236500000,0.000587
lupuloides_ChrY,235600000,236600000,0.000587
lupuloides_ChrY,235700000,236700000,0.000587
lupuloides_ChrY,235800000,236800000,0.000609
lupuloides_ChrY,235900000,236900000,0.000632
lupuloides_ChrY,236000000,237000000,0.000632
lupuloides_ChrY,236100000,237100000,0.000632
lupuloides_ChrY,236200000,237200000,0.00073
lupuloides_ChrY,236300000,237300000,0.000241
lupuloides_ChrY,236400000,237400000,0.000193
lupuloides_ChrY,236500000,237500000,0.000216
lupuloides_ChrY,236600000,237600000,0.000239
lupuloides_ChrY,236700000,237700000,0.000283
lupuloides_ChrY,236800000,237800000,0.000261
lupuloides_ChrY,236900000,237900000,0.000238
lupuloides_ChrY,237000000,238000000,0.000238
lupuloides_ChrY,237100000,238100000,0.000322
lupuloides_ChrY,237200000,238200000,0.000201
lupuloides_ChrY,237300000,238300000,0.000174
lupuloides_ChrY,237400000,238400000,0.000174
lupuloides_ChrY,237500000,238500000,0.000151
lupuloides_ChrY,237600000,238600000,0.000128
lupuloides_ChrY,237700000,238700000,0.000105
lupuloides_ChrY,237800000,238800000,0.000127
lupuloides_ChrY,237900000,238900000,0.000127
lupuloides_ChrY,238000000,239000000,0.000127
lupuloides_ChrY,238100000,239100000,0.000043
lupuloides_ChrY,238200000,239200000,0.000043
lupuloides_ChrY,238300000,239300000,0.000043
lupuloides_ChrY,238400000,239400000,0.000043
lupuloides_ChrY,238500000,239500000,0.000043
lupuloides_ChrY,238600000,239600000,0.000043
lupuloides_ChrY,238700000,239700000,0.000022
lupuloides_ChrY,238800000,239800000,0
lupuloides_ChrY,238900000,239900000,0
lupuloides_ChrY,239000000,240000000,0
lupuloides_ChrY,239100000,240100000,0
lupuloides_ChrY,239200000,240200000,0
lupuloides_ChrY,239300000,240300000,0
lupuloides_ChrY,239400000,240400000,0
lupuloides_ChrY,239500000,240500000,0
lupuloides_ChrY,239600000,240600000,0
lupuloides_ChrY,239700000,240700000,0
lupuloides_ChrY,239800000,240800000,0
lupuloides_ChrY,239900000,240900000,0
lupuloides_ChrY,240000000,241000000,0
lupuloides_ChrY,240100000,241100000,0
lupuloides_ChrY,240200000,241200000,0.000021
lupuloides_ChrY,240300000,241300000,0.000021
lupuloides_ChrY,240400000,241400000,0.000021
lupuloides_ChrY,240500000,241500000,0.000021
lupuloides_ChrY,240600000,241600000,0.000021
lupuloides_ChrY,240700000,241700000,0.000021
lupuloides_ChrY,240800000,241800000,0.000021
lupuloides_ChrY,240900000,241900000,0.000021
lupuloides_ChrY,241000000,242000000,0.000021
lupuloides_ChrY,241100000,242100000,0.000021
lupuloides_ChrY,241200000,242200000,0
lupuloides_ChrY,241300000,242300000,0
lupuloides_ChrY,241400000,242400000,0
lupuloides_ChrY,241500000,242500000,0
lupuloides_ChrY,241600000,242600000,0
lupuloides_ChrY,241700000,242700000,0
lupuloides_ChrY,241800000,242800000,0
lupuloides_ChrY,241900000,242885770,0
lupuloides_ChrY,242000000,242885770,0
lupuloides_ChrY,242100000,242885770,0
lupuloides_ChrY,242200000,242885770,0
lupuloides_ChrY,242300000,242885770,0
lupuloides_ChrY,242400000,242885770,0
lupuloides_ChrY,242500000,242885770,0
lupuloides_ChrY,242600000,242885770,0
lupuloides_ChrY,242700000,242885770,0
lupuloides_ChrY,242800000,242885770,0
