Ka,Ks,Ka/Ks,HAP1,HAP2,Start,Stop,Chromosome_real,Chromosome,Start_real,Stop_real,Compartment
0.000293387,0.0092733,0.0316378,OIIa.chrY.v1.g364980.t1,OIIb.chrX.v1.g390600.t1,1541991,1549023,ChrX,otto_ChrX,1541991,1549023,PAR
0.0025998,5.33E-05,48.7984,OIIa.chrY.v1.g364990.t1,OIIb.chrX.v1.g390610.t1,1550019,1550660,ChrX,otto_ChrX,1550019,1550660,PAR
NA,NA,NA,OIIa.chrY.v1.g365000.t1,OIIb.chrX.v1.g390620.t1,1551831,1554155,ChrX,otto_ChrX,1551831,1554155,PAR
NA,NA,NA,OIIa.chrY.v1.g365030.t1,OIIb.chrX.v1.g390640.t1,1570494,1572491,ChrX,otto_ChrX,1570494,1572491,PAR
2.67E-06,0.00267349,0.001,OIIa.chrY.v1.g365040.t1,OIIb.chrX.v1.g390650.t1,1574412,1576283,ChrX,otto_ChrX,1574412,1576283,PAR
0.00141237,0.00528222,0.267382,OIIa.chrY.v1.g365050.t1,OIIb.chrX.v1.g390660.t1,1577155,1579457,ChrX,otto_ChrX,1577155,1579457,PAR
NA,NA,NA,OIIa.chrY.v1.g365070.t1,OIIb.chrX.v1.g390680.t1,1584637,1586085,ChrX,otto_ChrX,1584637,1586085,PAR
8.40E-06,0.00840169,0.001,OIIa.chrY.v1.g365080.t1,OIIb.chrX.v1.g390690.t1,1587380,1588636,ChrX,otto_ChrX,1587380,1588636,PAR
1.99E-05,0.0198751,0.001,OIIa.chrY.v1.g365090.t1,OIIb.chrX.v1.g390700.t1,1589879,1592295,ChrX,otto_ChrX,1589879,1592295,PAR
8.39E-06,0.00838841,0.001,OIIa.chrY.v1.g365100.t1,OIIb.chrX.v1.g390710.t1,1594314,1595465,ChrX,otto_ChrX,1594314,1595465,PAR
0.00364399,0.00384418,0.947926,OIIa.chrY.v1.g365110.t1,OIIb.chrX.v1.g390720.t1,1596736,1602741,ChrX,otto_ChrX,1596736,1602741,PAR
NA,NA,NA,OIIa.chrY.v1.g365120.t1,OIIb.chrX.v1.g390730.t1,1603070,1604712,ChrX,otto_ChrX,1603070,1604712,PAR
0.00150715,0.00600949,0.250795,OIIa.chrY.v1.g365130.t1,OIIb.chrX.v1.g390740.t1,1608509,1610368,ChrX,otto_ChrX,1608509,1610368,PAR
0.000561469,0.0015119,0.371368,OIIa.chrY.v1.g365140.t1,OIIb.chrX.v1.g390750.t1,1612531,1616076,ChrX,otto_ChrX,1612531,1616076,PAR
0.00710732,0.00674471,1.05376,OIIa.chrY.v1.g365150.t1,OIIb.chrX.v1.g390770.t1,1626584,1628065,ChrX,otto_ChrX,1626584,1628065,PAR
1.71E-05,0.0171081,0.001,OIIa.chrY.v1.g365160.t1,OIIb.chrX.v1.g390780.t1,1630419,1631539,ChrX,otto_ChrX,1630419,1631539,PAR
NA,NA,NA,OIIa.chrY.v1.g365170.t1,OIIb.chrX.v1.g390790.t1,1647410,1649295,ChrX,otto_ChrX,1647410,1649295,PAR
NA,NA,NA,OIIa.chrY.v1.g365180.t1,OIIb.chrX.v1.g390810.t1,1658450,1659400,ChrX,otto_ChrX,1658450,1659400,PAR
NA,NA,NA,OIIa.chrY.v1.g365190.t1,OIIb.chrX.v1.g390820.t1,1660308,1660637,ChrX,otto_ChrX,1660308,1660637,PAR
0.000480543,9.61E-06,50,OIIa.chrY.v1.g365210.t1,OIIb.chrX.v1.g390840.t1,1678398,1684110,ChrX,otto_ChrX,1678398,1684110,PAR
NA,NA,NA,OIIa.chrY.v1.g365230.t1,OIIb.chrX.v1.g390860.t1,1689195,1690481,ChrX,otto_ChrX,1689195,1690481,PAR
NA,NA,NA,OIIa.chrY.v1.g365240.t1,OIIb.chrX.v1.g390870.t1,1691649,1697796,ChrX,otto_ChrX,1691649,1697796,PAR
0.0129428,0.00933438,1.38657,OIIa.chrY.v1.g365250.t1,OIIb.chrX.v1.g390890.t1,1705831,1708454,ChrX,otto_ChrX,1705831,1708454,PAR
0.00517426,0.0056637,0.913583,OIIa.chrY.v1.g365270.t1,OIIb.chrX.v1.g390900.t1,1709144,1710948,ChrX,otto_ChrX,1709144,1710948,PAR
0.00631094,0.0185199,0.340765,OIIa.chrY.v1.g365280.t1,OIIb.chrX.v1.g390910.t1,1711052,1714633,ChrX,otto_ChrX,1711052,1714633,PAR
NA,NA,NA,OIIa.chrY.v1.g365290.t1,OIIb.chrX.v1.g390920.t1,1715253,1716924,ChrX,otto_ChrX,1715253,1716924,PAR
0.00653493,0.0255209,0.256062,OIIa.chrY.v1.g365300.t1,OIIb.chrX.v1.g390930.t1,1718893,1719843,ChrX,otto_ChrX,1718893,1719843,PAR
0.00470068,0.0172114,0.273115,OIIa.chrY.v1.g365310.t1,OIIb.chrX.v1.g390940.t1,1729857,1735188,ChrX,otto_ChrX,1729857,1735188,PAR
0.0148652,0.0614017,0.242098,OIIa.chrY.v1.g365320.t1,OIIb.chrX.v1.g390950.t1,1737925,1738182,ChrX,otto_ChrX,1737925,1738182,PAR
0.00185098,0.0231064,0.0801068,OIIa.chrY.v1.g365330.t1,OIIb.chrX.v1.g390960.t1,1739190,1740590,ChrX,otto_ChrX,1739190,1740590,PAR
0.00472006,0.00823084,0.57346,OIIa.chrY.v1.g365340.t1,OIIb.chrX.v1.g390970.t1,1742589,1743497,ChrX,otto_ChrX,1742589,1743497,PAR
0.00467316,0.0240779,0.194085,OIIa.chrY.v1.g365350.t1,OIIb.chrX.v1.g390980.t1,1746853,1747731,ChrX,otto_ChrX,1746853,1747731,PAR
0.00423652,8.74E-05,48.4856,OIIa.chrY.v1.g365360.t1,OIIb.chrX.v1.g390990.t1,1752853,1753743,ChrX,otto_ChrX,1752853,1753743,PAR
0.00144909,0.00582914,0.248594,OIIa.chrY.v1.g365370.t1,OIIb.chrX.v1.g391000.t1,1766638,1767564,ChrX,otto_ChrX,1766638,1767564,PAR
0.0063559,0.0627005,0.101369,OIIa.chrY.v1.g365380.t1,OIIb.chrX.v1.g391010.t1,1770849,1773476,ChrX,otto_ChrX,1770849,1773476,PAR
0.000800284,0.01361,0.0588011,OIIa.chrY.v1.g365390.t1,OIIb.chrX.v1.g391020.t1,1775260,1778054,ChrX,otto_ChrX,1775260,1778054,PAR
0.00121096,0.00394736,0.306778,OIIa.chrY.v1.g365400.t1,OIIb.chrX.v1.g391030.t1,1780570,1783854,ChrX,otto_ChrX,1780570,1783854,PAR
0.00126332,0.0165,0.0765651,OIIa.chrY.v1.g365410.t1,OIIb.chrX.v1.g391040.t1,1787792,1789466,ChrX,otto_ChrX,1787792,1789466,PAR
0.0011907,0.009372,0.127048,OIIa.chrY.v1.g365420.t1,OIIb.chrX.v1.g391050.t1,1794172,1795692,ChrX,otto_ChrX,1794172,1795692,PAR
0.00309014,0.0127509,0.242346,OIIa.chrY.v1.g365430.t2,OIIb.chrX.v1.g391060.t2,1803876,1805123,ChrX,otto_ChrX,1803876,1805123,PAR
0.0101505,0.0145448,0.697881,OIIa.chrY.v1.g365440.t1,OIIb.chrX.v1.g391070.t1,1806378,1807466,ChrX,otto_ChrX,1806378,1807466,PAR
0.0122421,0.0105067,1.16517,OIIa.chrY.v1.g365450.t1,OIIb.chrX.v1.g391080.t1,1808693,1809745,ChrX,otto_ChrX,1808693,1809745,PAR
2.99E-05,0.0298707,0.001,OIIa.chrY.v1.g365460.t1,OIIb.chrX.v1.g391090.t1,1812071,1813154,ChrX,otto_ChrX,1812071,1813154,PAR
2.82E-05,0.0281826,0.001,OIIa.chrY.v1.g365470.t1,OIIb.chrX.v1.g391100.t1,1816179,1817563,ChrX,otto_ChrX,1816179,1817563,PAR
0.00968759,0.0153893,0.6295,OIIa.chrY.v1.g365480.t1,OIIb.chrX.v1.g391120.t1,1821028,1823905,ChrX,otto_ChrX,1821028,1823905,PAR
0.00230591,0.018904,0.12198,OIIa.chrY.v1.g365490.t1,OIIb.chrX.v1.g391130.t1,1826861,1828444,ChrX,otto_ChrX,1826861,1828444,PAR
0.00498289,0.0123269,0.404229,OIIa.chrY.v1.g365500.t1,OIIb.chrX.v1.g391140.t1,1829852,1830395,ChrX,otto_ChrX,1829852,1830395,PAR
0.00280333,0.0293803,0.0954153,OIIa.chrY.v1.g365510.t1,OIIb.chrX.v1.g391150.t1,1832110,1833063,ChrX,otto_ChrX,1832110,1833063,PAR
8.91E-06,0.0089111,0.001,OIIa.chrY.v1.g365520.t1,OIIb.chrX.v1.g391160.t1,1836708,1837241,ChrX,otto_ChrX,1836708,1837241,PAR
0.000751343,0.0157025,0.0478488,OIIa.chrY.v1.g365530.t1,OIIb.chrX.v1.g391170.t1,1837659,1841679,ChrX,otto_ChrX,1837659,1841679,PAR
0.00579984,0.0206839,0.280404,OIIa.chrY.v1.g365540.t1,OIIb.chrX.v1.g391180.t1,1849508,1853528,ChrX,otto_ChrX,1849508,1853528,PAR
0.000924125,0.0128852,0.07172,OIIa.chrY.v1.g365550.t1,OIIb.chrX.v1.g391190.t1,1870166,1872993,ChrX,otto_ChrX,1870166,1872993,PAR
0.00670695,0.0112353,0.596953,OIIa.chrY.v1.g365570.t1,OIIb.chrX.v1.g391210.t1,1879371,1883401,ChrX,otto_ChrX,1879371,1883401,PAR
5.02E-06,0.00502318,0.001,OIIa.chrY.v1.g365580.t1,OIIb.chrX.v1.g391220.t1,1889498,1893493,ChrX,otto_ChrX,1889498,1893493,PAR
NA,NA,NA,OIIa.chrY.v1.g365590.t1,OIIb.chrX.v1.g391230.t1,1894940,1898247,ChrX,otto_ChrX,1894940,1898247,PAR
NA,NA,NA,OIIa.chrY.v1.g365600.t1,OIIb.chrX.v1.g391240.t1,1901950,1902969,ChrX,otto_ChrX,1901950,1902969,PAR
3.33E-06,0.00332538,0.001,OIIa.chrY.v1.g365620.t1,OIIb.chrX.v1.g391260.t1,1912893,1915741,ChrX,otto_ChrX,1912893,1915741,PAR
1.89E-05,0.0189413,0.001,OIIa.chrY.v1.g365630.t1,OIIb.chrX.v1.g391270.t1,1921716,1927731,ChrX,otto_ChrX,1921716,1927731,PAR
NA,NA,NA,OIIa.chrY.v1.g365640.t1,OIIb.chrX.v1.g391280.t1,1930507,1932542,ChrX,otto_ChrX,1930507,1932542,PAR
NA,NA,NA,OIIa.chrY.v1.g365650.t1,OIIb.chrX.v1.g391290.t1,1933705,1935746,ChrX,otto_ChrX,1933705,1935746,PAR
1.76E-05,0.0176366,0.001,OIIa.chrY.v1.g365660.t1,OIIb.chrX.v1.g391300.t1,1936366,1936596,ChrX,otto_ChrX,1936366,1936596,PAR
5.64E-06,0.00564415,0.001,OIIa.chrY.v1.g365670.t1,OIIb.chrX.v1.g391310.t1,1938575,1940913,ChrX,otto_ChrX,1938575,1940913,PAR
0.00430346,0.0764591,0.0562845,OIIa.chrY.v1.g365680.t1,OIIb.chrX.v1.g391320.t1,1942214,1945036,ChrX,otto_ChrX,1942214,1945036,PAR
0.00209028,0.0374425,0.0558265,OIIa.chrY.v1.g365700.t1,OIIb.chrX.v1.g391340.t1,1959492,1964276,ChrX,otto_ChrX,1959492,1964276,PAR
0.00467412,0.047661,0.0980701,OIIa.chrY.v1.g365710.t1,OIIb.chrX.v1.g391360.t1,1965252,1966262,ChrX,otto_ChrX,1965252,1966262,PAR
0.00390368,0.0253227,0.154157,OIIa.chrY.v1.g365720.t1,OIIb.chrX.v1.g391370.t1,1969334,1972897,ChrX,otto_ChrX,1969334,1972897,PAR
0.00287659,0.0292568,0.0983221,OIIa.chrY.v1.g365730.t1,OIIb.chrX.v1.g391380.t1,1976495,1979917,ChrX,otto_ChrX,1976495,1979917,PAR
0.00228172,0.0411763,0.0554133,OIIa.chrY.v1.g365760.t1,OIIb.chrX.v1.g391410.t1,1997613,1998195,ChrX,otto_ChrX,1997613,1998195,PAR
0.00327703,0.00769528,0.425849,OIIa.chrY.v1.g365770.t1,OIIb.chrX.v1.g391420.t1,2015356,2019383,ChrX,otto_ChrX,2015356,2019383,PAR
0.00257946,0.00944282,0.273166,OIIa.chrY.v1.g365780.t1,OIIb.chrX.v1.g391430.t1,2021151,2024370,ChrX,otto_ChrX,2021151,2024370,PAR
NA,NA,NA,OIIa.chrY.v1.g365800.t1,OIIb.chrX.v1.g391460.t1,2044512,2044838,ChrX,otto_ChrX,2044512,2044838,PAR
0.00368025,0.0531481,0.0692452,OIIa.chrY.v1.g365880.t1,OIIb.chrX.v1.g391490.t1,2075273,2077197,ChrX,otto_ChrX,2075273,2077197,PAR
0.00448656,0.0484403,0.0926205,OIIa.chrY.v1.g365920.t1,OIIb.chrX.v1.g391530.t1,2140787,2147538,ChrX,otto_ChrX,2140787,2147538,PAR
3.22E-05,0.0322208,0.001,OIIa.chrY.v1.g365940.t1,OIIb.chrX.v1.g391540.t1,2151833,2153605,ChrX,otto_ChrX,2151833,2153605,PAR
0.00134203,0.0202723,0.0662003,OIIa.chrY.v1.g365970.t1,OIIb.chrX.v1.g391570.t1,2188013,2188999,ChrX,otto_ChrX,2188013,2188999,PAR
0.0073128,0.0178274,0.4102,OIIa.chrY.v1.g365980.t1,OIIb.chrX.v1.g391580.t1,2190741,2193605,ChrX,otto_ChrX,2190741,2193605,PAR
0.00406135,0.0432264,0.0939552,OIIa.chrY.v1.g365990.t2,OIIb.chrX.v1.g391620.t2,2216307,2220742,ChrX,otto_ChrX,2216307,2220742,PAR
0.00709054,0.0418675,0.169357,OIIa.chrY.v1.g366000.t1,OIIb.chrX.v1.g391630.t1,2221466,2223675,ChrX,otto_ChrX,2221466,2223675,PAR
4.12E-05,0.0411672,0.001,OIIa.chrY.v1.g366010.t1,OIIb.chrX.v1.g391640.t1,2235920,2237133,ChrX,otto_ChrX,2235920,2237133,PAR
0.000744345,0.0176579,0.0421537,OIIa.chrY.v1.g366020.t1,OIIb.chrX.v1.g391650.t1,2271579,2274863,ChrX,otto_ChrX,2271579,2274863,PAR
0.00475261,0.027599,0.172202,OIIa.chrY.v1.g366030.t1,OIIb.chrX.v1.g391660.t1,2278698,2280684,ChrX,otto_ChrX,2278698,2280684,PAR
0.00439736,0.0160915,0.273272,OIIa.chrY.v1.g366040.t1,OIIb.chrX.v1.g391670.t1,2283186,2285208,ChrX,otto_ChrX,2283186,2285208,PAR
2.19E-05,0.0218827,0.001,OIIa.chrY.v1.g366050.t1,OIIb.chrX.v1.g391680.t1,2287278,2289167,ChrX,otto_ChrX,2287278,2289167,PAR
1.19E-05,0.0119367,0.001,OIIa.chrY.v1.g366060.t1,OIIb.chrX.v1.g391690.t1,2290968,2292361,ChrX,otto_ChrX,2290968,2292361,PAR
0.00362271,0.03357,0.107915,OIIa.chrY.v1.g366070.t1,OIIb.chrX.v1.g391700.t1,2294641,2297802,ChrX,otto_ChrX,2294641,2297802,PAR
0.00173387,0.00355074,0.488311,OIIa.chrY.v1.g366080.t1,OIIb.chrX.v1.g391710.t1,2298661,2302399,ChrX,otto_ChrX,2298661,2302399,PAR
0.0209278,0.049814,0.420119,OIIa.chrY.v1.g366090.t1,OIIb.chrX.v1.g391720.t1,2304233,2305656,ChrX,otto_ChrX,2304233,2305656,PAR
7.46E-06,0.00745681,0.001,OIIa.chrY.v1.g366100.t1,OIIb.chrX.v1.g391730.t1,2323456,2324888,ChrX,otto_ChrX,2323456,2324888,PAR
2.17E-05,0.0216556,0.001,OIIa.chrY.v1.g366110.t1,OIIb.chrX.v1.g391740.t1,2328737,2330515,ChrX,otto_ChrX,2328737,2330515,PAR
NA,NA,NA,OIIa.chrY.v1.g366120.t1,OIIb.chrX.v1.g391750.t1,2330998,2331354,ChrX,otto_ChrX,2330998,2331354,PAR
0.00132291,0.0158696,0.0833616,OIIa.chrY.v1.g366130.t1,OIIb.chrX.v1.g391760.t1,2332671,2334394,ChrX,otto_ChrX,2332671,2334394,PAR
0.000541841,0.0254972,0.021251,OIIa.chrY.v1.g366140.t1,OIIb.chrX.v1.g391770.t1,2337136,2339849,ChrX,otto_ChrX,2337136,2339849,PAR
0.00865633,0.0351735,0.246104,OIIa.chrY.v1.g366150.t1,OIIb.chrX.v1.g391780.t1,2353241,2356113,ChrX,otto_ChrX,2353241,2356113,PAR
3.39E-05,0.0338766,0.001,OIIa.chrY.v1.g366160.t1,OIIb.chrX.v1.g391790.t1,2388330,2389325,ChrX,otto_ChrX,2388330,2389325,PAR
2.50E-05,0.0249945,0.001,OIIa.chrY.v1.g366170.t1,OIIb.chrX.v1.g391800.t1,2391875,2398218,ChrX,otto_ChrX,2391875,2398218,PAR
0.00314509,0.0148639,0.211593,OIIa.chrY.v1.g366180.t1,OIIb.chrX.v1.g391810.t1,2399652,2408150,ChrX,otto_ChrX,2399652,2408150,PAR
0.00143552,0.026954,0.0532582,OIIa.chrY.v1.g366190.t1,OIIb.chrX.v1.g391820.t1,2412022,2413445,ChrX,otto_ChrX,2412022,2413445,PAR
0.0093058,0.0386351,0.240864,OIIa.chrY.v1.g366210.t1,OIIb.chrX.v1.g391840.t1,2431906,2432940,ChrX,otto_ChrX,2431906,2432940,PAR
1.23E-05,0.0122523,0.001,OIIa.chrY.v1.g366220.t1,OIIb.chrX.v1.g391850.t1,2449982,2452480,ChrX,otto_ChrX,2449982,2452480,PAR
0.00560966,0.0497947,0.112656,OIIa.chrY.v1.g366300.t1,OIIb.chrX.v1.g391940.t1,2527595,2529583,ChrX,otto_ChrX,2527595,2529583,PAR
0.00683963,0.011495,0.595011,OIIa.chrY.v1.g366340.t1,OIIb.chrX.v1.g391960.t1,2546126,2548171,ChrX,otto_ChrX,2546126,2548171,PAR
0.00253454,0.043432,0.0583565,OIIa.chrY.v1.g366350.t1,OIIb.chrX.v1.g391970.t1,2552973,2555999,ChrX,otto_ChrX,2552973,2555999,PAR
NA,NA,NA,OIIa.chrY.v1.g366370.t1,OIIb.chrX.v1.g391990.t1,2577826,2578206,ChrX,otto_ChrX,2577826,2578206,PAR
0.000486379,0.021649,0.0224666,OIIa.chrY.v1.g366380.t1,OIIb.chrX.v1.g392010.t1,2586616,2593664,ChrX,otto_ChrX,2586616,2593664,PAR
0.00547075,0.00295809,1.84942,OIIa.chrY.v1.g366410.t1,OIIb.chrX.v1.g392040.t1,2604919,2606364,ChrX,otto_ChrX,2604919,2606364,PAR
1.94E-05,0.0193965,0.001,OIIa.chrY.v1.g366420.t1,OIIb.chrX.v1.g392050.t1,2606805,2609115,ChrX,otto_ChrX,2606805,2609115,PAR
0.00127699,0.0142628,0.0895329,OIIa.chrY.v1.g366430.t1,OIIb.chrX.v1.g392060.t1,2610826,2613785,ChrX,otto_ChrX,2610826,2613785,PAR
0.00147893,0.0266072,0.055584,OIIa.chrY.v1.g366440.t1,OIIb.chrX.v1.g392070.t1,2617743,2619511,ChrX,otto_ChrX,2617743,2619511,PAR
0.0043326,0.0281253,0.154046,OIIa.chrY.v1.g366460.t1,OIIb.chrX.v1.g392090.t1,2653426,2654238,ChrX,otto_ChrX,2653426,2654238,PAR
1.12E-05,0.0112256,0.001,OIIa.chrY.v1.g366470.t1,OIIb.chrX.v1.g392100.t1,2656843,2659667,ChrX,otto_ChrX,2656843,2659667,PAR
0.00783833,0.000161403,48.5639,OIIa.chrY.v1.g366480.t1,OIIb.chrX.v1.g392110.t1,2662267,2663849,ChrX,otto_ChrX,2662267,2663849,PAR
0.0331033,0.000662067,50,OIIa.chrY.v1.g366490.t1,OIIb.chrX.v1.g392120.t1,2665655,2665861,ChrX,otto_ChrX,2665655,2665861,PAR
0.00340681,0.0286836,0.118772,OIIa.chrY.v1.g366500.t1,OIIb.chrX.v1.g392130.t1,2666402,2668495,ChrX,otto_ChrX,2666402,2668495,PAR
0.000736113,0.0363638,0.020243,OIIa.chrY.v1.g366510.t1,OIIb.chrX.v1.g392140.t1,2682800,2684806,ChrX,otto_ChrX,2682800,2684806,PAR
0.00227382,0.0245542,0.0926043,OIIa.chrY.v1.g366520.t1,OIIb.chrX.v1.g392150.t1,2689340,2692310,ChrX,otto_ChrX,2689340,2692310,PAR
0.00256772,0.0183713,0.139768,OIIa.chrY.v1.g366530.t1,OIIb.chrX.v1.g392160.t1,2693490,2697366,ChrX,otto_ChrX,2693490,2697366,PAR
1.09E-05,0.0108862,0.001,OIIa.chrY.v1.g366540.t1,OIIb.chrX.v1.g392170.t1,2715692,2717582,ChrX,otto_ChrX,2715692,2717582,PAR
0.00472393,0.0204013,0.23155,OIIa.chrY.v1.g366550.t1,OIIb.chrX.v1.g392180.t1,2722437,2724633,ChrX,otto_ChrX,2722437,2724633,PAR
0.335238,3.65909,0.0916179,OIIa.chrY.v1.g366560.t1,OIIb.chrX.v1.g439950.t1,85580297,85582366,ChrX,otto_ChrX,85580297,85582366,PAR
0.00273377,0.00713276,0.38327,OIIa.chrY.v1.g366570.t1,OIIb.chrX.v1.g392190.t1,2726489,2729791,ChrX,otto_ChrX,2726489,2729791,PAR
0.00722019,0.0199638,0.361665,OIIa.chrY.v1.g366580.t1,OIIb.chrX.v1.g392200.t1,2730545,2731384,ChrX,otto_ChrX,2730545,2731384,PAR
0.0098374,0.0225025,0.437169,OIIa.chrY.v1.g366590.t1,OIIb.chrX.v1.g392210.t1,2731840,2737321,ChrX,otto_ChrX,2731840,2737321,PAR
0.00527953,0.0352599,0.149732,OIIa.chrY.v1.g366600.t1,OIIb.chrX.v1.g392220.t1,2742367,2748617,ChrX,otto_ChrX,2742367,2748617,PAR
1.28E-05,0.0128221,0.001,OIIa.chrY.v1.g366610.t1,OIIb.chrX.v1.g392230.t1,2752097,2754849,ChrX,otto_ChrX,2752097,2754849,PAR
0.0785462,0.130595,0.60145,OIIa.chrY.v1.g366620.t1,OIIb.chrX.v1.g392240.t1,2757242,2759865,ChrX,otto_ChrX,2757242,2759865,PAR
7.24E-06,0.00723966,0.001,OIIa.chrY.v1.g366630.t1,OIIb.chrX.v1.g392250.t1,2761981,2763414,ChrX,otto_ChrX,2761981,2763414,PAR
0.00133641,0.0053174,0.251328,OIIa.chrY.v1.g366640.t1,OIIb.chrX.v1.g392260.t1,2764660,2768343,ChrX,otto_ChrX,2764660,2768343,PAR
1.97E-05,0.0197156,0.001,OIIa.chrY.v1.g366650.t1,OIIb.chrX.v1.g392270.t1,2770122,2773347,ChrX,otto_ChrX,2770122,2773347,PAR
0.00457261,0.0403993,0.113185,OIIa.chrY.v1.g366660.t1,OIIb.chrX.v1.g392280.t1,2775721,2779182,ChrX,otto_ChrX,2775721,2779182,PAR
1.09E-05,0.0108688,0.001,OIIa.chrY.v1.g366670.t1,OIIb.chrX.v1.g392290.t1,2785295,2797723,ChrX,otto_ChrX,2785295,2797723,PAR
NA,NA,NA,OIIa.chrY.v1.g366680.t1,OIIb.chrX.v1.g392300.t1,2799392,2801242,ChrX,otto_ChrX,2799392,2801242,PAR
9.44E-06,0.0094395,0.001,OIIa.chrY.v1.g366690.t1,OIIb.chrX.v1.g392310.t1,2805348,2805866,ChrX,otto_ChrX,2805348,2805866,PAR
6.55E-06,0.00655109,0.001,OIIa.chrY.v1.g366710.t1,OIIb.chrX.v1.g392320.t1,2815534,2816532,ChrX,otto_ChrX,2815534,2816532,PAR
0.00163462,0.00787346,0.207612,OIIa.chrY.v1.g366720.t1,OIIb.chrX.v1.g392330.t1,2818776,2819756,ChrX,otto_ChrX,2818776,2819756,PAR
1.48E-05,0.0148398,0.001,OIIa.chrY.v1.g366730.t1,OIIb.chrX.v1.g392340.t1,2820427,2823247,ChrX,otto_ChrX,2820427,2823247,PAR
0.00528192,0.0204611,0.258144,OIIa.chrY.v1.g366740.t1,OIIb.chrX.v1.g392350.t1,2828561,2831223,ChrX,otto_ChrX,2828561,2831223,PAR
0.00259003,0.0135998,0.190446,OIIa.chrY.v1.g366760.t1,OIIb.chrX.v1.g392370.t1,2838361,2840924,ChrX,otto_ChrX,2838361,2840924,PAR
5.98E-06,0.00597706,0.001,OIIa.chrY.v1.g366770.t1,OIIb.chrX.v1.g392380.t1,2845272,2847758,ChrX,otto_ChrX,2845272,2847758,PAR
1.34E-05,0.0134067,0.001,OIIa.chrY.v1.g366780.t1,OIIb.chrX.v1.g392390.t1,2849654,2853465,ChrX,otto_ChrX,2849654,2853465,PAR
3.19E-05,0.0319132,0.001,OIIa.chrY.v1.g366790.t1,OIIb.chrX.v1.g392400.t1,2858054,2858947,ChrX,otto_ChrX,2858054,2858947,PAR
0.00162659,0.0298815,0.0544347,OIIa.chrY.v1.g366800.t1,OIIb.chrX.v1.g392410.t1,2913128,2921533,ChrX,otto_ChrX,2913128,2921533,PAR
0.000738709,0.0304349,0.0242718,OIIa.chrY.v1.g366810.t1,OIIb.chrX.v1.g392420.t1,2923511,2928002,ChrX,otto_ChrX,2923511,2928002,PAR
0.0134209,0.028389,0.47275,OIIa.chrY.v1.g366820.t1,OIIb.chrX.v1.g392430.t1,2928223,2929028,ChrX,otto_ChrX,2928223,2929028,PAR
0.00355247,0.00562367,0.631699,OIIa.chrY.v1.g366830.t1,OIIb.chrX.v1.g392440.t1,2930003,2930933,ChrX,otto_ChrX,2930003,2930933,PAR
0.0076031,0.0442026,0.172006,OIIa.chrY.v1.g366840.t1,OIIb.chrX.v1.g392450.t1,2937484,2937999,ChrX,otto_ChrX,2937484,2937999,PAR
1.41E-05,0.0140762,0.001,OIIa.chrY.v1.g366850.t1,OIIb.chrX.v1.g392460.t1,2943127,2944041,ChrX,otto_ChrX,2943127,2944041,PAR
3.40E-05,0.0339696,0.001,OIIa.chrY.v1.g366860.t1,OIIb.chrX.v1.g392470.t1,2945959,2949492,ChrX,otto_ChrX,2945959,2949492,PAR
0.00427138,0.0185951,0.229705,OIIa.chrY.v1.g366890.t1,OIIb.chrX.v1.g392500.t1,2957357,2959532,ChrX,otto_ChrX,2957357,2959532,PAR
0.00474733,0.0129212,0.367406,OIIa.chrY.v1.g366900.t1,OIIb.chrX.v1.g392510.t1,2961854,2963141,ChrX,otto_ChrX,2961854,2963141,PAR
0.0013499,0.029627,0.0455633,OIIa.chrY.v1.g366910.t1,OIIb.chrX.v1.g392520.t1,2963448,2966264,ChrX,otto_ChrX,2963448,2966264,PAR
0.00617893,0.0165358,0.37367,OIIa.chrY.v1.g366920.t1,OIIb.chrX.v1.g392530.t1,2967729,2969402,ChrX,otto_ChrX,2967729,2969402,PAR
NA,NA,NA,OIIa.chrY.v1.g366930.t1,OIIb.chrX.v1.g392540.t1,2971656,2973418,ChrX,otto_ChrX,2971656,2973418,PAR
0.00822232,0.0447423,0.183771,OIIa.chrY.v1.g366940.t1,OIIb.chrX.v1.g392550.t1,2976405,2978327,ChrX,otto_ChrX,2976405,2978327,PAR
0.00522056,0.0197967,0.263709,OIIa.chrY.v1.g366950.t1,OIIb.chrX.v1.g392560.t1,2979201,2981549,ChrX,otto_ChrX,2979201,2981549,PAR
0.00192542,0.0167136,0.115201,OIIa.chrY.v1.g366960.t1,OIIb.chrX.v1.g392570.t1,2984182,2988012,ChrX,otto_ChrX,2984182,2988012,PAR
0.00505218,0.00494567,1.02154,OIIa.chrY.v1.g366970.t1,OIIb.chrX.v1.g392580.t1,2996093,2998217,ChrX,otto_ChrX,2996093,2998217,PAR
0.00286867,0.0306353,0.0936391,OIIa.chrY.v1.g366990.t1,OIIb.chrX.v1.g392590.t1,3006213,3006686,ChrX,otto_ChrX,3006213,3006686,PAR
0.00118229,0.0159996,0.0738948,OIIa.chrY.v1.g367000.t1,OIIb.chrX.v1.g392630.t1,3034643,3037070,ChrX,otto_ChrX,3034643,3037070,PAR
3.89E-05,0.0388571,0.001,OIIa.chrY.v1.g367010.t1,OIIb.chrX.v1.g392640.t1,3038442,3040852,ChrX,otto_ChrX,3038442,3040852,PAR
0.00549556,0.027675,0.198575,OIIa.chrY.v1.g367020.t1,OIIb.chrX.v1.g392650.t1,3049662,3052548,ChrX,otto_ChrX,3049662,3052548,PAR
1.53E-05,0.015344,0.001,OIIa.chrY.v1.g367030.t1,OIIb.chrX.v1.g392660.t1,3066285,3069230,ChrX,otto_ChrX,3066285,3069230,PAR
0.00293249,0.0245565,0.119418,OIIa.chrY.v1.g367040.t1,OIIb.chrX.v1.g392670.t1,3070214,3070666,ChrX,otto_ChrX,3070214,3070666,PAR
0.0025598,0.0160809,0.159183,OIIa.chrY.v1.g367050.t1,OIIb.chrX.v1.g392680.t1,3071418,3072524,ChrX,otto_ChrX,3071418,3072524,PAR
0.00438371,0.0195016,0.224788,OIIa.chrY.v1.g367060.t1,OIIb.chrX.v1.g392690.t1,3073461,3076673,ChrX,otto_ChrX,3073461,3076673,PAR
0.0026507,0.0276847,0.0957462,OIIa.chrY.v1.g367080.t1,OIIb.chrX.v1.g392710.t1,3087217,3092652,ChrX,otto_ChrX,3087217,3092652,PAR
0.00520797,0.00966632,0.538775,OIIa.chrY.v1.g367090.t1,OIIb.chrX.v1.g392720.t1,3095367,3100122,ChrX,otto_ChrX,3095367,3100122,PAR
0.00374828,0.0370146,0.101265,OIIa.chrY.v1.g367100.t1,OIIb.chrX.v1.g392730.t1,3105960,3107264,ChrX,otto_ChrX,3105960,3107264,PAR
0.00247747,0.0147397,0.168081,OIIa.chrY.v1.g367120.t1,OIIb.chrX.v1.g392740.t1,3108903,3117433,ChrX,otto_ChrX,3108903,3117433,PAR
3.03E-05,0.0303156,0.001,OIIa.chrY.v1.g367130.t1,OIIb.chrX.v1.g392750.t1,3129722,3130777,ChrX,otto_ChrX,3129722,3130777,PAR
NA,NA,NA,OIIa.chrY.v1.g367140.t1,OIIb.chrX.v1.g392760.t1,3152644,3155901,ChrX,otto_ChrX,3152644,3155901,PAR
NA,NA,NA,OIIa.chrY.v1.g367150.t1,OIIb.chrX.v1.g392770.t1,3159794,3161875,ChrX,otto_ChrX,3159794,3161875,PAR
0.00445915,0.0193741,0.23016,OIIa.chrY.v1.g367180.t1,OIIb.chrX.v1.g392800.t1,3189786,3193009,ChrX,otto_ChrX,3189786,3193009,PAR
0.00942947,0.0277272,0.34008,OIIa.chrY.v1.g367190.t1,OIIb.chrX.v1.g392810.t1,3193296,3195536,ChrX,otto_ChrX,3193296,3195536,PAR
0.0162345,0.0199928,0.812019,OIIa.chrY.v1.g367200.t1,OIIb.chrX.v1.g392820.t1,3196829,3198856,ChrX,otto_ChrX,3196829,3198856,PAR
1.27E-05,0.0127018,0.001,OIIa.chrY.v1.g367220.t1,OIIb.chrX.v1.g392850.t1,3209644,3210836,ChrX,otto_ChrX,3209644,3210836,PAR
0.00603935,0.0674919,0.0894825,OIIa.chrY.v1.g367250.t1,OIIb.chrX.v1.g392870.t1,3233342,3233803,ChrX,otto_ChrX,3233342,3233803,PAR
0.00329002,0.0279297,0.117796,OIIa.chrY.v1.g367260.t1,OIIb.chrX.v1.g392880.t1,3236400,3237791,ChrX,otto_ChrX,3236400,3237791,PAR
0.00529163,0.0177512,0.2981,OIIa.chrY.v1.g367270.t1,OIIb.chrX.v1.g392890.t1,3248423,3248953,ChrX,otto_ChrX,3248423,3248953,PAR
0.000943382,1.89E-05,50,OIIa.chrY.v1.g367280.t1,OIIb.chrX.v1.g392900.t1,3252383,3254590,ChrX,otto_ChrX,3252383,3254590,PAR
0.000591648,0.00791769,0.0747248,OIIa.chrY.v1.g367290.t1,OIIb.chrX.v1.g392910.t1,3256250,3265983,ChrX,otto_ChrX,3256250,3265983,PAR
0.0017219,0.0109446,0.157329,OIIa.chrY.v1.g367300.t1,OIIb.chrX.v1.g392920.t1,3269570,3270783,ChrX,otto_ChrX,3269570,3270783,PAR
0.00251331,0.0118803,0.211552,OIIa.chrY.v1.g367310.t1,OIIb.chrX.v1.g392930.t1,3275105,3277213,ChrX,otto_ChrX,3275105,3277213,PAR
1.27E-05,0.0127059,0.001,OIIa.chrY.v1.g367320.t1,OIIb.chrX.v1.g392940.t1,3279401,3282903,ChrX,otto_ChrX,3279401,3282903,PAR
0.00189265,0.0126246,0.149918,OIIa.chrY.v1.g367380.t1,OIIb.chrX.v1.g392950.t1,3287493,3291519,ChrX,otto_ChrX,3287493,3291519,PAR
NA,NA,NA,OIIa.chrY.v1.g367390.t1,OIIb.chrX.v1.g392960.t1,3296469,3298430,ChrX,otto_ChrX,3296469,3298430,PAR
0.00113436,0.00802679,0.141321,OIIa.chrY.v1.g367400.t1,OIIb.chrX.v1.g392970.t1,3299223,3302113,ChrX,otto_ChrX,3299223,3302113,PAR
2.10E-05,0.0209527,0.001,OIIa.chrY.v1.g367410.t1,OIIb.chrX.v1.g392980.t1,3307145,3309833,ChrX,otto_ChrX,3307145,3309833,PAR
0.00189027,0.0227644,0.0830365,OIIa.chrY.v1.g367420.t1,OIIb.chrX.v1.g392990.t1,3340982,3347859,ChrX,otto_ChrX,3340982,3347859,PAR
0.00436218,0.0406851,0.107218,OIIa.chrY.v1.g367430.t1,OIIb.chrX.v1.g393000.t1,3350618,3353599,ChrX,otto_ChrX,3350618,3353599,PAR
0.00104825,0.0114577,0.0914884,OIIa.chrY.v1.g367470.t1,OIIb.chrX.v1.g393040.t1,3371552,3374296,ChrX,otto_ChrX,3371552,3374296,PAR
2.48E-05,0.0248064,0.001,OIIa.chrY.v1.g367480.t1,OIIb.chrX.v1.g393050.t1,3375523,3377462,ChrX,otto_ChrX,3375523,3377462,PAR
9.79E-06,0.00979361,0.001,OIIa.chrY.v1.g367490.t1,OIIb.chrX.v1.g393060.t1,3381832,3383554,ChrX,otto_ChrX,3381832,3383554,PAR
0.000385132,7.70E-06,50,OIIa.chrY.v1.g367500.t1,OIIb.chrX.v1.g393070.t1,3388830,3393827,ChrX,otto_ChrX,3388830,3393827,PAR
1.63E-05,0.0163067,0.001,OIIa.chrY.v1.g367530.t1,OIIb.chrX.v1.g393090.t1,3413230,3414474,ChrX,otto_ChrX,3413230,3414474,PAR
0.0059008,0.0334772,0.176263,OIIa.chrY.v1.g367540.t1,OIIb.chrX.v1.g393110.t1,3436230,3437156,ChrX,otto_ChrX,3436230,3437156,PAR
0.0108111,0.0342733,0.315437,OIIa.chrY.v1.g367550.t1,OIIb.chrX.v1.g393120.t1,3438415,3439545,ChrX,otto_ChrX,3438415,3439545,PAR
0.011393,0.026674,0.427121,OIIa.chrY.v1.g367590.t1,OIIb.chrX.v1.g393130.t1,3442682,3443626,ChrX,otto_ChrX,3442682,3443626,PAR
0.00196123,0.0401733,0.0488193,OIIa.chrY.v1.g367600.t1,OIIb.chrX.v1.g393140.t1,3447875,3455524,ChrX,otto_ChrX,3447875,3455524,PAR
0.00602131,0.0159211,0.378196,OIIa.chrY.v1.g367610.t1,OIIb.chrX.v1.g393150.t1,3459308,3460451,ChrX,otto_ChrX,3459308,3460451,PAR
0.00794962,0.014516,0.547646,OIIa.chrY.v1.g367620.t1,OIIb.chrX.v1.g393160.t1,3498504,3499761,ChrX,otto_ChrX,3498504,3499761,PAR
0.00613534,0.0213104,0.287903,OIIa.chrY.v1.g367640.t1,OIIb.chrX.v1.g393190.t1,3528678,3531193,ChrX,otto_ChrX,3528678,3531193,PAR
0.00289794,0.00655566,0.442052,OIIa.chrY.v1.g367670.t1,OIIb.chrX.v1.g393210.t1,3549831,3555566,ChrX,otto_ChrX,3549831,3555566,PAR
0.00839401,0.0217814,0.385374,OIIa.chrY.v1.g367680.t1,OIIb.chrX.v1.g393220.t1,3556616,3557083,ChrX,otto_ChrX,3556616,3557083,PAR
0.0098429,0.0279664,0.351954,OIIa.chrY.v1.g367690.t1,OIIb.chrX.v1.g393230.t1,3557266,3557817,ChrX,otto_ChrX,3557266,3557817,PAR
0.00265515,0.0177824,0.149313,OIIa.chrY.v1.g367700.t1,OIIb.chrX.v1.g393240.t1,3562941,3572399,ChrX,otto_ChrX,3562941,3572399,PAR
0.00465028,0.010179,0.45685,OIIa.chrY.v1.g367720.t1,OIIb.chrX.v1.g393250.t1,3574246,3575530,ChrX,otto_ChrX,3574246,3575530,PAR
0.00668994,0.0190686,0.350835,OIIa.chrY.v1.g367730.t1,OIIb.chrX.v1.g393260.t1,3579260,3586314,ChrX,otto_ChrX,3579260,3586314,PAR
NA,NA,NA,OIIa.chrY.v1.g367740.t1,OIIb.chrX.v1.g393270.t1,3591094,3593178,ChrX,otto_ChrX,3591094,3593178,PAR
1.87E-05,0.0186581,0.001,OIIa.chrY.v1.g367750.t1,OIIb.chrX.v1.g393280.t1,3598673,3601305,ChrX,otto_ChrX,3598673,3601305,PAR
0.00136512,0.0185322,0.0736622,OIIa.chrY.v1.g367760.t1,OIIb.chrX.v1.g393290.t1,3605762,3607522,ChrX,otto_ChrX,3605762,3607522,PAR
4.82E-05,0.0482213,0.001,OIIa.chrY.v1.g367770.t1,OIIb.chrX.v1.g393310.t1,3609479,3610039,ChrX,otto_ChrX,3609479,3610039,PAR
6.76E-06,0.00676237,0.001,OIIa.chrY.v1.g367780.t1,OIIb.chrX.v1.g393320.t1,3610566,3611735,ChrX,otto_ChrX,3610566,3611735,PAR
0.00283975,0.0193318,0.146895,OIIa.chrY.v1.g367790.t1,OIIb.chrX.v1.g393330.t1,3614209,3617278,ChrX,otto_ChrX,3614209,3617278,PAR
0.00252751,0.030007,0.0842309,OIIa.chrY.v1.g367820.t1,OIIb.chrX.v1.g393350.t1,3625064,3627940,ChrX,otto_ChrX,3625064,3627940,PAR
0.00153261,0.0176645,0.0867618,OIIa.chrY.v1.g367830.t1,OIIb.chrX.v1.g393360.t1,3635246,3636115,ChrX,otto_ChrX,3635246,3636115,PAR
2.53E-05,0.0253354,0.001,OIIa.chrY.v1.g367840.t1,OIIb.chrX.v1.g393390.t1,3667047,3670534,ChrX,otto_ChrX,3667047,3670534,PAR
0.00249812,0.0162336,0.153886,OIIa.chrY.v1.g367850.t1,OIIb.chrX.v1.g393400.t1,3692205,3695621,ChrX,otto_ChrX,3692205,3695621,PAR
0.000903147,0.0231265,0.0390525,OIIa.chrY.v1.g367860.t1,OIIb.chrX.v1.g393410.t1,3759922,3762417,ChrX,otto_ChrX,3759922,3762417,PAR
0.000741459,0.0285798,0.0259435,OIIa.chrY.v1.g367870.t1,OIIb.chrX.v1.g393420.t1,3764861,3768344,ChrX,otto_ChrX,3764861,3768344,PAR
0.0076651,0.0180143,0.425501,OIIa.chrY.v1.g367880.t1,OIIb.chrX.v1.g393430.t1,3774825,3778513,ChrX,otto_ChrX,3774825,3778513,PAR
1.11E-05,0.0110684,0.001,OIIa.chrY.v1.g367890.t1,OIIb.chrX.v1.g393440.t1,3786089,3786623,ChrX,otto_ChrX,3786089,3786623,PAR
NA,NA,NA,OIIa.chrY.v1.g367910.t1,OIIb.chrX.v1.g393470.t1,3802970,3806522,ChrX,otto_ChrX,3802970,3806522,PAR
NA,NA,NA,OIIa.chrY.v1.g367920.t1,OIIb.chrX.v1.g393480.t1,3808802,3813080,ChrX,otto_ChrX,3808802,3813080,PAR
NA,NA,NA,OIIa.chrY.v1.g367930.t1,OIIb.chrX.v1.g393490.t1,3815500,3817073,ChrX,otto_ChrX,3815500,3817073,PAR
2.63E-06,0.00263147,0.001,OIIa.chrY.v1.g367940.t1,OIIb.chrX.v1.g393500.t1,3819989,3822324,ChrX,otto_ChrX,3819989,3822324,PAR
NA,NA,NA,OIIa.chrY.v1.g367950.t1,OIIb.chrX.v1.g393510.t1,3824519,3828310,ChrX,otto_ChrX,3824519,3828310,PAR
NA,NA,NA,OIIa.chrY.v1.g367960.t1,OIIb.chrX.v1.g393520.t1,3839064,3843914,ChrX,otto_ChrX,3839064,3843914,PAR
NA,NA,NA,OIIa.chrY.v1.g367990.t1,OIIb.chrX.v1.g393540.t1,3890220,3892671,ChrX,otto_ChrX,3890220,3892671,PAR
NA,NA,NA,OIIa.chrY.v1.g368000.t1,OIIb.chrX.v1.g393550.t1,3901310,3903724,ChrX,otto_ChrX,3901310,3903724,PAR
NA,NA,NA,OIIa.chrY.v1.g368010.t1,OIIb.chrX.v1.g393560.t1,3907312,3907617,ChrX,otto_ChrX,3907312,3907617,PAR
NA,NA,NA,OIIa.chrY.v1.g368030.t1,OIIb.chrX.v1.g393580.t1,3915068,3918657,ChrX,otto_ChrX,3915068,3918657,PAR
NA,NA,NA,OIIa.chrY.v1.g368040.t1,OIIb.chrX.v1.g393590.t1,3925999,3927360,ChrX,otto_ChrX,3925999,3927360,PAR
NA,NA,NA,OIIa.chrY.v1.g368050.t1,OIIb.chrX.v1.g393600.t1,3939464,3940541,ChrX,otto_ChrX,3939464,3940541,PAR
NA,NA,NA,OIIa.chrY.v1.g368060.t1,OIIb.chrX.v1.g393610.t1,3948635,3949075,ChrX,otto_ChrX,3948635,3949075,PAR
NA,NA,NA,OIIa.chrY.v1.g368070.t1,OIIb.chrX.v1.g393620.t1,3951966,3957636,ChrX,otto_ChrX,3951966,3957636,PAR
NA,NA,NA,OIIa.chrY.v1.g368080.t1,OIIb.chrX.v1.g393630.t1,3958878,3962376,ChrX,otto_ChrX,3958878,3962376,PAR
NA,NA,NA,OIIa.chrY.v1.g368090.t1,OIIb.chrX.v1.g393640.t1,3975258,3981069,ChrX,otto_ChrX,3975258,3981069,PAR
NA,NA,NA,OIIa.chrY.v1.g368110.t1,OIIb.chrX.v1.g393660.t1,3998356,4000975,ChrX,otto_ChrX,3998356,4000975,PAR
NA,NA,NA,OIIa.chrY.v1.g368130.t1,OIIb.chrX.v1.g393680.t1,4006469,4007956,ChrX,otto_ChrX,4006469,4007956,PAR
NA,NA,NA,OIIa.chrY.v1.g368140.t1,OIIb.chrX.v1.g393690.t1,4009835,4011289,ChrX,otto_ChrX,4009835,4011289,PAR
NA,NA,NA,OIIa.chrY.v1.g368150.t1,OIIb.chrX.v1.g393700.t1,4013374,4014822,ChrX,otto_ChrX,4013374,4014822,PAR
NA,NA,NA,OIIa.chrY.v1.g368180.t1,OIIb.chrX.v1.g393720.t1,4035309,4036754,ChrX,otto_ChrX,4035309,4036754,PAR
NA,NA,NA,OIIa.chrY.v1.g368190.t1,OIIb.chrX.v1.g393730.t1,4038804,4040231,ChrX,otto_ChrX,4038804,4040231,PAR
NA,NA,NA,OIIa.chrY.v1.g368200.t1,OIIb.chrX.v1.g393740.t1,4046730,4048169,ChrX,otto_ChrX,4046730,4048169,PAR
NA,NA,NA,OIIa.chrY.v1.g368210.t1,OIIb.chrX.v1.g393750.t1,4051259,4052716,ChrX,otto_ChrX,4051259,4052716,PAR
NA,NA,NA,OIIa.chrY.v1.g368220.t1,OIIb.chrX.v1.g393760.t1,4077575,4078552,ChrX,otto_ChrX,4077575,4078552,PAR
NA,NA,NA,OIIa.chrY.v1.g368230.t1,OIIb.chrX.v1.g393770.t1,4086073,4087422,ChrX,otto_ChrX,4086073,4087422,PAR
0.000948573,0.0251243,0.0377551,OIIa.chrY.v1.g368240.t1,OIIb.chrX.v1.g393780.t1,4097381,4098877,ChrX,otto_ChrX,4097381,4098877,PAR
0.00210374,0.0181496,0.115911,OIIa.chrY.v1.g368260.t1,OIIb.chrX.v1.g393800.t1,4123573,4127911,ChrX,otto_ChrX,4123573,4127911,PAR
0.00356213,0.00987077,0.360876,OIIa.chrY.v1.g368270.t1,OIIb.chrX.v1.g393810.t1,4133456,4135777,ChrX,otto_ChrX,4133456,4135777,PAR
0.0195612,0.034296,0.570363,OIIa.chrY.v1.g368290.t1,OIIb.chrX.v1.g393830.t1,4156828,4157100,ChrX,otto_ChrX,4156828,4157100,PAR
1.21E-05,0.0121225,0.001,OIIa.chrY.v1.g368300.t1,OIIb.chrX.v1.g393850.t1,4186331,4189797,ChrX,otto_ChrX,4186331,4189797,PAR
0.00256621,0.0257594,0.0996222,OIIa.chrY.v1.g368340.t1,OIIb.chrX.v1.g393880.t1,4220437,4222093,ChrX,otto_ChrX,4220437,4222093,PAR
0.00363499,0.0196293,0.185182,OIIa.chrY.v1.g368350.t1,OIIb.chrX.v1.g393890.t1,4223767,4228318,ChrX,otto_ChrX,4223767,4228318,PAR
0.00800517,0.022399,0.357389,OIIa.chrY.v1.g368370.t1,OIIb.chrX.v1.g393900.t1,4237453,4238604,ChrX,otto_ChrX,4237453,4238604,PAR
0.0127428,0.000254855,50,OIIa.chrY.v1.g368380.t1,OIIb.chrX.v1.g393910.t1,4255632,4255856,ChrX,otto_ChrX,4255632,4255856,PAR
3.86E-05,0.0385609,0.001,OIIa.chrY.v1.g368390.t1,OIIb.chrX.v1.g393920.t1,4256126,4257263,ChrX,otto_ChrX,4256126,4257263,PAR
0.00676686,0.0376465,0.179747,OIIa.chrY.v1.g368400.t1,OIIb.chrX.v1.g393930.t1,4257937,4259374,ChrX,otto_ChrX,4257937,4259374,PAR
0.00158597,0.0157691,0.100575,OIIa.chrY.v1.g368410.t1,OIIb.chrX.v1.g393940.t1,4262976,4266872,ChrX,otto_ChrX,4262976,4266872,PAR
0.00276551,0.0154755,0.178702,OIIa.chrY.v1.g368430.t1,OIIb.chrX.v1.g393960.t1,4281860,4282911,ChrX,otto_ChrX,4281860,4282911,PAR
0.00992251,0.026563,0.373546,OIIa.chrY.v1.g368440.t1,OIIb.chrX.v1.g393970.t1,4288366,4289595,ChrX,otto_ChrX,4288366,4289595,PAR
0.00283663,0.0210472,0.134774,OIIa.chrY.v1.g368450.t1,OIIb.chrX.v1.g393980.t1,4293166,4296460,ChrX,otto_ChrX,4293166,4296460,PAR
0.00161882,0.0162573,0.0995748,OIIa.chrY.v1.g368460.t1,OIIb.chrX.v1.g393990.t1,4309532,4311502,ChrX,otto_ChrX,4309532,4311502,PAR
0.00545469,0.0341956,0.159514,OIIa.chrY.v1.g368470.t1,OIIb.chrX.v1.g394000.t1,4313138,4314917,ChrX,otto_ChrX,4313138,4314917,PAR
0.00251649,0.0281565,0.0893753,OIIa.chrY.v1.g368480.t1,OIIb.chrX.v1.g394010.t1,4317122,4319240,ChrX,otto_ChrX,4317122,4319240,PAR
NA,NA,NA,OIIa.chrY.v1.g368510.t1,OIIb.chrX.v1.g394030.t1,4343893,4348652,ChrX,otto_ChrX,4343893,4348652,PAR
0.00280159,0.0116796,0.239871,OIIa.chrY.v1.g368520.t1,OIIb.chrX.v1.g394040.t1,4351250,4352701,ChrX,otto_ChrX,4351250,4352701,PAR
0.00370096,0.0185321,0.199705,OIIa.chrY.v1.g368530.t1,OIIb.chrX.v1.g394050.t1,4358416,4361173,ChrX,otto_ChrX,4358416,4361173,PAR
NA,NA,NA,OIIa.chrY.v1.g368540.t1,OIIb.chrX.v1.g394060.t1,4362655,4362882,ChrX,otto_ChrX,4362655,4362882,PAR
9.94E-06,0.00994202,0.001,OIIa.chrY.v1.g368550.t1,OIIb.chrX.v1.g394070.t1,4371399,4375704,ChrX,otto_ChrX,4371399,4375704,PAR
0.00345444,0.0392913,0.0879187,OIIa.chrY.v1.g368560.t1,OIIb.chrX.v1.g394080.t1,4377054,4380503,ChrX,otto_ChrX,4377054,4380503,PAR
0.00179562,0.0826748,0.0217191,OIIa.chrY.v1.g368570.t1,OIIb.chrX.v1.g394090.t1,4382472,4383170,ChrX,otto_ChrX,4382472,4383170,PAR
0.0108104,0.0622946,0.173537,OIIa.chrY.v1.g368580.t1,OIIb.chrX.v1.g394100.t1,4394709,4395401,ChrX,otto_ChrX,4394709,4395401,PAR
0.00749698,0.0169984,0.441041,OIIa.chrY.v1.g368590.t1,OIIb.chrX.v1.g394120.t1,4409553,4420271,ChrX,otto_ChrX,4409553,4420271,PAR
0.002093,0.027044,0.0773922,OIIa.chrY.v1.g368600.t1,OIIb.chrX.v1.g394130.t1,4423657,4425864,ChrX,otto_ChrX,4423657,4425864,PAR
6.94E-05,0.069426,0.001,OIIa.chrY.v1.g368610.t1,OIIb.chrX.v1.g394140.t1,4434074,4434412,ChrX,otto_ChrX,4434074,4434412,PAR
0.00321062,0.0159365,0.201464,OIIa.chrY.v1.g368620.t1,OIIb.chrX.v1.g394150.t1,4438418,4440335,ChrX,otto_ChrX,4438418,4440335,PAR
4.19E-06,0.00419431,0.001,OIIa.chrY.v1.g368630.t1,OIIb.chrX.v1.g394160.t1,4449543,4454013,ChrX,otto_ChrX,4449543,4454013,PAR
0.00348026,6.96E-05,50,OIIa.chrY.v1.g368640.t1,OIIb.chrX.v1.g394170.t1,4455525,4456700,ChrX,otto_ChrX,4455525,4456700,PAR
0.00250342,0.0370627,0.0675454,OIIa.chrY.v1.g368660.t1,OIIb.chrX.v1.g394180.t1,4467924,4468598,ChrX,otto_ChrX,4467924,4468598,PAR
0.00698303,0.023898,0.292202,OIIa.chrY.v1.g368670.t1,OIIb.chrX.v1.g394190.t1,4469952,4472717,ChrX,otto_ChrX,4469952,4472717,PAR
0.0033723,0.00669025,0.504063,OIIa.chrY.v1.g368680.t1,OIIb.chrX.v1.g394200.t1,4476511,4483297,ChrX,otto_ChrX,4476511,4483297,PAR
NA,NA,NA,OIIa.chrY.v1.g368730.t1,OIIb.chrX.v1.g394210.t1,4489918,4490304,ChrX,otto_ChrX,4489918,4490304,PAR
0.00227453,0.0398623,0.0570597,OIIa.chrY.v1.g368740.t1,OIIb.chrX.v1.g394220.t1,4495641,4497022,ChrX,otto_ChrX,4495641,4497022,PAR
0.00746428,0.0170492,0.437809,OIIa.chrY.v1.g368750.t1,OIIb.chrX.v1.g394230.t1,4498553,4502301,ChrX,otto_ChrX,4498553,4502301,PAR
0.000746003,0.0235441,0.0316854,OIIa.chrY.v1.g368760.t1,OIIb.chrX.v1.g394240.t1,4514114,4516135,ChrX,otto_ChrX,4514114,4516135,PAR
0.00261281,0.0446972,0.0584557,OIIa.chrY.v1.g368780.t1,OIIb.chrX.v1.g394270.t1,4571010,4572488,ChrX,otto_ChrX,4571010,4572488,PAR
0.0130399,0.0100265,1.30054,OIIa.chrY.v1.g368790.t1,OIIb.chrX.v1.g394280.t1,4585627,4587304,ChrX,otto_ChrX,4585627,4587304,PAR
1.87E-05,0.0187296,0.001,OIIa.chrY.v1.g368800.t1,OIIb.chrX.v1.g394290.t1,4597267,4599711,ChrX,otto_ChrX,4597267,4599711,PAR
0.00802758,0.0425092,0.188843,OIIa.chrY.v1.g368810.t1,OIIb.chrX.v1.g394300.t1,4603091,4605517,ChrX,otto_ChrX,4603091,4605517,PAR
2.16E-05,0.0215921,0.001,OIIa.chrY.v1.g368900.t1,OIIb.chrX.v1.g394350.t1,4624474,4626138,ChrX,otto_ChrX,4624474,4626138,PAR
NA,NA,NA,OIIa.chrY.v1.g368910.t1,OIIb.chrX.v1.g394360.t1,4637232,4639461,ChrX,otto_ChrX,4637232,4639461,PAR
0.00538172,0.0246028,0.218744,OIIa.chrY.v1.g368920.t1,OIIb.chrX.v1.g394370.t1,4643057,4643900,ChrX,otto_ChrX,4643057,4643900,PAR
0.00476216,0.0185106,0.257267,OIIa.chrY.v1.g368930.t1,OIIb.chrX.v1.g394380.t1,4653384,4656382,ChrX,otto_ChrX,4653384,4656382,PAR
0.00306253,0.0244421,0.125297,OIIa.chrY.v1.g368940.t1,OIIb.chrX.v1.g394390.t1,4657863,4661285,ChrX,otto_ChrX,4657863,4661285,PAR
0.000102732,0.102732,0.001,OIIa.chrY.v1.g368950.t1,OIIb.chrX.v1.g394400.t1,4670217,4671752,ChrX,otto_ChrX,4670217,4671752,PAR
0.00942946,0.0560706,0.168171,OIIa.chrY.v1.g368960.t1,OIIb.chrX.v1.g394410.t1,4675212,4676745,ChrX,otto_ChrX,4675212,4676745,PAR
0.00159988,0.00477099,0.335335,OIIa.chrY.v1.g368970.t1,OIIb.chrX.v1.g394420.t1,4683801,4685484,ChrX,otto_ChrX,4683801,4685484,PAR
2.24E-05,0.0224356,0.001,OIIa.chrY.v1.g368980.t1,OIIb.chrX.v1.g394430.t1,4687005,4688051,ChrX,otto_ChrX,4687005,4688051,PAR
0.00342104,0.0176619,0.193696,OIIa.chrY.v1.g368990.t1,OIIb.chrX.v1.g394440.t1,4690618,4692231,ChrX,otto_ChrX,4690618,4692231,PAR
3.19E-05,0.0319495,0.001,OIIa.chrY.v1.g369000.t1,OIIb.chrX.v1.g394450.t1,4693579,4699829,ChrX,otto_ChrX,4693579,4699829,PAR
0.00274346,0.00695997,0.394177,OIIa.chrY.v1.g369010.t1,OIIb.chrX.v1.g394460.t1,4706508,4707593,ChrX,otto_ChrX,4706508,4707593,PAR
0.00573001,0.0149895,0.382268,OIIa.chrY.v1.g369020.t1,OIIb.chrX.v1.g394470.t1,4709635,4712265,ChrX,otto_ChrX,4709635,4712265,PAR
0.00488912,0.0427861,0.114269,OIIa.chrY.v1.g369030.t1,OIIb.chrX.v1.g394480.t1,4713990,4716428,ChrX,otto_ChrX,4713990,4716428,PAR
0.00346881,0.0187861,0.184648,OIIa.chrY.v1.g369040.t1,OIIb.chrX.v1.g394490.t1,4716696,4717403,ChrX,otto_ChrX,4716696,4717403,PAR
0.00616638,0.0367213,0.167924,OIIa.chrY.v1.g369060.t1,OIIb.chrX.v1.g394520.t1,4740819,4741548,ChrX,otto_ChrX,4740819,4741548,PAR
0.0042577,0.0360776,0.118015,OIIa.chrY.v1.g369070.t1,OIIb.chrX.v1.g394530.t1,4754915,4756916,ChrX,otto_ChrX,4754915,4756916,PAR
0.00284309,0.0383105,0.0742118,OIIa.chrY.v1.g369080.t1,OIIb.chrX.v1.g394540.t1,4757345,4760215,ChrX,otto_ChrX,4757345,4760215,PAR
2.84E-05,0.0283588,0.001,OIIa.chrY.v1.g369090.t1,OIIb.chrX.v1.g394550.t1,4788944,4789768,ChrX,otto_ChrX,4788944,4789768,PAR
NA,NA,NA,OIIa.chrY.v1.g369110.t1,OIIb.chrX.v1.g394570.t1,4803206,4806841,ChrX,otto_ChrX,4803206,4806841,PAR
0.00246378,0.0374924,0.0657142,OIIa.chrY.v1.g369120.t1,OIIb.chrX.v1.g394580.t1,4810549,4813139,ChrX,otto_ChrX,4810549,4813139,PAR
0.00367142,0.0142908,0.256908,OIIa.chrY.v1.g369130.t1,OIIb.chrX.v1.g394590.t1,4818502,4818861,ChrX,otto_ChrX,4818502,4818861,PAR
0.00351003,0.0223306,0.157185,OIIa.chrY.v1.g369140.t1,OIIb.chrX.v1.g394600.t1,4822085,4826399,ChrX,otto_ChrX,4822085,4826399,PAR
NA,NA,NA,OIIa.chrY.v1.g369150.t1,OIIb.chrX.v1.g394610.t1,4844054,4848926,ChrX,otto_ChrX,4844054,4848926,PAR
NA,NA,NA,OIIa.chrY.v1.g369160.t1,OIIb.chrX.v1.g394620.t1,4851442,4856416,ChrX,otto_ChrX,4851442,4856416,PAR
0.00352404,0.00929685,0.379058,OIIa.chrY.v1.g369180.t1,OIIb.chrX.v1.g394640.t1,4876418,4877934,ChrX,otto_ChrX,4876418,4877934,PAR
3.59E-06,0.00359007,0.001,OIIa.chrY.v1.g369190.t1,OIIb.chrX.v1.g394650.t1,4902905,4906859,ChrX,otto_ChrX,4902905,4906859,PAR
NA,NA,NA,OIIa.chrY.v1.g369200.t1,OIIb.chrX.v1.g394660.t1,4909854,4912420,ChrX,otto_ChrX,4909854,4912420,PAR
NA,NA,NA,OIIa.chrY.v1.g369210.t1,OIIb.chrX.v1.g394670.t1,4915842,4920672,ChrX,otto_ChrX,4915842,4920672,PAR
NA,NA,NA,OIIa.chrY.v1.g369220.t1,OIIb.chrX.v1.g394680.t1,4923974,4924201,ChrX,otto_ChrX,4923974,4924201,PAR
NA,NA,NA,OIIa.chrY.v1.g369230.t1,OIIb.chrX.v1.g394690.t1,4925850,4928081,ChrX,otto_ChrX,4925850,4928081,PAR
7.84E-06,0.00783565,0.001,OIIa.chrY.v1.g369240.t1,OIIb.chrX.v1.g394700.t1,4933771,4936815,ChrX,otto_ChrX,4933771,4936815,PAR
1.30E-05,0.013029,0.001,OIIa.chrY.v1.g369250.t1,OIIb.chrX.v1.g394710.t1,4938405,4940138,ChrX,otto_ChrX,4938405,4940138,PAR
0.00154328,0.0141723,0.108894,OIIa.chrY.v1.g369280.t1,OIIb.chrX.v1.g394720.t1,4957307,4961491,ChrX,otto_ChrX,4957307,4961491,PAR
0.00436765,0.00649315,0.672655,OIIa.chrY.v1.g369290.t1,OIIb.chrX.v1.g394730.t1,4963882,4964508,ChrX,otto_ChrX,4963882,4964508,PAR
0.00704663,0.0263612,0.267311,OIIa.chrY.v1.g369300.t1,OIIb.chrX.v1.g394740.t1,4975336,4978020,ChrX,otto_ChrX,4975336,4978020,PAR
0.00564898,0.0125829,0.448941,OIIa.chrY.v1.g369320.t1,OIIb.chrX.v1.g394750.t1,4981389,4991034,ChrX,otto_ChrX,4981389,4991034,PAR
4.10E-05,0.0410185,0.001,OIIa.chrY.v1.g369340.t1,OIIb.chrX.v1.g394770.t1,5039559,5039972,ChrX,otto_ChrX,5039559,5039972,PAR
0.00547557,0.0297063,0.184324,OIIa.chrY.v1.g369370.t1,OIIb.chrX.v1.g394810.t1,5055382,5061082,ChrX,otto_ChrX,5055382,5061082,PAR
0.00872223,0.0342126,0.254942,OIIa.chrY.v1.g369380.t1,OIIb.chrX.v1.g394820.t1,5065035,5070832,ChrX,otto_ChrX,5065035,5070832,PAR
1.77E-05,0.0176878,0.001,OIIa.chrY.v1.g369390.t1,OIIb.chrX.v1.g394830.t1,5076753,5077957,ChrX,otto_ChrX,5076753,5077957,PAR
0.000827269,1.65E-05,50,OIIa.chrY.v1.g369400.t1,OIIb.chrX.v1.g394840.t1,5091473,5095684,ChrX,otto_ChrX,5091473,5095684,PAR
1.59E-05,0.0158672,0.001,OIIa.chrY.v1.g369410.t1,OIIb.chrX.v1.g394850.t1,5108844,5109835,ChrX,otto_ChrX,5108844,5109835,PAR
0.0075154,0.0101366,0.741411,OIIa.chrY.v1.g369420.t1,OIIb.chrX.v1.g394860.t1,5121161,5121973,ChrX,otto_ChrX,5121161,5121973,PAR
1.72E-05,0.0171823,0.001,OIIa.chrY.v1.g369430.t1,OIIb.chrX.v1.g394870.t1,5123816,5126560,ChrX,otto_ChrX,5123816,5126560,PAR
0.00340813,6.98E-05,48.8326,OIIa.chrY.v1.g369440.t1,OIIb.chrX.v1.g394880.t1,5128963,5130501,ChrX,otto_ChrX,5128963,5130501,PAR
0.0208351,0.00858752,2.42621,OIIa.chrY.v1.g369450.t1,OIIb.chrX.v1.g394890.t1,5133656,5134589,ChrX,otto_ChrX,5133656,5134589,PAR
0.000519244,0.0188057,0.0276109,OIIa.chrY.v1.g369460.t1,OIIb.chrX.v1.g394900.t1,5135102,5141389,ChrX,otto_ChrX,5135102,5141389,PAR
0.00264488,0.0210359,0.125732,OIIa.chrY.v1.g369470.t1,OIIb.chrX.v1.g394910.t1,5178582,5182041,ChrX,otto_ChrX,5178582,5182041,PAR
0.000875441,0.0341968,0.0256001,OIIa.chrY.v1.g369490.t1,OIIb.chrX.v1.g394930.t1,5202978,5205227,ChrX,otto_ChrX,5202978,5205227,PAR
0.0047522,0.0301244,0.157753,OIIa.chrY.v1.g369500.t1,OIIb.chrX.v1.g394940.t1,5214911,5221315,ChrX,otto_ChrX,5214911,5221315,PAR
0.00444803,0.00917369,0.484869,OIIa.chrY.v1.g369510.t1,OIIb.chrX.v1.g394950.t1,5232564,5234996,ChrX,otto_ChrX,5232564,5234996,PAR
0.00267025,0.0399863,0.0667791,OIIa.chrY.v1.g369520.t1,OIIb.chrX.v1.g394960.t1,5245977,5246507,ChrX,otto_ChrX,5245977,5246507,PAR
0.014908,0.048684,0.30622,OIIa.chrY.v1.g369530.t1,OIIb.chrX.v1.g394970.t1,5248946,5249524,ChrX,otto_ChrX,5248946,5249524,PAR
0.00261222,0.0053768,0.485833,OIIa.chrY.v1.g369560.t1,OIIb.chrX.v1.g394990.t1,5264924,5265535,ChrX,otto_ChrX,5264924,5265535,PAR
0.0103083,0.0569645,0.180961,OIIa.chrY.v1.g369570.t1,OIIb.chrX.v1.g395000.t1,5269740,5270510,ChrX,otto_ChrX,5269740,5270510,PAR
0.00531101,0.0232005,0.228918,OIIa.chrY.v1.g369580.t1,OIIb.chrX.v1.g395020.t1,5291844,5293633,ChrX,otto_ChrX,5291844,5293633,PAR
0.00365822,0.03177,0.115147,OIIa.chrY.v1.g369600.t1,OIIb.chrX.v1.g395030.t1,5308063,5316068,ChrX,otto_ChrX,5308063,5316068,PAR
0.0209697,0.021725,0.965236,OIIa.chrY.v1.g369610.t1,OIIb.chrX.v1.g395040.t1,5317713,5317961,ChrX,otto_ChrX,5317713,5317961,PAR
0.000601698,0.0229079,0.026266,OIIa.chrY.v1.g369620.t1,OIIb.chrX.v1.g395050.t1,5321098,5323503,ChrX,otto_ChrX,5321098,5323503,PAR
1.17E-05,0.0116773,0.001,OIIa.chrY.v1.g369630.t1,OIIb.chrX.v1.g395060.t1,5333518,5333994,ChrX,otto_ChrX,5333518,5333994,PAR
0.00394347,0.0257423,0.15319,OIIa.chrY.v1.g369640.t1,OIIb.chrX.v1.g395070.t1,5334837,5336945,ChrX,otto_ChrX,5334837,5336945,PAR
2.17E-05,0.0216782,0.001,OIIa.chrY.v1.g369650.t1,OIIb.chrX.v1.g395080.t1,5346151,5346636,ChrX,otto_ChrX,5346151,5346636,PAR
0.00213073,0.00467488,0.455783,OIIa.chrY.v1.g369660.t1,OIIb.chrX.v1.g395090.t1,5363594,5366093,ChrX,otto_ChrX,5363594,5366093,PAR
0.00332951,0.0554884,0.0600037,OIIa.chrY.v1.g369670.t1,OIIb.chrX.v1.g395100.t1,5366995,5368214,ChrX,otto_ChrX,5366995,5368214,PAR
0.00138867,3.12E-05,44.564,OIIa.chrY.v1.g369680.t1,OIIb.chrX.v1.g395110.t1,5372065,5378125,ChrX,otto_ChrX,5372065,5378125,PAR
0.00219242,0.0209596,0.104602,OIIa.chrY.v1.g369690.t1,OIIb.chrX.v1.g395120.t1,5400936,5406352,ChrX,otto_ChrX,5400936,5406352,PAR
1.35E-05,0.0135453,0.001,OIIa.chrY.v1.g369700.t1,OIIb.chrX.v1.g395130.t1,5413877,5419835,ChrX,otto_ChrX,5413877,5419835,PAR
0.0157858,0.0297009,0.53149,OIIa.chrY.v1.g369710.t1,OIIb.chrX.v1.g395140.t1,5422754,5424652,ChrX,otto_ChrX,5422754,5424652,PAR
0.00104476,0.00558066,0.18721,OIIa.chrY.v1.g369720.t1,OIIb.chrX.v1.g395150.t1,5428211,5430564,ChrX,otto_ChrX,5428211,5430564,PAR
0.000889207,0.00506454,0.175575,OIIa.chrY.v1.g369730.t1,OIIb.chrX.v1.g395160.t1,5431018,5434576,ChrX,otto_ChrX,5431018,5434576,PAR
0.00625442,0.0328562,0.190357,OIIa.chrY.v1.g369740.t1,OIIb.chrX.v1.g395170.t1,5439983,5440672,ChrX,otto_ChrX,5439983,5440672,PAR
0.00364964,0.0489483,0.0745611,OIIa.chrY.v1.g369750.t1,OIIb.chrX.v1.g395180.t1,5448035,5449632,ChrX,otto_ChrX,5448035,5449632,PAR
0.00151212,0.0242807,0.0622769,OIIa.chrY.v1.g369760.t1,OIIb.chrX.v1.g395190.t1,5455159,5458357,ChrX,otto_ChrX,5455159,5458357,PAR
0.00101949,0.0153781,0.066295,OIIa.chrY.v1.g369770.t1,OIIb.chrX.v1.g395200.t1,5459043,5462647,ChrX,otto_ChrX,5459043,5462647,PAR
0.00765288,0.0510678,0.149857,OIIa.chrY.v1.g369780.t1,OIIb.chrX.v1.g395220.t1,5480056,5480667,ChrX,otto_ChrX,5480056,5480667,PAR
0.00814909,0.0170013,0.479322,OIIa.chrY.v1.g369790.t1,OIIb.chrX.v1.g395230.t1,5493744,5494721,ChrX,otto_ChrX,5493744,5494721,PAR
2.64E-05,0.026359,0.001,OIIa.chrY.v1.g369800.t2,OIIb.chrX.v1.g395240.t1,5497967,5499333,ChrX,otto_ChrX,5497967,5499333,PAR
0.00467486,0.0138551,0.337411,OIIa.chrY.v1.g369810.t1,OIIb.chrX.v1.g395250.t1,5522967,5529195,ChrX,otto_ChrX,5522967,5529195,PAR
NA,NA,NA,OIIa.chrY.v1.g369820.t1,OIIb.chrX.v1.g395260.t1,5540361,5542145,ChrX,otto_ChrX,5540361,5542145,PAR
3.82E-05,0.0381717,0.001,OIIa.chrY.v1.g369840.t1,OIIb.chrX.v1.g395270.t1,5551855,5552835,ChrX,otto_ChrX,5551855,5552835,PAR
0.00199738,0.00972648,0.205355,OIIa.chrY.v1.g369850.t1,OIIb.chrX.v1.g395280.t1,5555033,5558364,ChrX,otto_ChrX,5555033,5558364,PAR
4.81E-05,0.0480675,0.001,OIIa.chrY.v1.g369860.t1,OIIb.chrX.v1.g395290.t1,5564557,5566075,ChrX,otto_ChrX,5564557,5566075,PAR
0.00301124,0.0196813,0.153,OIIa.chrY.v1.g369870.t1,OIIb.chrX.v1.g395300.t1,5568011,5569132,ChrX,otto_ChrX,5568011,5569132,PAR
0.00394217,0.0082111,0.480103,OIIa.chrY.v1.g369880.t1,OIIb.chrX.v1.g395310.t1,5572067,5573880,ChrX,otto_ChrX,5572067,5573880,PAR
0.00262129,0.0250085,0.104816,OIIa.chrY.v1.g369890.t1,OIIb.chrX.v1.g395330.t1,5582817,5583671,ChrX,otto_ChrX,5582817,5583671,PAR
0.00317329,0.0119964,0.264521,OIIa.chrY.v1.g369900.t1,OIIb.chrX.v1.g395340.t1,5587001,5588671,ChrX,otto_ChrX,5587001,5588671,PAR
0.00273451,0.0287607,0.095078,OIIa.chrY.v1.g369910.t1,OIIb.chrX.v1.g395350.t1,5589521,5590637,ChrX,otto_ChrX,5589521,5590637,PAR
0.00140835,0.0187899,0.0749521,OIIa.chrY.v1.g369930.t1,OIIb.chrX.v1.g395360.t1,5592987,5598950,ChrX,otto_ChrX,5592987,5598950,PAR
0.00196332,0.0167804,0.117001,OIIa.chrY.v1.g369940.t1,OIIb.chrX.v1.g395370.t1,5612472,5614337,ChrX,otto_ChrX,5612472,5614337,PAR
1.58E-05,0.015806,0.001,OIIa.chrY.v1.g369950.t1,OIIb.chrX.v1.g395380.t1,5617138,5619667,ChrX,otto_ChrX,5617138,5619667,PAR
0.00339208,0.032261,0.105145,OIIa.chrY.v1.g369960.t1,OIIb.chrX.v1.g395390.t1,5620244,5621887,ChrX,otto_ChrX,5620244,5621887,PAR
0.00633153,0.0152766,0.414461,OIIa.chrY.v1.g369970.t1,OIIb.chrX.v1.g395400.t1,5625819,5633002,ChrX,otto_ChrX,5625819,5633002,PAR
2.26E-05,0.0225547,0.001,OIIa.chrY.v1.g369980.t1,OIIb.chrX.v1.g395410.t1,5643949,5646194,ChrX,otto_ChrX,5643949,5646194,PAR
0.00036887,0.00812363,0.045407,OIIa.chrY.v1.g369990.t1,OIIb.chrX.v1.g395420.t1,5649503,5658925,ChrX,otto_ChrX,5649503,5658925,PAR
0.00759331,0.0227625,0.333588,OIIa.chrY.v1.g370000.t1,OIIb.chrX.v1.g395430.t1,5664600,5666171,ChrX,otto_ChrX,5664600,5666171,PAR
0.00375755,0.0174492,0.215343,OIIa.chrY.v1.g370010.t1,OIIb.chrX.v1.g395440.t1,5669070,5672524,ChrX,otto_ChrX,5669070,5672524,PAR
0.00718128,0.0308538,0.232752,OIIa.chrY.v1.g370030.t1,OIIb.chrX.v1.g395450.t1,5680853,5681215,ChrX,otto_ChrX,5680853,5681215,PAR
0.000963164,0.0287421,0.0335105,OIIa.chrY.v1.g370040.t1,OIIb.chrX.v1.g395460.t1,5683319,5687243,ChrX,otto_ChrX,5683319,5687243,PAR
0.000781057,0.0186651,0.0418458,OIIa.chrY.v1.g370050.t1,OIIb.chrX.v1.g395470.t1,5696295,5699303,ChrX,otto_ChrX,5696295,5699303,PAR
1.74E-05,0.0173861,0.001,OIIa.chrY.v1.g370060.t1,OIIb.chrX.v1.g395490.t1,5720728,5723824,ChrX,otto_ChrX,5720728,5723824,PAR
0.00595383,0.0151629,0.392657,OIIa.chrY.v1.g370070.t1,OIIb.chrX.v1.g395500.t1,5730049,5730303,ChrX,otto_ChrX,5730049,5730303,PAR
0.00846647,0.00568943,1.4881,OIIa.chrY.v1.g370080.t1,OIIb.chrX.v1.g395510.t1,5750411,5751541,ChrX,otto_ChrX,5750411,5751541,PAR
0.00364009,0.0149594,0.243332,OIIa.chrY.v1.g370090.t1,OIIb.chrX.v1.g395520.t1,5763430,5765305,ChrX,otto_ChrX,5763430,5765305,PAR
0.00874938,0.0173125,0.505378,OIIa.chrY.v1.g370120.t1,OIIb.chrX.v1.g395550.t1,5777059,5777879,ChrX,otto_ChrX,5777059,5777879,PAR
0.00635785,0.0143515,0.443011,OIIa.chrY.v1.g370130.t1,OIIb.chrX.v1.g395560.t1,5781339,5782150,ChrX,otto_ChrX,5781339,5782150,PAR
2.56E-05,0.0256093,0.001,OIIa.chrY.v1.g370150.t1,OIIb.chrX.v1.g395570.t1,5789499,5790316,ChrX,otto_ChrX,5789499,5790316,PAR
0.00219247,0.0452684,0.0484327,OIIa.chrY.v1.g370160.t1,OIIb.chrX.v1.g395580.t1,5793807,5795343,ChrX,otto_ChrX,5793807,5795343,PAR
0.00240943,0.0250512,0.0961803,OIIa.chrY.v1.g370170.t1,OIIb.chrX.v1.g395590.t1,5803224,5804100,ChrX,otto_ChrX,5803224,5804100,PAR
NA,NA,NA,OIIa.chrY.v1.g370190.t1,OIIb.chrX.v1.g395610.t1,5826142,5827227,ChrX,otto_ChrX,5826142,5827227,PAR
0.00915599,0.0299674,0.305531,OIIa.chrY.v1.g370200.t1,OIIb.chrX.v1.g395620.t1,5828882,5831416,ChrX,otto_ChrX,5828882,5831416,PAR
0.00214435,0.0307178,0.0698082,OIIa.chrY.v1.g370210.t1,OIIb.chrX.v1.g395630.t1,5833302,5834024,ChrX,otto_ChrX,5833302,5834024,PAR
0.00606391,0.0189767,0.319545,OIIa.chrY.v1.g370220.t1,OIIb.chrX.v1.g395640.t1,5843790,5847571,ChrX,otto_ChrX,5843790,5847571,PAR
0.00248716,0.00808266,0.307715,OIIa.chrY.v1.g370230.t1,OIIb.chrX.v1.g395670.t1,5854228,5857753,ChrX,otto_ChrX,5854228,5857753,PAR
0.00708988,0.00941549,0.753002,OIIa.chrY.v1.g370250.t1,OIIb.chrX.v1.g395700.t1,5948096,5948803,ChrX,otto_ChrX,5948096,5948803,PAR
0.0028061,0.00780258,0.359638,OIIa.chrY.v1.g370280.t1,OIIb.chrX.v1.g395720.t1,5983860,5986581,ChrX,otto_ChrX,5983860,5986581,PAR
0.00288616,0.00263965,1.09339,OIIa.chrY.v1.g370290.t1,OIIb.chrX.v1.g395730.t1,5991055,5995880,ChrX,otto_ChrX,5991055,5995880,PAR
3.61E-06,0.00360748,0.001,OIIa.chrY.v1.g370310.t1,OIIb.chrX.v1.g395760.t1,6024878,6030453,ChrX,otto_ChrX,6024878,6030453,PAR
0.00587816,0.0213205,0.275705,OIIa.chrY.v1.g370320.t1,OIIb.chrX.v1.g395770.t1,6034706,6043004,ChrX,otto_ChrX,6034706,6043004,PAR
0.00271874,0.0199849,0.13604,OIIa.chrY.v1.g370330.t1,OIIb.chrX.v1.g395780.t1,6070459,6076489,ChrX,otto_ChrX,6070459,6076489,PAR
0.00418611,0.0174117,0.24042,OIIa.chrY.v1.g370340.t1,OIIb.chrX.v1.g395790.t1,6083864,6085048,ChrX,otto_ChrX,6083864,6085048,PAR
0.00636151,0.00012723,50,OIIa.chrY.v1.g370350.t1,OIIb.chrX.v1.g395800.t1,6087224,6088369,ChrX,otto_ChrX,6087224,6088369,PAR
0.00452521,0.0293486,0.154188,OIIa.chrY.v1.g370360.t1,OIIb.chrX.v1.g395810.t1,6088461,6089627,ChrX,otto_ChrX,6088461,6089627,PAR
NA,NA,NA,OIIa.chrY.v1.g370370.t1,OIIb.chrX.v1.g395820.t1,6094396,6099753,ChrX,otto_ChrX,6094396,6099753,PAR
0.00217632,0.0109032,0.199605,OIIa.chrY.v1.g370380.t1,OIIb.chrX.v1.g395830.t1,6104068,6108375,ChrX,otto_ChrX,6104068,6108375,PAR
NA,NA,NA,OIIa.chrY.v1.g370390.t1,OIIb.chrX.v1.g395840.t1,6114083,6117088,ChrX,otto_ChrX,6114083,6117088,PAR
0.00153431,0.0285156,0.0538061,OIIa.chrY.v1.g370400.t1,OIIb.chrX.v1.g395850.t1,6128961,6132337,ChrX,otto_ChrX,6128961,6132337,PAR
0.00579955,0.000119037,48.7204,OIIa.chrY.v1.g370410.t1,OIIb.chrX.v1.g395860.t1,6138006,6139912,ChrX,otto_ChrX,6138006,6139912,PAR
NA,NA,NA,OIIa.chrY.v1.g370430.t1,OIIb.chrX.v1.g395870.t1,6153981,6154304,ChrX,otto_ChrX,6153981,6154304,PAR
0.0025293,0.0145268,0.174112,OIIa.chrY.v1.g370450.t1,OIIb.chrX.v1.g395890.t1,6181066,6182889,ChrX,otto_ChrX,6181066,6182889,PAR
NA,NA,NA,OIIa.chrY.v1.g370470.t1,OIIb.chrX.v1.g395900.t1,6189577,6189888,ChrX,otto_ChrX,6189577,6189888,PAR
NA,NA,NA,OIIa.chrY.v1.g370480.t1,OIIb.chrX.v1.g395910.t1,6191825,6192130,ChrX,otto_ChrX,6191825,6192130,PAR
0.00397138,0.0114158,0.347886,OIIa.chrY.v1.g370490.t1,OIIb.chrX.v1.g395920.t1,6201966,6202752,ChrX,otto_ChrX,6201966,6202752,PAR
0.00348732,0.0278961,0.125011,OIIa.chrY.v1.g370500.t1,OIIb.chrX.v1.g395930.t1,6218574,6221599,ChrX,otto_ChrX,6218574,6221599,PAR
0.00459024,0.019884,0.230851,OIIa.chrY.v1.g370510.t1,OIIb.chrX.v1.g395940.t1,6237114,6238315,ChrX,otto_ChrX,6237114,6238315,PAR
0.000817909,0.00210181,0.389146,OIIa.chrY.v1.g370520.t1,OIIb.chrX.v1.g395970.t1,6260792,6263796,ChrX,otto_ChrX,6260792,6263796,PAR
2.43E-05,0.0243285,0.001,OIIa.chrY.v1.g370560.t1,OIIb.chrX.v1.g395990.t1,6304782,6305253,ChrX,otto_ChrX,6304782,6305253,PAR
1.33E-05,0.013338,0.001,OIIa.chrY.v1.g370570.t1,OIIb.chrX.v1.g396000.t1,6306450,6308438,ChrX,otto_ChrX,6306450,6308438,PAR
0.00759552,0.0375884,0.202071,OIIa.chrY.v1.g370580.t1,OIIb.chrX.v1.g396010.t1,6315908,6318289,ChrX,otto_ChrX,6315908,6318289,PAR
1.50E-05,0.0149562,0.001,OIIa.chrY.v1.g370590.t1,OIIb.chrX.v1.g396020.t1,6319087,6319509,ChrX,otto_ChrX,6319087,6319509,PAR
0.00122907,0.018274,0.067258,OIIa.chrY.v1.g370610.t1,OIIb.chrX.v1.g396030.t1,6340812,6342781,ChrX,otto_ChrX,6340812,6342781,PAR
0.00132647,0.0165343,0.0802252,OIIa.chrY.v1.g370620.t1,OIIb.chrX.v1.g396040.t1,6346424,6352366,ChrX,otto_ChrX,6346424,6352366,PAR
0.000642154,0.0230568,0.027851,OIIa.chrY.v1.g370630.t1,OIIb.chrX.v1.g396050.t1,6368359,6372926,ChrX,otto_ChrX,6368359,6372926,PAR
0.0165651,0.0237714,0.696852,OIIa.chrY.v1.g370640.t1,OIIb.chrX.v1.g396060.t1,6373970,6376483,ChrX,otto_ChrX,6373970,6376483,PAR
0.00336495,0.0398798,0.0843772,OIIa.chrY.v1.g370660.t1,OIIb.chrX.v1.g396080.t1,6391422,6393409,ChrX,otto_ChrX,6391422,6393409,PAR
2.33E-05,0.0232826,0.001,OIIa.chrY.v1.g370670.t1,OIIb.chrX.v1.g396090.t1,6399420,6402957,ChrX,otto_ChrX,6399420,6402957,PAR
0.011197,0.010596,1.05672,OIIa.chrY.v1.g370680.t1,OIIb.chrX.v1.g396100.t1,6414170,6414631,ChrX,otto_ChrX,6414170,6414631,PAR
2.05E-05,0.0205216,0.001,OIIa.chrY.v1.g370690.t1,OIIb.chrX.v1.g396110.t1,6417612,6417821,ChrX,otto_ChrX,6417612,6417821,PAR
0.00310119,0.0111292,0.278654,OIIa.chrY.v1.g370700.t1,OIIb.chrX.v1.g396120.t1,6425715,6427876,ChrX,otto_ChrX,6425715,6427876,PAR
0.00115143,0.0224918,0.0511932,OIIa.chrY.v1.g370720.t1,OIIb.chrX.v1.g396130.t1,6433234,6435839,ChrX,otto_ChrX,6433234,6435839,PAR
0.00151688,0.00129071,1.17523,OIIa.chrY.v1.g370730.t1,OIIb.chrX.v1.g396140.t1,6439164,6447518,ChrX,otto_ChrX,6439164,6447518,PAR
0.00178121,0.0303551,0.0586791,OIIa.chrY.v1.g370740.t1,OIIb.chrX.v1.g396150.t1,6448166,6449752,ChrX,otto_ChrX,6448166,6449752,PAR
0.00602235,0.0203746,0.295582,OIIa.chrY.v1.g370750.t1,OIIb.chrX.v1.g396160.t1,6450594,6452612,ChrX,otto_ChrX,6450594,6452612,PAR
0.00240766,0.0156376,0.153966,OIIa.chrY.v1.g370760.t1,OIIb.chrX.v1.g396170.t1,6480502,6487970,ChrX,otto_ChrX,6480502,6487970,PAR
0.00698762,0.0196669,0.355299,OIIa.chrY.v1.g370770.t1,OIIb.chrX.v1.g396190.t1,6491190,6492928,ChrX,otto_ChrX,6491190,6492928,PAR
0.000530298,0.00673414,0.0787476,OIIa.chrY.v1.g370780.t1,OIIb.chrX.v1.g396200.t1,6493540,6501120,ChrX,otto_ChrX,6493540,6501120,PAR
0.00215129,0.005661,0.380019,OIIa.chrY.v1.g370790.t1,OIIb.chrX.v1.g396210.t1,6508046,6509493,ChrX,otto_ChrX,6508046,6509493,PAR
0.00105842,0.00587718,0.180091,OIIa.chrY.v1.g370800.t1,OIIb.chrX.v1.g396220.t1,6510087,6523358,ChrX,otto_ChrX,6510087,6523358,PAR
0.00191197,0.0319986,0.0597516,OIIa.chrY.v1.g370810.t1,OIIb.chrX.v1.g396230.t1,6528287,6532504,ChrX,otto_ChrX,6528287,6532504,PAR
0.000715051,0.0175932,0.0406436,OIIa.chrY.v1.g370830.t1,OIIb.chrX.v1.g396250.t1,6580543,6583213,ChrX,otto_ChrX,6580543,6583213,PAR
0.00278134,0.0266898,0.10421,OIIa.chrY.v1.g370840.t1,OIIb.chrX.v1.g396260.t1,6590556,6591899,ChrX,otto_ChrX,6590556,6591899,PAR
0.00234016,0.0400927,0.0583689,OIIa.chrY.v1.g370850.t1,OIIb.chrX.v1.g396270.t1,6600448,6602031,ChrX,otto_ChrX,6600448,6602031,PAR
0.0124665,0.0643283,0.193795,OIIa.chrY.v1.g370860.t1,OIIb.chrX.v1.g396280.t1,6610176,6611395,ChrX,otto_ChrX,6610176,6611395,PAR
0.00685173,0.0247174,0.277203,OIIa.chrY.v1.g370870.t1,OIIb.chrX.v1.g396290.t1,6616337,6617560,ChrX,otto_ChrX,6616337,6617560,PAR
0.00913924,0.0193552,0.472185,OIIa.chrY.v1.g370880.t1,OIIb.chrX.v1.g396300.t1,6624957,6632206,ChrX,otto_ChrX,6624957,6632206,PAR
1.92E-05,0.0192315,0.001,OIIa.chrY.v1.g370920.t1,OIIb.chrX.v1.g396310.t1,6641338,6643144,ChrX,otto_ChrX,6641338,6643144,PAR
0.00710275,0.0325787,0.218018,OIIa.chrY.v1.g370930.t1,OIIb.chrX.v1.g396320.t1,6645295,6646975,ChrX,otto_ChrX,6645295,6646975,PAR
3.20E-05,0.0320418,0.001,OIIa.chrY.v1.g370940.t1,OIIb.chrX.v1.g396330.t1,6648661,6651600,ChrX,otto_ChrX,6648661,6651600,PAR
0.00636086,0.0137757,0.461745,OIIa.chrY.v1.g370950.t1,OIIb.chrX.v1.g396340.t1,6652020,6653555,ChrX,otto_ChrX,6652020,6653555,PAR
0.00418964,0.010445,0.401114,OIIa.chrY.v1.g370960.t1,OIIb.chrX.v1.g396350.t1,6654466,6657739,ChrX,otto_ChrX,6654466,6657739,PAR
2.09E-05,0.0208768,0.001,OIIa.chrY.v1.g371020.t1,OIIb.chrX.v1.g396370.t1,6687132,6688253,ChrX,otto_ChrX,6687132,6688253,PAR
0.00146881,0.0182447,0.0805061,OIIa.chrY.v1.g371030.t1,OIIb.chrX.v1.g396380.t1,6690741,6692895,ChrX,otto_ChrX,6690741,6692895,PAR
0.00761318,0.0371951,0.204682,OIIa.chrY.v1.g371040.t1,OIIb.chrX.v1.g396390.t1,6693431,6694059,ChrX,otto_ChrX,6693431,6694059,PAR
0.00162731,0.0229793,0.0708166,OIIa.chrY.v1.g371050.t1,OIIb.chrX.v1.g396410.t1,6701254,6705706,ChrX,otto_ChrX,6701254,6705706,PAR
0.00245187,0.0377578,0.0649368,OIIa.chrY.v1.g371080.t1,OIIb.chrX.v1.g396430.t1,6749366,6749854,ChrX,otto_ChrX,6749366,6749854,PAR
0.00846617,0.0234571,0.360921,OIIa.chrY.v1.g371090.t1,OIIb.chrX.v1.g396440.t1,6750677,6751024,ChrX,otto_ChrX,6750677,6751024,PAR
0.0171804,0.00756708,2.27041,OIIa.chrY.v1.g371100.t1,OIIb.chrX.v1.g396450.t1,6760716,6761213,ChrX,otto_ChrX,6760716,6761213,PAR
0.00649144,0.0282593,0.22971,OIIa.chrY.v1.g371110.t1,OIIb.chrX.v1.g396460.t1,6765400,6765801,ChrX,otto_ChrX,6765400,6765801,PAR
0.00505321,0.0213882,0.236262,OIIa.chrY.v1.g371120.t1,OIIb.chrX.v1.g396470.t1,6772639,6779041,ChrX,otto_ChrX,6772639,6779041,PAR
0.00371464,0.0044493,0.834882,OIIa.chrY.v1.g371130.t1,OIIb.chrX.v1.g396480.t1,6782168,6783508,ChrX,otto_ChrX,6782168,6783508,PAR
NA,NA,NA,OIIa.chrY.v1.g371140.t1,OIIb.chrX.v1.g396490.t1,6794309,6795579,ChrX,otto_ChrX,6794309,6795579,PAR
1.07E-05,0.0106835,0.001,OIIa.chrY.v1.g371150.t1,OIIb.chrX.v1.g396500.t1,6826979,6828442,ChrX,otto_ChrX,6826979,6828442,PAR
0.00160642,0.0693445,0.0231658,OIIa.chrY.v1.g371160.t1,OIIb.chrX.v1.g396560.t1,6905424,6906957,ChrX,otto_ChrX,6905424,6906957,PAR
0.00141225,0.0225056,0.0627511,OIIa.chrY.v1.g371180.t1,OIIb.chrX.v1.g396570.t1,6918847,6921048,ChrX,otto_ChrX,6918847,6921048,PAR
0.0130312,0.0282184,0.461796,OIIa.chrY.v1.g371200.t1,OIIb.chrX.v1.g396590.t1,6931559,6932485,ChrX,otto_ChrX,6931559,6932485,PAR
0.00282455,0.0286408,0.0986199,OIIa.chrY.v1.g371210.t1,OIIb.chrX.v1.g396600.t1,6933713,6934561,ChrX,otto_ChrX,6933713,6934561,PAR
0.00487169,0.0576416,0.0845169,OIIa.chrY.v1.g371220.t1,OIIb.chrX.v1.g396610.t1,6937199,6938050,ChrX,otto_ChrX,6937199,6938050,PAR
0.00370832,0.0288008,0.128757,OIIa.chrY.v1.g371240.t1,OIIb.chrX.v1.g396630.t1,6960290,6967044,ChrX,otto_ChrX,6960290,6967044,PAR
0.00174192,0.0248049,0.0702248,OIIa.chrY.v1.g371250.t1,OIIb.chrX.v1.g396640.t1,6989041,6989937,ChrX,otto_ChrX,6989041,6989937,PAR
0.0022093,0.0205048,0.107745,OIIa.chrY.v1.g371280.t1,OIIb.chrX.v1.g396660.t1,7016273,7017121,ChrX,otto_ChrX,7016273,7017121,PAR
0.00382883,0.012018,0.318591,OIIa.chrY.v1.g371300.t1,OIIb.chrX.v1.g396680.t1,7030268,7031119,ChrX,otto_ChrX,7030268,7031119,PAR
0.00724991,0.0591031,0.122666,OIIa.chrY.v1.g371330.t1,OIIb.chrX.v1.g396690.t1,7034535,7035386,ChrX,otto_ChrX,7034535,7035386,PAR
0.00491371,0.0156446,0.314083,OIIa.chrY.v1.g371340.t1,OIIb.chrX.v1.g396700.t1,7036639,7037499,ChrX,otto_ChrX,7036639,7037499,PAR
0.00989024,0.00520836,1.89892,OIIa.chrY.v1.g371370.t1,OIIb.chrX.v1.g396730.t1,7049909,7050823,ChrX,otto_ChrX,7049909,7050823,PAR
0.00352943,0.0404698,0.0872115,OIIa.chrY.v1.g371390.t1,OIIb.chrX.v1.g396750.t1,7064953,7065804,ChrX,otto_ChrX,7064953,7065804,PAR
0.00460065,0.0161972,0.28404,OIIa.chrY.v1.g371410.t1,OIIb.chrX.v1.g396770.t1,7071849,7072703,ChrX,otto_ChrX,7071849,7072703,PAR
0.00450472,0.0236663,0.190343,OIIa.chrY.v1.g371420.t1,OIIb.chrX.v1.g396780.t1,7073995,7074855,ChrX,otto_ChrX,7073995,7074855,PAR
0.00949246,0.0383286,0.24766,OIIa.chrY.v1.g371440.t1,OIIb.chrX.v1.g396790.t1,7076881,7077609,ChrX,otto_ChrX,7076881,7077609,PAR
0.00225657,0.0260224,0.0867163,OIIa.chrY.v1.g371490.t1,OIIb.chrX.v1.g396860.t1,7159688,7162867,ChrX,otto_ChrX,7159688,7162867,PAR
0.000734053,0.0226642,0.0323882,OIIa.chrY.v1.g371500.t1,OIIb.chrX.v1.g396870.t1,7165367,7168927,ChrX,otto_ChrX,7165367,7168927,PAR
0.00131421,0.0156698,0.0838686,OIIa.chrY.v1.g371510.t1,OIIb.chrX.v1.g396880.t1,7195945,7199223,ChrX,otto_ChrX,7195945,7199223,PAR
NA,NA,NA,OIIa.chrY.v1.g371520.t1,OIIb.chrX.v1.g396920.t1,7204813,7205271,ChrX,otto_ChrX,7204813,7205271,PAR
0.00210688,0.0171924,0.122547,OIIa.chrY.v1.g371530.t1,OIIb.chrX.v1.g396930.t1,7205293,7209057,ChrX,otto_ChrX,7205293,7209057,PAR
0.0032852,0.0388056,0.0846578,OIIa.chrY.v1.g371540.t1,OIIb.chrX.v1.g396940.t1,7209539,7216649,ChrX,otto_ChrX,7209539,7216649,PAR
0.00492079,0.0508817,0.0967103,OIIa.chrY.v1.g371570.t1,OIIb.chrX.v1.g397000.t1,7250599,7253608,ChrX,otto_ChrX,7250599,7253608,PAR
0.00460005,0.0414769,0.110906,OIIa.chrY.v1.g371580.t1,OIIb.chrX.v1.g397010.t1,7254555,7258139,ChrX,otto_ChrX,7254555,7258139,PAR
7.00E-06,0.00700287,0.001,OIIa.chrY.v1.g371590.t1,OIIb.chrX.v1.g397020.t1,7259182,7262314,ChrX,otto_ChrX,7259182,7262314,PAR
2.25E-05,0.0225241,0.001,OIIa.chrY.v1.g371600.t1,OIIb.chrX.v1.g397030.t1,7269325,7275396,ChrX,otto_ChrX,7269325,7275396,PAR
0.000692057,0.0445177,0.0155457,OIIa.chrY.v1.g371610.t1,OIIb.chrX.v1.g397050.t1,7279044,7281182,ChrX,otto_ChrX,7279044,7281182,PAR
0.00197708,0.0233388,0.0847125,OIIa.chrY.v1.g371620.t1,OIIb.chrX.v1.g397060.t1,7281615,7283433,ChrX,otto_ChrX,7281615,7283433,PAR
2.33E-05,0.0233141,0.001,OIIa.chrY.v1.g371630.t1,OIIb.chrX.v1.g397070.t1,7284038,7289302,ChrX,otto_ChrX,7284038,7289302,PAR
0.00318536,0.017054,0.18678,OIIa.chrY.v1.g371640.t1,OIIb.chrX.v1.g397080.t1,7334079,7336772,ChrX,otto_ChrX,7334079,7336772,PAR
2.66E-05,0.0265991,0.001,OIIa.chrY.v1.g371660.t1,OIIb.chrX.v1.g397090.t1,7358339,7361018,ChrX,otto_ChrX,7358339,7361018,PAR
NA,NA,NA,OIIa.chrY.v1.g371680.t1,OIIb.chrX.v1.g397110.t1,7366458,7370043,ChrX,otto_ChrX,7366458,7370043,PAR
NA,NA,NA,OIIa.chrY.v1.g371690.t1,OIIb.chrX.v1.g397120.t1,7377125,7378870,ChrX,otto_ChrX,7377125,7378870,PAR
NA,NA,NA,OIIa.chrY.v1.g371700.t1,OIIb.chrX.v1.g397130.t1,7387030,7387245,ChrX,otto_ChrX,7387030,7387245,PAR
NA,NA,NA,OIIa.chrY.v1.g371730.t1,OIIb.chrX.v1.g397200.t1,7418088,7418672,ChrX,otto_ChrX,7418088,7418672,PAR
NA,NA,NA,OIIa.chrY.v1.g371740.t1,OIIb.chrX.v1.g397210.t1,7428909,7429420,ChrX,otto_ChrX,7428909,7429420,PAR
NA,NA,NA,OIIa.chrY.v1.g371750.t1,OIIb.chrX.v1.g397220.t1,7429478,7430401,ChrX,otto_ChrX,7429478,7430401,PAR
NA,NA,NA,OIIa.chrY.v1.g371760.t1,OIIb.chrX.v1.g397230.t1,7431672,7434038,ChrX,otto_ChrX,7431672,7434038,PAR
NA,NA,NA,OIIa.chrY.v1.g371770.t1,OIIb.chrX.v1.g397240.t1,7435943,7438962,ChrX,otto_ChrX,7435943,7438962,PAR
NA,NA,NA,OIIa.chrY.v1.g371790.t1,OIIb.chrX.v1.g397260.t1,7473603,7477764,ChrX,otto_ChrX,7473603,7477764,PAR
NA,NA,NA,OIIa.chrY.v1.g371800.t1,OIIb.chrX.v1.g397270.t1,7482311,7483073,ChrX,otto_ChrX,7482311,7483073,PAR
NA,NA,NA,OIIa.chrY.v1.g371810.t1,OIIb.chrX.v1.g397280.t1,7489341,7489875,ChrX,otto_ChrX,7489341,7489875,PAR
NA,NA,NA,OIIa.chrY.v1.g371820.t1,OIIb.chrX.v1.g397290.t1,7493835,7495244,ChrX,otto_ChrX,7493835,7495244,PAR
NA,NA,NA,OIIa.chrY.v1.g371830.t1,OIIb.chrX.v1.g397300.t1,7536255,7537889,ChrX,otto_ChrX,7536255,7537889,PAR
NA,NA,NA,OIIa.chrY.v1.g371840.t1,OIIb.chrX.v1.g397310.t1,7548404,7550412,ChrX,otto_ChrX,7548404,7550412,PAR
NA,NA,NA,OIIa.chrY.v1.g371850.t1,OIIb.chrX.v1.g397320.t1,7560025,7563988,ChrX,otto_ChrX,7560025,7563988,PAR
NA,NA,NA,OIIa.chrY.v1.g371860.t1,OIIb.chrX.v1.g397330.t1,7568315,7569517,ChrX,otto_ChrX,7568315,7569517,PAR
NA,NA,NA,OIIa.chrY.v1.g371870.t1,OIIb.chrX.v1.g397340.t1,7583080,7584653,ChrX,otto_ChrX,7583080,7584653,PAR
NA,NA,NA,OIIa.chrY.v1.g371880.t1,OIIb.chrX.v1.g397350.t1,7586488,7586973,ChrX,otto_ChrX,7586488,7586973,PAR
NA,NA,NA,OIIa.chrY.v1.g371890.t1,OIIb.chrX.v1.g397360.t1,7590530,7592599,ChrX,otto_ChrX,7590530,7592599,PAR
NA,NA,NA,OIIa.chrY.v1.g371910.t1,OIIb.chrX.v1.g397380.t1,7610144,7612015,ChrX,otto_ChrX,7610144,7612015,PAR
NA,NA,NA,OIIa.chrY.v1.g371920.t1,OIIb.chrX.v1.g397390.t1,7615865,7620253,ChrX,otto_ChrX,7615865,7620253,PAR
NA,NA,NA,OIIa.chrY.v1.g371930.t1,OIIb.chrX.v1.g397400.t1,7622693,7624623,ChrX,otto_ChrX,7622693,7624623,PAR
NA,NA,NA,OIIa.chrY.v1.g371940.t1,OIIb.chrX.v1.g397410.t1,7625427,7626071,ChrX,otto_ChrX,7625427,7626071,PAR
NA,NA,NA,OIIa.chrY.v1.g371950.t1,OIIb.chrX.v1.g397420.t1,7634631,7638642,ChrX,otto_ChrX,7634631,7638642,PAR
0.00221213,0.00928695,0.238198,OIIa.chrY.v1.g371970.t1,OIIb.chrX.v1.g397440.t1,7675107,7676543,ChrX,otto_ChrX,7675107,7676543,PAR
0.00111043,0.0165104,0.0672562,OIIa.chrY.v1.g371980.t1,OIIb.chrX.v1.g397460.t1,7689061,7705414,ChrX,otto_ChrX,7689061,7705414,PAR
1.17E-05,0.011749,0.001,OIIa.chrY.v1.g372010.t1,OIIb.chrX.v1.g397470.t1,7712850,7714129,ChrX,otto_ChrX,7712850,7714129,PAR
0.00164914,0.0148716,0.110892,OIIa.chrY.v1.g372020.t1,OIIb.chrX.v1.g397480.t1,7720616,7722205,ChrX,otto_ChrX,7720616,7722205,PAR
0.00450167,0.00900563,0.499873,OIIa.chrY.v1.g372030.t1,OIIb.chrX.v1.g397490.t1,7725496,7733009,ChrX,otto_ChrX,7725496,7733009,PAR
3.08E-05,0.0308404,0.001,OIIa.chrY.v1.g372040.t1,OIIb.chrX.v1.g397500.t1,7733497,7735585,ChrX,otto_ChrX,7733497,7735585,PAR
1.73E-05,0.0172523,0.001,OIIa.chrY.v1.g372050.t1,OIIb.chrX.v1.g397520.t1,7746091,7747170,ChrX,otto_ChrX,7746091,7747170,PAR
NA,NA,NA,OIIa.chrY.v1.g372060.t1,OIIb.chrX.v1.g397530.t1,7752998,7753555,ChrX,otto_ChrX,7752998,7753555,PAR
0.0101835,0.01756,0.579929,OIIa.chrY.v1.g372070.t1,OIIb.chrX.v1.g397540.t1,7757601,7758953,ChrX,otto_ChrX,7757601,7758953,PAR
0.0024384,0.00907621,0.268658,OIIa.chrY.v1.g372080.t1,OIIb.chrX.v1.g397550.t1,7760078,7763987,ChrX,otto_ChrX,7760078,7763987,PAR
0.0041775,0.0183679,0.227434,OIIa.chrY.v1.g372090.t1,OIIb.chrX.v1.g397570.t1,7803738,7804340,ChrX,otto_ChrX,7803738,7804340,PAR
0.00191361,0.0212065,0.0902367,OIIa.chrY.v1.g372100.t1,OIIb.chrX.v1.g397580.t1,7810879,7819234,ChrX,otto_ChrX,7810879,7819234,PAR
1.63E-05,0.016255,0.001,OIIa.chrY.v1.g372110.t1,OIIb.chrX.v1.g397600.t1,7825881,7828187,ChrX,otto_ChrX,7825881,7828187,PAR
0.0455163,0.000910326,50,OIIa.chrY.v1.g372120.t1,OIIb.chrX.v1.g397610.t1,7831372,7831587,ChrX,otto_ChrX,7831372,7831587,PAR
1.52E-05,0.0151654,0.001,OIIa.chrY.v1.g372130.t1,OIIb.chrX.v1.g397620.t1,7835122,7837760,ChrX,otto_ChrX,7835122,7837760,PAR
0.00300984,0.0364599,0.082552,OIIa.chrY.v1.g372200.t1,OIIb.chrX.v1.g397730.t1,7928138,7929118,ChrX,otto_ChrX,7928138,7929118,PAR
3.05E-05,0.0304561,0.001,OIIa.chrY.v1.g372210.t1,OIIb.chrX.v1.g397770.t1,7951787,7952913,ChrX,otto_ChrX,7951787,7952913,PAR
0.0026701,0.00689494,0.387255,OIIa.chrY.v1.g372220.t1,OIIb.chrX.v1.g397780.t1,7958488,7964052,ChrX,otto_ChrX,7958488,7964052,PAR
0.00204821,0.0146492,0.139817,OIIa.chrY.v1.g372240.t1,OIIb.chrX.v1.g397800.t1,7984394,7987752,ChrX,otto_ChrX,7984394,7987752,PAR
0.000888645,0.0117613,0.0755567,OIIa.chrY.v1.g372250.t1,OIIb.chrX.v1.g397810.t1,7999030,8003432,ChrX,otto_ChrX,7999030,8003432,PAR
0.00136021,0.0347569,0.039135,OIIa.chrY.v1.g372260.t1,OIIb.chrX.v1.g397830.t1,8023930,8024889,ChrX,otto_ChrX,8023930,8024889,PAR
2.45E-05,0.0244995,0.001,OIIa.chrY.v1.g372270.t1,OIIb.chrX.v1.g397840.t1,8056077,8056535,ChrX,otto_ChrX,8056077,8056535,PAR
0.00170626,0.023885,0.0714365,OIIa.chrY.v1.g372290.t1,OIIb.chrX.v1.g397850.t1,8066263,8069749,ChrX,otto_ChrX,8066263,8069749,PAR
0.00789807,0.0231097,0.341765,OIIa.chrY.v1.g372300.t1,OIIb.chrX.v1.g397860.t1,8071316,8073299,ChrX,otto_ChrX,8071316,8073299,PAR
0.00177405,0.0219417,0.0808529,OIIa.chrY.v1.g372310.t1,OIIb.chrX.v1.g397870.t1,8075634,8077961,ChrX,otto_ChrX,8075634,8077961,PAR
0.00342989,0.0325569,0.105351,OIIa.chrY.v1.g372320.t1,OIIb.chrX.v1.g397880.t1,8079708,8081666,ChrX,otto_ChrX,8079708,8081666,PAR
0.00328527,0.0235366,0.139581,OIIa.chrY.v1.g372350.t1,OIIb.chrX.v1.g397890.t1,8094648,8103777,ChrX,otto_ChrX,8094648,8103777,PAR
0.00432088,0.0177261,0.243759,OIIa.chrY.v1.g372360.t1,OIIb.chrX.v1.g397900.t1,8105434,8107707,ChrX,otto_ChrX,8105434,8107707,PAR
4.45E-05,0.0444638,0.001,OIIa.chrY.v1.g372370.t1,OIIb.chrX.v1.g397910.t1,8118954,8119178,ChrX,otto_ChrX,8118954,8119178,PAR
0.00097773,0.00396834,0.246383,OIIa.chrY.v1.g372380.t1,OIIb.chrX.v1.g397920.t1,8123799,8128097,ChrX,otto_ChrX,8123799,8128097,PAR
0.00713125,0.0140252,0.50846,OIIa.chrY.v1.g372390.t1,OIIb.chrX.v1.g397930.t1,8136493,8138751,ChrX,otto_ChrX,8136493,8138751,PAR
0.00650591,0.023422,0.277769,OIIa.chrY.v1.g372400.t1,OIIb.chrX.v1.g397940.t1,8152715,8155562,ChrX,otto_ChrX,8152715,8155562,PAR
2.22E-05,0.0221699,0.001,OIIa.chrY.v1.g372410.t1,OIIb.chrX.v1.g397950.t1,8157386,8162523,ChrX,otto_ChrX,8157386,8162523,PAR
0.0134389,0.0217563,0.617701,OIIa.chrY.v1.g372420.t1,OIIb.chrX.v1.g397960.t1,8190017,8190424,ChrX,otto_ChrX,8190017,8190424,PAR
0.00367674,0.03071,0.119724,OIIa.chrY.v1.g372430.t1,OIIb.chrX.v1.g397970.t1,8191079,8193862,ChrX,otto_ChrX,8191079,8193862,PAR
0.00183572,0.0342102,0.05366,OIIa.chrY.v1.g372450.t1,OIIb.chrX.v1.g397980.t1,8253528,8261649,ChrX,otto_ChrX,8253528,8261649,PAR
9.04E-06,0.00904195,0.001,OIIa.chrY.v1.g372460.t1,OIIb.chrX.v1.g397990.t1,8267479,8269385,ChrX,otto_ChrX,8267479,8269385,PAR
0.0070643,0.00464322,1.52142,OIIa.chrY.v1.g372490.t1,OIIb.chrX.v1.g398000.t1,8274484,8277398,ChrX,otto_ChrX,8274484,8277398,PAR
0.00144977,0.00675118,0.214743,OIIa.chrY.v1.g372500.t1,OIIb.chrX.v1.g398010.t1,8297442,8303923,ChrX,otto_ChrX,8297442,8303923,PAR
0.00420567,0.0425032,0.0989495,OIIa.chrY.v1.g372510.t1,OIIb.chrX.v1.g398030.t1,8357195,8358178,ChrX,otto_ChrX,8357195,8358178,PAR
NA,NA,NA,OIIa.chrY.v1.g372520.t1,OIIb.chrX.v1.g398070.t1,8388958,8394724,ChrX,otto_ChrX,8388958,8394724,PAR
0.00289831,5.80E-05,50,OIIa.chrY.v1.g372530.t1,OIIb.chrX.v1.g398090.t1,8402007,8402474,ChrX,otto_ChrX,8402007,8402474,PAR
0.00608357,0.00868074,0.700812,OIIa.chrY.v1.g372540.t1,OIIb.chrX.v1.g398100.t1,8402738,8404303,ChrX,otto_ChrX,8402738,8404303,PAR
0.0043412,0.0159585,0.272031,OIIa.chrY.v1.g372550.t1,OIIb.chrX.v1.g398110.t1,8409069,8410876,ChrX,otto_ChrX,8409069,8410876,PAR
0.00075559,0.0205047,0.0368496,OIIa.chrY.v1.g372560.t1,OIIb.chrX.v1.g398120.t1,8411392,8414310,ChrX,otto_ChrX,8411392,8414310,PAR
NA,NA,NA,OIIa.chrY.v1.g372570.t1,OIIb.chrX.v1.g398130.t1,8433669,8434495,ChrX,otto_ChrX,8433669,8434495,PAR
0.000769963,0.0142429,0.0540596,OIIa.chrY.v1.g372580.t1,OIIb.chrX.v1.g398140.t1,8435514,8440229,ChrX,otto_ChrX,8435514,8440229,PAR
0.00108978,0.00732706,0.148733,OIIa.chrY.v1.g372620.t1,OIIb.chrX.v1.g398160.t1,8476472,8477827,ChrX,otto_ChrX,8476472,8477827,PAR
NA,NA,NA,OIIa.chrY.v1.g372640.t1,OIIb.chrX.v1.g398170.t1,8501760,8503672,ChrX,otto_ChrX,8501760,8503672,PAR
NA,NA,NA,OIIa.chrY.v1.g372650.t1,OIIb.chrX.v1.g398180.t1,8506598,8509331,ChrX,otto_ChrX,8506598,8509331,PAR
0.00238674,0.0146113,0.163349,OIIa.chrY.v1.g372660.t1,OIIb.chrX.v1.g398190.t1,8545461,8557469,ChrX,otto_ChrX,8545461,8557469,PAR
0.00257475,0.0098601,0.261128,OIIa.chrY.v1.g372670.t1,OIIb.chrX.v1.g398200.t1,8560927,8565650,ChrX,otto_ChrX,8560927,8565650,PAR
1.59E-05,0.0158702,0.001,OIIa.chrY.v1.g372680.t1,OIIb.chrX.v1.g398230.t1,8578324,8580588,ChrX,otto_ChrX,8578324,8580588,PAR
0.00272106,0.0158683,0.171477,OIIa.chrY.v1.g372690.t1,OIIb.chrX.v1.g398240.t1,8582434,8583588,ChrX,otto_ChrX,8582434,8583588,PAR
0.000858453,0.0173056,0.0496056,OIIa.chrY.v1.g372700.t1,OIIb.chrX.v1.g398250.t1,8586858,8590697,ChrX,otto_ChrX,8586858,8590697,PAR
0.0183053,0.00889644,2.0576,OIIa.chrY.v1.g372710.t1,OIIb.chrX.v1.g398260.t1,8609271,8609663,ChrX,otto_ChrX,8609271,8609663,PAR
4.76E-06,0.00475686,0.001,OIIa.chrY.v1.g372720.t1,OIIb.chrX.v1.g398270.t1,8613736,8614635,ChrX,otto_ChrX,8613736,8614635,PAR
NA,NA,NA,OIIa.chrY.v1.g372740.t1,OIIb.chrX.v1.g398320.t1,8669099,8670764,ChrX,otto_ChrX,8669099,8670764,PAR
0.000494723,0.000936064,0.528514,OIIa.chrY.v1.g372750.t1,OIIb.chrX.v1.g398330.t1,8677139,8684151,ChrX,otto_ChrX,8677139,8684151,PAR
NA,NA,NA,OIIa.chrY.v1.g372760.t1,OIIb.chrX.v1.g398340.t1,8693398,8694478,ChrX,otto_ChrX,8693398,8694478,PAR
0.051902,0.0663563,0.782171,OIIa.chrY.v1.g372770.t1,OIIb.chrX.v1.g398350.t1,8698622,8699611,ChrX,otto_ChrX,8698622,8699611,PAR
0.0026087,0.0236092,0.110495,OIIa.chrY.v1.g372790.t1,OIIb.chrX.v1.g398360.t1,8722584,8723632,ChrX,otto_ChrX,8722584,8723632,PAR
0.00104497,0.00949301,0.110077,OIIa.chrY.v1.g372800.t1,OIIb.chrX.v1.g398370.t1,8741192,8744896,ChrX,otto_ChrX,8741192,8744896,PAR
4.54E-06,0.00453697,0.001,OIIa.chrY.v1.g372810.t1,OIIb.chrX.v1.g398380.t1,8747822,8750610,ChrX,otto_ChrX,8747822,8750610,PAR
0.00154902,0.0198383,0.0780823,OIIa.chrY.v1.g372820.t1,OIIb.chrX.v1.g398400.t1,8756949,8757986,ChrX,otto_ChrX,8756949,8757986,PAR
0.00572552,0.0503662,0.113678,OIIa.chrY.v1.g372830.t1,OIIb.chrX.v1.g398410.t1,8785136,8786171,ChrX,otto_ChrX,8785136,8786171,PAR
0.00687073,0.0232816,0.295115,OIIa.chrY.v1.g372840.t1,OIIb.chrX.v1.g398420.t1,8786726,8789556,ChrX,otto_ChrX,8786726,8789556,PAR
NA,NA,NA,OIIa.chrY.v1.g372850.t1,OIIb.chrX.v1.g398430.t1,8797499,8797898,ChrX,otto_ChrX,8797499,8797898,PAR
7.12E-05,0.071191,0.001,OIIa.chrY.v1.g372860.t1,OIIb.chrX.v1.g398440.t1,8806696,8807461,ChrX,otto_ChrX,8806696,8807461,PAR
NA,NA,NA,OIIa.chrY.v1.g372900.t1,OIIb.chrX.v1.g398470.t1,8827121,8827512,ChrX,otto_ChrX,8827121,8827512,PAR
0.00358716,0.0341353,0.105086,OIIa.chrY.v1.g372930.t1,OIIb.chrX.v1.g398510.t1,8859672,8861583,ChrX,otto_ChrX,8859672,8861583,PAR
0.00721084,0.000144217,50,OIIa.chrY.v1.g372940.t1,OIIb.chrX.v1.g398520.t1,8874489,8875761,ChrX,otto_ChrX,8874489,8875761,PAR
NA,NA,NA,OIIa.chrY.v1.g372950.t1,OIIb.chrX.v1.g398550.t1,8950862,8951651,ChrX,otto_ChrX,8950862,8951651,PAR
0.00105379,0.0092745,0.113623,OIIa.chrY.v1.g372960.t1,OIIb.chrX.v1.g398560.t1,8951697,8954603,ChrX,otto_ChrX,8951697,8954603,PAR
NA,NA,NA,OIIa.chrY.v1.g372970.t1,OIIb.chrX.v1.g398570.t1,8973249,8973728,ChrX,otto_ChrX,8973249,8973728,PAR
NA,NA,NA,OIIa.chrY.v1.g372980.t1,OIIb.chrX.v1.g398580.t1,8974780,8977417,ChrX,otto_ChrX,8974780,8977417,PAR
NA,NA,NA,OIIa.chrY.v1.g372990.t1,OIIb.chrX.v1.g398590.t1,8980026,8981995,ChrX,otto_ChrX,8980026,8981995,PAR
0.000574048,0.00438681,0.130858,OIIa.chrY.v1.g373000.t1,OIIb.chrX.v1.g398600.t1,8987567,8992326,ChrX,otto_ChrX,8987567,8992326,PAR
0.000492585,0.00312897,0.157427,OIIa.chrY.v1.g373010.t1,OIIb.chrX.v1.g398610.t1,9035369,9041052,ChrX,otto_ChrX,9035369,9041052,PAR
0.00215814,0.032952,0.0654934,OIIa.chrY.v1.g373020.t1,OIIb.chrX.v1.g398620.t1,9041619,9043075,ChrX,otto_ChrX,9041619,9043075,PAR
2.19E-05,0.0218621,0.001,OIIa.chrY.v1.g373030.t1,OIIb.chrX.v1.g398630.t1,9054712,9060522,ChrX,otto_ChrX,9054712,9060522,PAR
0.00404761,0.0239128,0.169265,OIIa.chrY.v1.g373060.t1,OIIb.chrX.v1.g398700.t1,9119555,9123669,ChrX,otto_ChrX,9119555,9123669,PAR
0.0115586,0.0157741,0.732758,OIIa.chrY.v1.g373070.t1,OIIb.chrX.v1.g398710.t1,9127700,9129052,ChrX,otto_ChrX,9127700,9129052,PAR
0.00266409,0.0327564,0.0813303,OIIa.chrY.v1.g373080.t1,OIIb.chrX.v1.g398720.t1,9131834,9134586,ChrX,otto_ChrX,9131834,9134586,PAR
4.76E-06,0.00476395,0.001,OIIa.chrY.v1.g373090.t1,OIIb.chrX.v1.g398730.t1,9135243,9136861,ChrX,otto_ChrX,9135243,9136861,PAR
0.00524682,0.0247814,0.211724,OIIa.chrY.v1.g373100.t1,OIIb.chrX.v1.g398740.t1,9169010,9172125,ChrX,otto_ChrX,9169010,9172125,PAR
0.00153744,0.0229429,0.0670113,OIIa.chrY.v1.g373120.t1,OIIb.chrX.v1.g398750.t1,9183416,9187582,ChrX,otto_ChrX,9183416,9187582,PAR
0.00582487,0.0207155,0.281185,OIIa.chrY.v1.g373130.t1,OIIb.chrX.v1.g398760.t1,9188338,9197503,ChrX,otto_ChrX,9188338,9197503,PAR
1.80E-05,0.0179763,0.001,OIIa.chrY.v1.g373160.t1,OIIb.chrX.v1.g398770.t1,9226473,9229184,ChrX,otto_ChrX,9226473,9229184,PAR
0.00432714,0.0111836,0.38692,OIIa.chrY.v1.g373170.t1,OIIb.chrX.v1.g398810.t1,9261549,9264459,ChrX,otto_ChrX,9261549,9264459,PAR
NA,NA,NA,OIIa.chrY.v1.g373180.t1,OIIb.chrX.v1.g398820.t1,9277532,9278562,ChrX,otto_ChrX,9277532,9278562,PAR
NA,NA,NA,OIIa.chrY.v1.g373190.t1,OIIb.chrX.v1.g398830.t1,9289947,9293070,ChrX,otto_ChrX,9289947,9293070,PAR
NA,NA,NA,OIIa.chrY.v1.g373200.t1,OIIb.chrX.v1.g398840.t1,9297732,9298418,ChrX,otto_ChrX,9297732,9298418,PAR
2.33E-06,0.00232894,0.001,OIIa.chrY.v1.g373210.t1,OIIb.chrX.v1.g398850.t1,9300142,9305850,ChrX,otto_ChrX,9300142,9305850,PAR
0.000497089,0.00569747,0.0872473,OIIa.chrY.v1.g373220.t1,OIIb.chrX.v1.g398860.t1,9326992,9343307,ChrX,otto_ChrX,9326992,9343307,PAR
2.47E-05,0.0246844,0.001,OIIa.chrY.v1.g373250.t1,OIIb.chrX.v1.g398870.t1,9359224,9359526,ChrX,otto_ChrX,9359224,9359526,PAR
0.00174739,0.0181932,0.0960463,OIIa.chrY.v1.g373270.t1,OIIb.chrX.v1.g398900.t1,9410307,9413501,ChrX,otto_ChrX,9410307,9413501,PAR
0.00209971,0.0153543,0.136751,OIIa.chrY.v1.g373280.t1,OIIb.chrX.v1.g398910.t1,9430479,9431123,ChrX,otto_ChrX,9430479,9431123,PAR
0.00261855,0.0133662,0.195909,OIIa.chrY.v1.g373290.t1,OIIb.chrX.v1.g398920.t1,9451954,9464096,ChrX,otto_ChrX,9451954,9464096,PAR
0.0026748,0.00199657,1.3397,OIIa.chrY.v1.g373300.t1,OIIb.chrX.v1.g398930.t1,9476881,9480540,ChrX,otto_ChrX,9476881,9480540,PAR
3.59E-05,0.0358685,0.001,OIIa.chrY.v1.g373310.t1,OIIb.chrX.v1.g398940.t1,9483766,9485505,ChrX,otto_ChrX,9483766,9485505,PAR
2.86E-05,0.0286036,0.001,OIIa.chrY.v1.g373340.t1,OIIb.chrX.v1.g398950.t1,9487763,9490292,ChrX,otto_ChrX,9487763,9490292,PAR
1.28E-05,0.0128355,0.001,OIIa.chrY.v1.g373350.t1,OIIb.chrX.v1.g398990.t1,9538957,9540749,ChrX,otto_ChrX,9538957,9540749,PAR
0.00489764,0.0196988,0.248626,OIIa.chrY.v1.g373360.t1,OIIb.chrX.v1.g399000.t1,9545423,9546783,ChrX,otto_ChrX,9545423,9546783,PAR
0.00194615,0.0205743,0.0945911,OIIa.chrY.v1.g373370.t1,OIIb.chrX.v1.g399020.t1,9583191,9586292,ChrX,otto_ChrX,9583191,9586292,PAR
0.00858117,0.0108761,0.788992,OIIa.chrY.v1.g373400.t1,OIIb.chrX.v1.g399040.t1,9599928,9602823,ChrX,otto_ChrX,9599928,9602823,PAR
2.74E-05,0.0273615,0.001,OIIa.chrY.v1.g373410.t1,OIIb.chrX.v1.g399050.t1,9609953,9610751,ChrX,otto_ChrX,9609953,9610751,PAR
0.00140152,0.00622183,0.225259,OIIa.chrY.v1.g373450.t1,OIIb.chrX.v1.g399070.t1,9640154,9641656,ChrX,otto_ChrX,9640154,9641656,PAR
0.00238519,0.018694,0.127591,OIIa.chrY.v1.g373470.t1,OIIb.chrX.v1.g399080.t1,9648839,9649882,ChrX,otto_ChrX,9648839,9649882,PAR
0.00139413,0.0121565,0.114683,OIIa.chrY.v1.g373480.t1,OIIb.chrX.v1.g399090.t1,9659776,9665590,ChrX,otto_ChrX,9659776,9665590,PAR
0.00381645,0.0100581,0.379439,OIIa.chrY.v1.g373500.t1,OIIb.chrX.v1.g399100.t1,9680801,9682665,ChrX,otto_ChrX,9680801,9682665,PAR
0.00218273,0.0140946,0.154862,OIIa.chrY.v1.g373540.t1,OIIb.chrX.v1.g399130.t1,9752397,9761177,ChrX,otto_ChrX,9752397,9761177,PAR
2.63E-05,0.0263197,0.001,OIIa.chrY.v1.g373550.t1,OIIb.chrX.v1.g399140.t1,9764733,9765584,ChrX,otto_ChrX,9764733,9765584,PAR
0.00509592,0.0335801,0.151754,OIIa.chrY.v1.g373560.t1,OIIb.chrX.v1.g399150.t1,9767580,9768541,ChrX,otto_ChrX,9767580,9768541,PAR
0.00138643,0.0375205,0.0369513,OIIa.chrY.v1.g373570.t1,OIIb.chrX.v1.g399160.t1,9769226,9770592,ChrX,otto_ChrX,9769226,9770592,PAR
0.00206613,0.00889927,0.232169,OIIa.chrY.v1.g373580.t1,OIIb.chrX.v1.g399180.t1,9777611,9778703,ChrX,otto_ChrX,9777611,9778703,PAR
0.00563829,0.030941,0.182227,OIIa.chrY.v1.g373590.t1,OIIb.chrX.v1.g399190.t1,9778885,9780061,ChrX,otto_ChrX,9778885,9780061,PAR
1.52E-05,0.015155,0.001,OIIa.chrY.v1.g373600.t1,OIIb.chrX.v1.g399200.t1,9780459,9781936,ChrX,otto_ChrX,9780459,9781936,PAR
0.00153609,0.0163532,0.0939323,OIIa.chrY.v1.g373610.t1,OIIb.chrX.v1.g399210.t1,9806629,9810065,ChrX,otto_ChrX,9806629,9810065,PAR
0.0060746,0.0184443,0.329348,OIIa.chrY.v1.g373620.t1,OIIb.chrX.v1.g399220.t1,9811336,9814942,ChrX,otto_ChrX,9811336,9814942,PAR
0.00534635,0.0253557,0.210854,OIIa.chrY.v1.g373630.t1,OIIb.chrX.v1.g399230.t1,9815515,9816571,ChrX,otto_ChrX,9815515,9816571,PAR
0.00457514,0.00674993,0.677805,OIIa.chrY.v1.g373700.t1,OIIb.chrX.v1.g399240.t1,9836111,9836799,ChrX,otto_ChrX,9836111,9836799,PAR
2.76E-06,0.00276138,0.001,OIIa.chrY.v1.g373710.t1,OIIb.chrX.v1.g399250.t1,9839583,9842214,ChrX,otto_ChrX,9839583,9842214,PAR
0.00211702,0.00565676,0.374246,OIIa.chrY.v1.g373720.t1,OIIb.chrX.v1.g399260.t1,9842603,9844117,ChrX,otto_ChrX,9842603,9844117,PAR
NA,NA,NA,OIIa.chrY.v1.g373730.t1,OIIb.chrX.v1.g399270.t1,9844603,9844818,ChrX,otto_ChrX,9844603,9844818,PAR
0.00482249,0.0171398,0.281362,OIIa.chrY.v1.g373740.t1,OIIb.chrX.v1.g399280.t1,9871613,9876701,ChrX,otto_ChrX,9871613,9876701,PAR
0.00141081,0.0202644,0.0696201,OIIa.chrY.v1.g373760.t1,OIIb.chrX.v1.g399290.t1,9882615,9886168,ChrX,otto_ChrX,9882615,9886168,PAR
NA,NA,NA,OIIa.chrY.v1.g373770.t1,OIIb.chrX.v1.g399300.t1,9888307,9889244,ChrX,otto_ChrX,9888307,9889244,PAR
0.0017613,0.00856703,0.20559,OIIa.chrY.v1.g373780.t1,OIIb.chrX.v1.g399310.t1,9889709,9890569,ChrX,otto_ChrX,9889709,9890569,PAR
0.0047429,0.0167992,0.282329,OIIa.chrY.v1.g373790.t1,OIIb.chrX.v1.g399320.t1,9894699,9897007,ChrX,otto_ChrX,9894699,9897007,PAR
0.0045903,0.0182444,0.2516,OIIa.chrY.v1.g373800.t1,OIIb.chrX.v1.g399330.t1,9914644,9915657,ChrX,otto_ChrX,9914644,9915657,PAR
0.00168679,0.0250564,0.0673198,OIIa.chrY.v1.g373810.t1,OIIb.chrX.v1.g399340.t1,9919642,9926292,ChrX,otto_ChrX,9919642,9926292,PAR
5.17E-06,0.00517271,0.001,OIIa.chrY.v1.g373820.t1,OIIb.chrX.v1.g399350.t1,9931074,9934424,ChrX,otto_ChrX,9931074,9934424,PAR
0.00253534,0.0313169,0.0809575,OIIa.chrY.v1.g373830.t1,OIIb.chrX.v1.g399360.t1,9935863,9937158,ChrX,otto_ChrX,9935863,9937158,PAR
0.00467593,0.00506003,0.924091,OIIa.chrY.v1.g373840.t1,OIIb.chrX.v1.g399380.t1,9944298,9946287,ChrX,otto_ChrX,9944298,9946287,PAR
0.000383087,0.0158577,0.0241577,OIIa.chrY.v1.g373850.t1,OIIb.chrX.v1.g399390.t1,9948080,9953195,ChrX,otto_ChrX,9948080,9953195,PAR
0.00320156,0.0171762,0.186395,OIIa.chrY.v1.g373860.t1,OIIb.chrX.v1.g399400.t1,9962088,9963722,ChrX,otto_ChrX,9962088,9963722,PAR
0.00235644,0.0252184,0.0934414,OIIa.chrY.v1.g373890.t1,OIIb.chrX.v1.g399410.t1,9972298,9974020,ChrX,otto_ChrX,9972298,9974020,PAR
0.00305356,0.0324105,0.0942151,OIIa.chrY.v1.g373900.t1,OIIb.chrX.v1.g399420.t1,9979306,9981668,ChrX,otto_ChrX,9979306,9981668,PAR
NA,NA,NA,OIIa.chrY.v1.g373920.t1,OIIb.chrX.v1.g399460.t1,10020802,10021431,ChrX,otto_ChrX,10020802,10021431,PAR
NA,NA,NA,OIIa.chrY.v1.g373930.t1,OIIb.chrX.v1.g399470.t1,10024901,10027174,ChrX,otto_ChrX,10024901,10027174,PAR
NA,NA,NA,OIIa.chrY.v1.g373940.t1,OIIb.chrX.v1.g399480.t1,10028897,10030779,ChrX,otto_ChrX,10028897,10030779,PAR
0.00316675,0.0128628,0.246194,OIIa.chrY.v1.g373950.t1,OIIb.chrX.v1.g399490.t1,10040411,10041569,ChrX,otto_ChrX,10040411,10041569,PAR
0.000588151,0.0138248,0.0425433,OIIa.chrY.v1.g373970.t1,OIIb.chrX.v1.g399520.t1,10068040,10070490,ChrX,otto_ChrX,10068040,10070490,PAR
0.00118213,0.0113896,0.10379,OIIa.chrY.v1.g373980.t1,OIIb.chrX.v1.g399530.t1,10087968,10092900,ChrX,otto_ChrX,10087968,10092900,PAR
NA,NA,NA,OIIa.chrY.v1.g373990.t1,OIIb.chrX.v1.g399540.t1,10092931,10093170,ChrX,otto_ChrX,10092931,10093170,PAR
1.70E-05,0.0169577,0.001,OIIa.chrY.v1.g374000.t1,OIIb.chrX.v1.g399550.t1,10102427,10104658,ChrX,otto_ChrX,10102427,10104658,PAR
NA,NA,NA,OIIa.chrY.v1.g374020.t1,OIIb.chrX.v1.g399570.t1,10175051,10176232,ChrX,otto_ChrX,10175051,10176232,PAR
NA,NA,NA,OIIa.chrY.v1.g374030.t1,OIIb.chrX.v1.g399580.t1,10220719,10221415,ChrX,otto_ChrX,10220719,10221415,PAR
0.00516041,0.028037,0.184057,OIIa.chrY.v1.g374050.t1,OIIb.chrX.v1.g399600.t1,10243277,10245271,ChrX,otto_ChrX,10243277,10245271,PAR
0.0129708,0.0336428,0.385545,OIIa.chrY.v1.g374070.t1,OIIb.chrX.v1.g399610.t1,10249998,10252566,ChrX,otto_ChrX,10249998,10252566,PAR
0.00876363,0.0276683,0.316739,OIIa.chrY.v1.g374090.t1,OIIb.chrX.v1.g399620.t1,10295825,10296989,ChrX,otto_ChrX,10295825,10296989,PAR
NA,NA,NA,OIIa.chrY.v1.g374100.t1,OIIb.chrX.v1.g399630.t1,10301634,10303887,ChrX,otto_ChrX,10301634,10303887,PAR
NA,NA,NA,OIIa.chrY.v1.g374110.t1,OIIb.chrX.v1.g399640.t1,10324194,10326746,ChrX,otto_ChrX,10324194,10326746,PAR
NA,NA,NA,OIIa.chrY.v1.g374120.t1,OIIb.chrX.v1.g399650.t1,10334559,10335473,ChrX,otto_ChrX,10334559,10335473,PAR
3.48E-06,0.00348332,0.001,OIIa.chrY.v1.g374130.t1,OIIb.chrX.v1.g399660.t1,10368944,10371317,ChrX,otto_ChrX,10368944,10371317,PAR
0.00351543,0.0129969,0.270481,OIIa.chrY.v1.g374140.t1,OIIb.chrX.v1.g399670.t1,10379260,10381357,ChrX,otto_ChrX,10379260,10381357,PAR
0.0128562,0.027427,0.468743,OIIa.chrY.v1.g374150.t1,OIIb.chrX.v1.g399700.t1,10423429,10423983,ChrX,otto_ChrX,10423429,10423983,PAR
0.0169403,0.0200594,0.844508,OIIa.chrY.v1.g374170.t1,OIIb.chrX.v1.g399720.t1,10437824,10438321,ChrX,otto_ChrX,10437824,10438321,PAR
0.00605892,0.0221877,0.273076,OIIa.chrY.v1.g374180.t1,OIIb.chrX.v1.g399730.t1,10442680,10443129,ChrX,otto_ChrX,10442680,10443129,PAR
0.00248503,0.0102311,0.24289,OIIa.chrY.v1.g374210.t1,OIIb.chrX.v1.g399740.t1,10465138,10465674,ChrX,otto_ChrX,10465138,10465674,PAR
NA,NA,NA,OIIa.chrY.v1.g374230.t1,OIIb.chrX.v1.g399760.t1,10515499,10517135,ChrX,otto_ChrX,10515499,10517135,PAR
0.0020148,0.0114476,0.176002,OIIa.chrY.v1.g374250.t1,OIIb.chrX.v1.g399780.t1,10554911,10558202,ChrX,otto_ChrX,10554911,10558202,PAR
5.17E-05,0.0517427,0.001,OIIa.chrY.v1.g374260.t1,OIIb.chrX.v1.g399800.t1,10600264,10600479,ChrX,otto_ChrX,10600264,10600479,PAR
0.00680684,0.045531,0.149499,OIIa.chrY.v1.g374270.t1,OIIb.chrX.v1.g399810.t1,10602439,10602967,ChrX,otto_ChrX,10602439,10602967,PAR
0.00596199,0.0185472,0.321449,OIIa.chrY.v1.g374300.t1,OIIb.chrX.v1.g399850.t1,10662635,10663998,ChrX,otto_ChrX,10662635,10663998,PAR
NA,NA,NA,OIIa.chrY.v1.g374310.t1,OIIb.chrX.v1.g399870.t1,10675812,10679191,ChrX,otto_ChrX,10675812,10679191,PAR
0.00144299,2.95E-05,48.9005,OIIa.chrY.v1.g374340.t1,OIIb.chrX.v1.g399920.t1,10745967,10747121,ChrX,otto_ChrX,10745967,10747121,PAR
0.0049602,0.0161033,0.308025,OIIa.chrY.v1.g374370.t1,OIIb.chrX.v1.g399940.t1,10808903,10817779,ChrX,otto_ChrX,10808903,10817779,PAR
0.00167733,0.0154328,0.108686,OIIa.chrY.v1.g374380.t1,OIIb.chrX.v1.g399950.t1,10824325,10827341,ChrX,otto_ChrX,10824325,10827341,PAR
0.00120028,0.0214321,0.0560038,OIIa.chrY.v1.g374390.t1,OIIb.chrX.v1.g400020.t1,10914057,10916784,ChrX,otto_ChrX,10914057,10916784,PAR
0.00918668,0.0222184,0.413472,OIIa.chrY.v1.g374420.t1,OIIb.chrX.v1.g400040.t1,10928918,10930036,ChrX,otto_ChrX,10928918,10930036,PAR
0.0193394,0.0488015,0.396287,OIIa.chrY.v1.g374430.t1,OIIb.chrX.v1.g400050.t1,10930326,10931924,ChrX,otto_ChrX,10930326,10931924,PAR
NA,NA,NA,OIIa.chrY.v1.g374440.t1,OIIb.chrX.v1.g440330.t1,85920894,85922198,ChrX,otto_ChrX,85920894,85922198,PAR
3.73E-06,0.00372727,0.001,OIIa.chrY.v1.g374450.t1,OIIb.chrX.v1.g400060.t1,10958160,10963146,ChrX,otto_ChrX,10958160,10963146,PAR
NA,NA,NA,OIIa.chrY.v1.g374460.t1,OIIb.chrX.v1.g400070.t1,10963838,10965433,ChrX,otto_ChrX,10963838,10965433,PAR
2.33E-06,0.00232708,0.001,OIIa.chrY.v1.g374470.t1,OIIb.chrX.v1.g400080.t1,10980786,10983152,ChrX,otto_ChrX,10980786,10983152,PAR
0.00589985,0.000117997,50,OIIa.chrY.v1.g374480.t1,OIIb.chrX.v1.g400100.t1,11034368,11035036,ChrX,otto_ChrX,11034368,11035036,PAR
0.011269,0.0129583,0.869638,OIIa.chrY.v1.g374500.t1,OIIb.chrX.v1.g400130.t1,11064848,11066416,ChrX,otto_ChrX,11064848,11066416,PAR
0.00144472,0.0286934,0.0503505,OIIa.chrY.v1.g374510.t1,OIIb.chrX.v1.g400170.t1,11120750,11123091,ChrX,otto_ChrX,11120750,11123091,PAR
0.0085435,0.0224787,0.380071,OIIa.chrY.v1.g374520.t1,OIIb.chrX.v1.g400180.t1,11140248,11140703,ChrX,otto_ChrX,11140248,11140703,PAR
0.0387366,0.0372673,1.03943,OIIa.chrY.v1.g374530.t1,OIIb.chrX.v1.g400190.t1,11141772,11142020,ChrX,otto_ChrX,11141772,11142020,PAR
0.00451673,0.0289452,0.156044,OIIa.chrY.v1.g374540.t1,OIIb.chrX.v1.g400210.t1,11151933,11154970,ChrX,otto_ChrX,11151933,11154970,PAR
0.0168842,0.0142427,1.18546,OIIa.chrY.v1.g374550.t1,OIIb.chrX.v1.g400230.t1,11183053,11185371,ChrX,otto_ChrX,11183053,11185371,PAR
0.00225863,0.0176899,0.12768,OIIa.chrY.v1.g374560.t1,OIIb.chrX.v1.g400240.t1,11188164,11191637,ChrX,otto_ChrX,11188164,11191637,PAR
0.00146197,0.00773303,0.189055,OIIa.chrY.v1.g374570.t1,OIIb.chrX.v1.g400250.t1,11197004,11206203,ChrX,otto_ChrX,11197004,11206203,PAR
1.51E-05,0.015075,0.001,OIIa.chrY.v1.g374580.t1,OIIb.chrX.v1.g400260.t1,11219600,11222767,ChrX,otto_ChrX,11219600,11222767,PAR
0.000845944,0.00551415,0.153413,OIIa.chrY.v1.g374620.t1,OIIb.chrX.v1.g400290.t1,11243568,11246283,ChrX,otto_ChrX,11243568,11246283,PAR
0.0118289,0.0255454,0.463055,OIIa.chrY.v1.g374630.t1,OIIb.chrX.v1.g400300.t1,11252905,11254960,ChrX,otto_ChrX,11252905,11254960,PAR
1.72E-05,0.0171512,0.001,OIIa.chrY.v1.g374640.t1,OIIb.chrX.v1.g400310.t1,11261338,11262909,ChrX,otto_ChrX,11261338,11262909,PAR
5.25E-06,0.00525274,0.001,OIIa.chrY.v1.g374670.t1,OIIb.chrX.v1.g400330.t1,11286892,11287572,ChrX,otto_ChrX,11286892,11287572,PAR
0.0221526,0.0384146,0.576672,OIIa.chrY.v1.g374680.t1,OIIb.chrX.v1.g400340.t1,11306979,11307437,ChrX,otto_ChrX,11306979,11307437,PAR
0.00477416,0.0162264,0.294222,OIIa.chrY.v1.g374690.t1,OIIb.chrX.v1.g400350.t1,11308049,11310862,ChrX,otto_ChrX,11308049,11310862,PAR
0.0018314,0.00441362,0.414944,OIIa.chrY.v1.g374700.t1,OIIb.chrX.v1.g400360.t1,11338998,11343162,ChrX,otto_ChrX,11338998,11343162,PAR
NA,NA,NA,OIIa.chrY.v1.g374710.t1,OIIb.chrX.v1.g400370.t1,11353616,11356022,ChrX,otto_ChrX,11353616,11356022,PAR
NA,NA,NA,OIIa.chrY.v1.g374720.t1,OIIb.chrX.v1.g400380.t1,11358299,11360128,ChrX,otto_ChrX,11358299,11360128,PAR
NA,NA,NA,OIIa.chrY.v1.g374740.t1,OIIb.chrX.v1.g400400.t1,11366253,11367618,ChrX,otto_ChrX,11366253,11367618,PAR
0.0048829,0.0148034,0.32985,OIIa.chrY.v1.g374750.t1,OIIb.chrX.v1.g400410.t1,11370340,11371275,ChrX,otto_ChrX,11370340,11371275,PAR
0.001979,0.0231101,0.0856337,OIIa.chrY.v1.g374760.t1,OIIb.chrX.v1.g400420.t1,11379622,11381505,ChrX,otto_ChrX,11379622,11381505,PAR
0.027866,0.0114735,2.42873,OIIa.chrY.v1.g374770.t1,OIIb.chrX.v1.g400430.t1,11381790,11382824,ChrX,otto_ChrX,11381790,11382824,PAR
0.00470549,0.0187529,0.25092,OIIa.chrY.v1.g374780.t1,OIIb.chrX.v1.g400440.t1,11386216,11391434,ChrX,otto_ChrX,11386216,11391434,PAR
0.00323032,0.0209128,0.154466,OIIa.chrY.v1.g374790.t1,OIIb.chrX.v1.g400450.t1,11393267,11395548,ChrX,otto_ChrX,11393267,11395548,PAR
0.00714547,0.0188443,0.379185,OIIa.chrY.v1.g374830.t1,OIIb.chrX.v1.g400460.t1,11403319,11404933,ChrX,otto_ChrX,11403319,11404933,PAR
8.97E-06,0.00896947,0.001,OIIa.chrY.v1.g374900.t1,OIIb.chrX.v1.g400520.t1,11473194,11473807,ChrX,otto_ChrX,11473194,11473807,PAR
0.0021929,0.00673376,0.325658,OIIa.chrY.v1.g374930.t1,OIIb.chrX.v1.g400550.t1,11477761,11480138,ChrX,otto_ChrX,11477761,11480138,PAR
0.007349,0.00680123,1.08054,OIIa.chrY.v1.g374940.t1,OIIb.chrX.v1.g400570.t1,11483919,11487446,ChrX,otto_ChrX,11483919,11487446,PAR
NA,NA,NA,OIIa.chrY.v1.g374950.t1,OIIb.chrX.v1.g400580.t1,11498237,11498620,ChrX,otto_ChrX,11498237,11498620,PAR
3.49E-05,0.0348741,0.001,OIIa.chrY.v1.g374960.t1,OIIb.chrX.v1.g400590.t1,11505082,11505513,ChrX,otto_ChrX,11505082,11505513,PAR
0.0315436,0.0305527,1.03243,OIIa.chrY.v1.g374980.t1,OIIb.chrX.v1.g400620.t1,11517500,11517811,ChrX,otto_ChrX,11517500,11517811,PAR
0.0010093,0.0204752,0.0492935,OIIa.chrY.v1.g374990.t1,OIIb.chrX.v1.g400630.t1,11528501,11538414,ChrX,otto_ChrX,11528501,11538414,PAR
1.86E-06,0.00185679,0.001,OIIa.chrY.v1.g375010.t1,OIIb.chrX.v1.g400640.t1,11549103,11553911,ChrX,otto_ChrX,11549103,11553911,PAR
0.00382212,0.0189011,0.202217,OIIa.chrY.v1.g375020.t1,OIIb.chrX.v1.g400650.t1,11555423,11565333,ChrX,otto_ChrX,11555423,11565333,PAR
0.00783294,0.0205945,0.38034,OIIa.chrY.v1.g375030.t1,OIIb.chrX.v1.g400660.t1,11565838,11573390,ChrX,otto_ChrX,11565838,11573390,PAR
0.0097641,0.000203349,48.0165,OIIa.chrY.v1.g375040.t1,OIIb.chrX.v1.g400670.t1,11584089,11584522,ChrX,otto_ChrX,11584089,11584522,PAR
0.0070818,0.0261125,0.271204,OIIa.chrY.v1.g375050.t1,OIIb.chrX.v1.g400680.t1,11585111,11593195,ChrX,otto_ChrX,11585111,11593195,PAR
NA,NA,NA,OIIa.chrY.v1.g375060.t1,OIIb.chrX.v1.g400690.t1,11595377,11597636,ChrX,otto_ChrX,11595377,11597636,PAR
NA,NA,NA,OIIa.chrY.v1.g375070.t1,OIIb.chrX.v1.g400700.t1,11634945,11635732,ChrX,otto_ChrX,11634945,11635732,PAR
6.11E-06,0.00611378,0.001,OIIa.chrY.v1.g375080.t1,OIIb.chrX.v1.g400710.t1,11648730,11650223,ChrX,otto_ChrX,11648730,11650223,PAR
0.00245171,0.0307534,0.0797216,OIIa.chrY.v1.g375090.t1,OIIb.chrX.v1.g400720.t1,11664904,11665425,ChrX,otto_ChrX,11664904,11665425,PAR
7.74E-06,0.00773952,0.001,OIIa.chrY.v1.g375100.t1,OIIb.chrX.v1.g400750.t1,11694346,11694960,ChrX,otto_ChrX,11694346,11694960,PAR
NA,NA,NA,OIIa.chrY.v1.g375110.t1,OIIb.chrX.v1.g400760.t1,11711983,11719388,ChrX,otto_ChrX,11711983,11719388,PAR
NA,NA,NA,OIIa.chrY.v1.g375120.t1,OIIb.chrX.v1.g400780.t1,11771063,11773405,ChrX,otto_ChrX,11771063,11773405,PAR
0.00463082,0.0120767,0.38345,OIIa.chrY.v1.g375150.t1,OIIb.chrX.v1.g400810.t1,11800673,11807537,ChrX,otto_ChrX,11800673,11807537,PAR
0.00671131,0.0140348,0.47819,OIIa.chrY.v1.g375160.t1,OIIb.chrX.v1.g410040.t1,25564175,25565744,ChrX,otto_ChrX,25564175,25565744,PAR
0.00222625,0.0207149,0.107471,OIIa.chrY.v1.g375180.t1,OIIb.chrX.v1.g400830.t1,11841374,11844396,ChrX,otto_ChrX,11841374,11844396,PAR
0.00148828,0.00322075,0.462092,OIIa.chrY.v1.g375190.t1,OIIb.chrX.v1.g400860.t1,11884877,11887619,ChrX,otto_ChrX,11884877,11887619,PAR
0.0077799,0.00606603,1.28254,OIIa.chrY.v1.g375200.t1,OIIb.chrX.v1.g400870.t1,11894961,11899239,ChrX,otto_ChrX,11894961,11899239,PAR
0.00481467,0.0186595,0.258028,OIIa.chrY.v1.g375210.t1,OIIb.chrX.v1.g400880.t1,11915634,11920407,ChrX,otto_ChrX,11915634,11920407,PAR
0.000367172,0.0157459,0.0233185,OIIa.chrY.v1.g375220.t1,OIIb.chrX.v1.g400910.t1,11957879,11962218,ChrX,otto_ChrX,11957879,11962218,PAR
0.00234898,4.80E-05,48.9333,OIIa.chrY.v1.g375230.t1,OIIb.chrX.v1.g400920.t1,11967337,11968431,ChrX,otto_ChrX,11967337,11968431,PAR
NA,NA,NA,OIIa.chrY.v1.g375240.t1,OIIb.chrX.v1.g400930.t1,11967439,11967828,ChrX,otto_ChrX,11967439,11967828,PAR
0.00564175,0.0219987,0.256459,OIIa.chrY.v1.g375250.t1,OIIb.chrX.v1.g400940.t1,12024986,12025453,ChrX,otto_ChrX,12024986,12025453,PAR
0.00817754,0.0192545,0.424709,OIIa.chrY.v1.g375270.t1,OIIb.chrX.v1.g400960.t1,12057439,12057987,ChrX,otto_ChrX,12057439,12057987,PAR
0.0151894,0.0129968,1.1687,OIIa.chrY.v1.g375280.t1,OIIb.chrX.v1.g400990.t1,12088905,12089474,ChrX,otto_ChrX,12088905,12089474,PAR
0.0116714,0.0430057,0.271391,OIIa.chrY.v1.g375290.t1,OIIb.chrX.v1.g401110.t1,12145735,12146551,ChrX,otto_ChrX,12145735,12146551,PAR
0.00330072,0.0243903,0.135329,OIIa.chrY.v1.g375300.t1,OIIb.chrX.v1.g401120.t1,12154334,12155737,ChrX,otto_ChrX,12154334,12155737,PAR
0.00959119,0.0267552,0.358479,OIIa.chrY.v1.g375310.t1,OIIb.chrX.v1.g401130.t1,12162975,12168265,ChrX,otto_ChrX,12162975,12168265,PAR
0.0075497,0.0158236,0.477116,OIIa.chrY.v1.g375320.t1,OIIb.chrX.v1.g401190.t1,12188029,12192639,ChrX,otto_ChrX,12188029,12192639,PAR
0.0113182,0.0322275,0.351198,OIIa.chrY.v1.g375330.t1,OIIb.chrX.v1.g401200.t1,12193586,12193843,ChrX,otto_ChrX,12193586,12193843,PAR
0.00382218,0.0611141,0.0625416,OIIa.chrY.v1.g375340.t1,OIIb.chrX.v1.g401210.t1,12253702,12254379,ChrX,otto_ChrX,12253702,12254379,PAR
NA,NA,NA,OIIa.chrY.v1.g375350.t1,OIIb.chrX.v1.g401220.t1,12255072,12255410,ChrX,otto_ChrX,12255072,12255410,PAR
1.80E-05,0.0179645,0.001,OIIa.chrY.v1.g375360.t1,OIIb.chrX.v1.g401230.t1,12270117,12270767,ChrX,otto_ChrX,12270117,12270767,PAR
0.00484254,0.0811246,0.0596926,OIIa.chrY.v1.g375370.t1,OIIb.chrX.v1.g401240.t1,12282504,12283097,ChrX,otto_ChrX,12282504,12283097,PAR
0.000806576,0.025638,0.0314602,OIIa.chrY.v1.g375380.t1,OIIb.chrX.v1.g401250.t1,12293749,12298727,ChrX,otto_ChrX,12293749,12298727,PAR
0.00343477,0.0254756,0.134826,OIIa.chrY.v1.g375400.t1,OIIb.chrX.v1.g401270.t1,12304783,12307006,ChrX,otto_ChrX,12304783,12307006,PAR
0.00254514,0.0203175,0.125268,OIIa.chrY.v1.g375420.t1,OIIb.chrX.v1.g401280.t1,12308094,12310055,ChrX,otto_ChrX,12308094,12310055,PAR
0.00909553,0.0250592,0.362961,OIIa.chrY.v1.g375430.t1,OIIb.chrX.v1.g401340.t1,12327939,12330077,ChrX,otto_ChrX,12327939,12330077,PAR
0.00582398,0.0151208,0.385165,OIIa.chrY.v1.g375440.t1,OIIb.chrX.v1.g401350.t1,12341462,12342527,ChrX,otto_ChrX,12341462,12342527,PAR
0.0130075,0.0342895,0.379342,OIIa.chrY.v1.g375450.t1,OIIb.chrX.v1.g401360.t1,12365369,12366096,ChrX,otto_ChrX,12365369,12366096,PAR
0.0158498,0.0137306,1.15434,OIIa.chrY.v1.g375510.t1,OIIb.chrX.v1.g401390.t1,12432163,12432633,ChrX,otto_ChrX,12432163,12432633,PAR
0.0028755,0.0286328,0.100427,OIIa.chrY.v1.g375520.t1,OIIb.chrX.v1.g401410.t1,12467279,12468551,ChrX,otto_ChrX,12467279,12468551,PAR
0.0063743,0.0286156,0.222756,OIIa.chrY.v1.g375530.t1,OIIb.chrX.v1.g401420.t1,12471452,12474024,ChrX,otto_ChrX,12471452,12474024,PAR
1.77E-05,0.0176659,0.001,OIIa.chrY.v1.g375550.t1,OIIb.chrX.v1.g401440.t1,12492984,12493184,ChrX,otto_ChrX,12492984,12493184,PAR
NA,NA,NA,OIIa.chrY.v1.g375560.t1,OIIb.chrX.v1.g401450.t1,12500746,12502689,ChrX,otto_ChrX,12500746,12502689,PAR
0.00304299,0.0189288,0.160759,OIIa.chrY.v1.g375570.t1,OIIb.chrX.v1.g401460.t1,12503325,12503810,ChrX,otto_ChrX,12503325,12503810,PAR
0.00825848,0.00016517,50,OIIa.chrY.v1.g375580.t1,OIIb.chrX.v1.g401470.t1,12534011,12534372,ChrX,otto_ChrX,12534011,12534372,PAR
0.0128731,0.0365175,0.352519,OIIa.chrY.v1.g375660.t1,OIIb.chrX.v1.g401480.t1,12551741,12555835,ChrX,otto_ChrX,12551741,12555835,PAR
0.006633,0.0142056,0.46693,OIIa.chrY.v1.g375670.t1,OIIb.chrX.v1.g401500.t1,12576165,12577601,ChrX,otto_ChrX,12576165,12577601,PAR
0.00128458,0.00743978,0.172663,OIIa.chrY.v1.g375680.t1,OIIb.chrX.v1.g401530.t1,12605467,12608204,ChrX,otto_ChrX,12605467,12608204,PAR
0.00208816,0.0722917,0.0288852,OIIa.chrY.v1.g375690.t1,OIIb.chrX.v1.g401540.t1,12633871,12635604,ChrX,otto_ChrX,12633871,12635604,PAR
0.0020728,0.016646,0.124522,OIIa.chrY.v1.g375710.t1,OIIb.chrX.v1.g401580.t1,12658763,12660440,ChrX,otto_ChrX,12658763,12660440,PAR
3.55E-06,0.00355336,0.001,OIIa.chrY.v1.g375730.t1,OIIb.chrX.v1.g401650.t1,12704372,12708285,ChrX,otto_ChrX,12704372,12708285,PAR
0.00424907,0.00214462,1.98127,OIIa.chrY.v1.g375760.t1,OIIb.chrX.v1.g401660.t1,12789007,12829636,ChrX,otto_ChrX,12789007,12829636,PAR
0.00059997,0.014104,0.0425389,OIIa.chrY.v1.g375770.t1,OIIb.chrX.v1.g401670.t1,12852159,12856353,ChrX,otto_ChrX,12852159,12856353,PAR
0.00948353,0.0397742,0.238434,OIIa.chrY.v1.g375780.t1,OIIb.chrX.v1.g401700.t1,12886591,12887961,ChrX,otto_ChrX,12886591,12887961,PAR
0.00565204,0.0177204,0.318956,OIIa.chrY.v1.g375790.t1,OIIb.chrX.v1.g401710.t1,12907722,12909230,ChrX,otto_ChrX,12907722,12909230,PAR
1.58E-05,0.01576,0.001,OIIa.chrY.v1.g375800.t1,OIIb.chrX.v1.g401720.t1,12944684,12946156,ChrX,otto_ChrX,12944684,12946156,PAR
NA,NA,NA,OIIa.chrY.v1.g375810.t1,OIIb.chrX.v1.g401730.t1,12952486,12953690,ChrX,otto_ChrX,12952486,12953690,PAR
NA,NA,NA,OIIa.chrY.v1.g375820.t1,OIIb.chrX.v1.g401740.t1,12953733,12953969,ChrX,otto_ChrX,12953733,12953969,PAR
0.00318071,0.0469697,0.0677182,OIIa.chrY.v1.g375830.t1,OIIb.chrX.v1.g401750.t1,12964539,12966122,ChrX,otto_ChrX,12964539,12966122,PAR
NA,NA,NA,OIIa.chrY.v1.g375860.t1,OIIb.chrX.v1.g401770.t1,12989886,12991599,ChrX,otto_ChrX,12989886,12991599,PAR
0.00263732,0.0288124,0.091534,OIIa.chrY.v1.g375870.t1,OIIb.chrX.v1.g401780.t1,12993339,12994964,ChrX,otto_ChrX,12993339,12994964,PAR
0.00757872,0.0406401,0.186484,OIIa.chrY.v1.g375880.t1,OIIb.chrX.v1.g401790.t1,12998690,13002656,ChrX,otto_ChrX,12998690,13002656,PAR
0.00415744,8.31E-05,50,OIIa.chrY.v1.g375890.t1,OIIb.chrX.v1.g401810.t1,13022382,13022870,ChrX,otto_ChrX,13022382,13022870,PAR
3.91E-05,0.0390804,0.001,OIIa.chrY.v1.g375910.t1,OIIb.chrX.v1.g401840.t1,13042904,13043452,ChrX,otto_ChrX,13042904,13043452,PAR
0.0103003,0.0434541,0.237037,OIIa.chrY.v1.g375920.t1,OIIb.chrX.v1.g401850.t1,13051153,13051650,ChrX,otto_ChrX,13051153,13051650,PAR
0.00244059,4.88E-05,50,OIIa.chrY.v1.g375930.t1,OIIb.chrX.v1.g401870.t1,13110889,13111380,ChrX,otto_ChrX,13110889,13111380,PAR
2.06E-05,0.0205567,0.001,OIIa.chrY.v1.g375980.t1,OIIb.chrX.v1.g401910.t1,13191359,13191889,ChrX,otto_ChrX,13191359,13191889,PAR
0.00256669,5.13E-05,50,OIIa.chrY.v1.g376020.t1,OIIb.chrX.v1.g401920.t1,13245841,13246356,ChrX,otto_ChrX,13245841,13246356,PAR
0.000701654,0.00954691,0.0734953,OIIa.chrY.v1.g376120.t1,OIIb.chrX.v1.g402020.t1,13305591,13307351,ChrX,otto_ChrX,13305591,13307351,PAR
0.00748783,0.00880323,0.850578,OIIa.chrY.v1.g376150.t1,OIIb.chrX.v1.g402050.t1,13328451,13331738,ChrX,otto_ChrX,13328451,13331738,PAR
0.0105739,0.0219498,0.48173,OIIa.chrY.v1.g376160.t1,OIIb.chrX.v1.g402060.t1,13332352,13335552,ChrX,otto_ChrX,13332352,13335552,PAR
0.00222672,0.0141568,0.15729,OIIa.chrY.v1.g376170.t1,OIIb.chrX.v1.g402070.t1,13337432,13343188,ChrX,otto_ChrX,13337432,13343188,PAR
0.000522157,0.0278747,0.0187323,OIIa.chrY.v1.g376180.t1,OIIb.chrX.v1.g402080.t1,13348864,13351982,ChrX,otto_ChrX,13348864,13351982,PAR
0.00135113,0.0189858,0.0711653,OIIa.chrY.v1.g376190.t1,OIIb.chrX.v1.g402160.t1,13412295,13414199,ChrX,otto_ChrX,13412295,13414199,PAR
0.00106648,0.00987969,0.107947,OIIa.chrY.v1.g376200.t1,OIIb.chrX.v1.g402170.t1,13414675,13416566,ChrX,otto_ChrX,13414675,13416566,PAR
0.00893968,0.0445702,0.200575,OIIa.chrY.v1.g376210.t1,OIIb.chrX.v1.g402180.t1,13419735,13421408,ChrX,otto_ChrX,13419735,13421408,PAR
0.00274118,0.0278852,0.0983023,OIIa.chrY.v1.g376220.t1,OIIb.chrX.v1.g402190.t1,13440548,13442429,ChrX,otto_ChrX,13440548,13442429,PAR
0.00323886,0.051178,0.0632863,OIIa.chrY.v1.g376230.t1,OIIb.chrX.v1.g402220.t1,13454929,13455321,ChrX,otto_ChrX,13454929,13455321,PAR
0.00237294,0.0140176,0.169283,OIIa.chrY.v1.g376260.t1,OIIb.chrX.v1.g402230.t1,13481093,13488086,ChrX,otto_ChrX,13481093,13488086,PAR
0.00113593,0.0146558,0.0775067,OIIa.chrY.v1.g376270.t1,OIIb.chrX.v1.g402240.t1,13511982,13515785,ChrX,otto_ChrX,13511982,13515785,PAR
0.00303549,0.03646,0.0832553,OIIa.chrY.v1.g376280.t1,OIIb.chrX.v1.g402250.t1,13524882,13529125,ChrX,otto_ChrX,13524882,13529125,PAR
0.00313665,0.0109102,0.287498,OIIa.chrY.v1.g376360.t1,OIIb.chrX.v1.g402260.t1,13547830,13552413,ChrX,otto_ChrX,13547830,13552413,PAR
0.00250429,0.0228585,0.109556,OIIa.chrY.v1.g376370.t1,OIIb.chrX.v1.g402270.t1,13558902,13560695,ChrX,otto_ChrX,13558902,13560695,PAR
0.00772714,0.0175678,0.439846,OIIa.chrY.v1.g376380.t1,OIIb.chrX.v1.g402280.t1,13563296,13567114,ChrX,otto_ChrX,13563296,13567114,PAR
0.0020602,0.0235215,0.0875881,OIIa.chrY.v1.g376390.t1,OIIb.chrX.v1.g402290.t1,13567989,13570401,ChrX,otto_ChrX,13567989,13570401,PAR
4.34E-06,0.00434356,0.001,OIIa.chrY.v1.g376430.t1,OIIb.chrX.v1.g402340.t1,13587522,13590359,ChrX,otto_ChrX,13587522,13590359,PAR
2.30E-05,0.0229512,0.001,OIIa.chrY.v1.g376460.t1,OIIb.chrX.v1.g402380.t1,13661420,13663029,ChrX,otto_ChrX,13661420,13663029,PAR
NA,NA,NA,OIIa.chrY.v1.g376470.t1,OIIb.chrX.v1.g402390.t1,13664862,13665263,ChrX,otto_ChrX,13664862,13665263,PAR
0.00337063,6.74E-05,50,OIIa.chrY.v1.g376480.t1,OIIb.chrX.v1.g402400.t1,13666281,13666709,ChrX,otto_ChrX,13666281,13666709,PAR
0.00148072,0.00854134,0.173359,OIIa.chrY.v1.g376490.t1,OIIb.chrX.v1.g402410.t1,13667363,13670234,ChrX,otto_ChrX,13667363,13670234,PAR
1.58E-05,0.0158399,0.001,OIIa.chrY.v1.g376500.t1,OIIb.chrX.v1.g402420.t1,13672568,13674478,ChrX,otto_ChrX,13672568,13674478,PAR
0.00132818,2.66E-05,50,OIIa.chrY.v1.g376510.t1,OIIb.chrX.v1.g402430.t1,13679174,13682870,ChrX,otto_ChrX,13679174,13682870,PAR
0.00169056,0.0062653,0.269828,OIIa.chrY.v1.g376530.t1,OIIb.chrX.v1.g402440.t1,13713461,13715837,ChrX,otto_ChrX,13713461,13715837,PAR
0.00149591,0.0218001,0.0686195,OIIa.chrY.v1.g376540.t1,OIIb.chrX.v1.g402450.t1,13719450,13720658,ChrX,otto_ChrX,13719450,13720658,PAR
0.00871905,0.0318166,0.274041,OIIa.chrY.v1.g376550.t1,OIIb.chrX.v1.g402460.t1,13740207,13745789,ChrX,otto_ChrX,13740207,13745789,PAR
0.00150333,0.00764766,0.196574,OIIa.chrY.v1.g376560.t1,OIIb.chrX.v1.g402500.t1,13754467,13771009,ChrX,otto_ChrX,13754467,13771009,PAR
8.32E-06,0.00832155,0.001,OIIa.chrY.v1.g376570.t1,OIIb.chrX.v1.g402510.t1,13778001,13778456,ChrX,otto_ChrX,13778001,13778456,PAR
NA,NA,NA,OIIa.chrY.v1.g376580.t1,OIIb.chrX.v1.g402540.t1,13799404,13801475,ChrX,otto_ChrX,13799404,13801475,PAR
0.00263641,0.0112251,0.234868,OIIa.chrY.v1.g376590.t1,OIIb.chrX.v1.g402550.t1,13810074,13811683,ChrX,otto_ChrX,13810074,13811683,PAR
0.00525413,0.0264171,0.198891,OIIa.chrY.v1.g376630.t1,OIIb.chrX.v1.g402580.t1,13865310,13867704,ChrX,otto_ChrX,13865310,13867704,PAR
0.00912857,0.0176831,0.516232,OIIa.chrY.v1.g376650.t1,OIIb.chrX.v1.g402590.t1,13884026,13884408,ChrX,otto_ChrX,13884026,13884408,PAR
0.00424259,0.00477793,0.887954,OIIa.chrY.v1.g376660.t1,OIIb.chrX.v1.g402600.t1,13884142,13885983,ChrX,otto_ChrX,13884142,13885983,PAR
0.00185809,0.0109468,0.169738,OIIa.chrY.v1.g376670.t1,OIIb.chrX.v1.g402610.t1,13892953,13893909,ChrX,otto_ChrX,13892953,13893909,PAR
0.00108807,0.015957,0.0681879,OIIa.chrY.v1.g376680.t1,OIIb.chrX.v1.g402620.t1,13904354,13908163,ChrX,otto_ChrX,13904354,13908163,PAR
NA,NA,NA,OIIa.chrY.v1.g376690.t1,OIIb.chrX.v1.g402630.t1,13917399,13917731,ChrX,otto_ChrX,13917399,13917731,PAR
0.00142134,0.0349723,0.0406418,OIIa.chrY.v1.g376700.t1,OIIb.chrX.v1.g402640.t1,13954592,13956607,ChrX,otto_ChrX,13954592,13956607,PAR
0.000919125,0.0185097,0.0496564,OIIa.chrY.v1.g376710.t1,OIIb.chrX.v1.g402650.t1,13975915,13979347,ChrX,otto_ChrX,13975915,13979347,PAR
0.0055727,0.000116113,47.9938,OIIa.chrY.v1.g376720.t1,OIIb.chrX.v1.g402670.t1,14010906,14012029,ChrX,otto_ChrX,14010906,14012029,PAR
3.00E-05,0.0299572,0.001,OIIa.chrY.v1.g376740.t1,OIIb.chrX.v1.g402700.t1,14075577,14077263,ChrX,otto_ChrX,14075577,14077263,PAR
0.000792278,0.0240423,0.0329535,OIIa.chrY.v1.g376760.t1,OIIb.chrX.v1.g402720.t1,14105790,14108406,ChrX,otto_ChrX,14105790,14108406,PAR
2.59E-05,0.0258689,0.001,OIIa.chrY.v1.g376840.t1,OIIb.chrX.v1.g402770.t1,14205879,14212845,ChrX,otto_ChrX,14205879,14212845,PAR
8.35E-06,0.00835419,0.001,OIIa.chrY.v1.g376860.t1,OIIb.chrX.v1.g402800.t1,14246276,14247064,ChrX,otto_ChrX,14246276,14247064,PAR
0.000588168,0.0439455,0.013384,OIIa.chrY.v1.g376870.t1,OIIb.chrX.v1.g402810.t1,14301772,14304090,ChrX,otto_ChrX,14301772,14304090,PAR
0.00532055,0.0265446,0.200438,OIIa.chrY.v1.g376880.t1,OIIb.chrX.v1.g402820.t1,14356111,14357817,ChrX,otto_ChrX,14356111,14357817,PAR
4.41E-06,0.00440885,0.001,OIIa.chrY.v1.g376930.t1,OIIb.chrX.v1.g402860.t1,14428061,14428998,ChrX,otto_ChrX,14428061,14428998,PAR
0.00158238,0.00505492,0.313037,OIIa.chrY.v1.g376940.t1,OIIb.chrX.v1.g402870.t1,14431662,14435675,ChrX,otto_ChrX,14431662,14435675,PAR
0.000767257,0.00425861,0.180166,OIIa.chrY.v1.g376960.t1,OIIb.chrX.v1.g402910.t1,14467701,14477264,ChrX,otto_ChrX,14467701,14477264,PAR
1.67E-05,0.0167144,0.001,OIIa.chrY.v1.g376970.t1,OIIb.chrX.v1.g402920.t1,14561418,14566221,ChrX,otto_ChrX,14561418,14566221,PAR
0.00215552,0.0115244,0.18704,OIIa.chrY.v1.g377020.t1,OIIb.chrX.v1.g402980.t1,14583010,14585502,ChrX,otto_ChrX,14583010,14585502,PAR
1.35E-05,0.0134754,0.001,OIIa.chrY.v1.g377030.t1,OIIb.chrX.v1.g402990.t1,14600930,14603343,ChrX,otto_ChrX,14600930,14603343,PAR
1.35E-05,0.0135384,0.001,OIIa.chrY.v1.g377040.t1,OIIb.chrX.v1.g403000.t1,14616976,14619781,ChrX,otto_ChrX,14616976,14619781,PAR
9.06E-06,0.00905794,0.001,OIIa.chrY.v1.g377090.t1,OIIb.chrX.v1.g403040.t1,14693196,14694571,ChrX,otto_ChrX,14693196,14694571,PAR
0.00264416,0.0141118,0.187372,OIIa.chrY.v1.g377100.t1,OIIb.chrX.v1.g403050.t1,14712233,14714371,ChrX,otto_ChrX,14712233,14714371,PAR
0.00223846,0.00401921,0.55694,OIIa.chrY.v1.g377110.t1,OIIb.chrX.v1.g403070.t1,14755882,14757972,ChrX,otto_ChrX,14755882,14757972,PAR
0.00303155,0.0280568,0.10805,OIIa.chrY.v1.g377140.t1,OIIb.chrX.v1.g403100.t1,14791206,14792487,ChrX,otto_ChrX,14791206,14792487,PAR
6.72E-06,0.00671607,0.001,OIIa.chrY.v1.g377150.t1,OIIb.chrX.v1.g403110.t1,14800667,14803030,ChrX,otto_ChrX,14800667,14803030,PAR
0.00668214,0.00644509,1.03678,OIIa.chrY.v1.g377160.t1,OIIb.chrX.v1.g403120.t1,14812970,14817054,ChrX,otto_ChrX,14812970,14817054,PAR
3.55E-05,0.0355433,0.001,OIIa.chrY.v1.g377170.t1,OIIb.chrX.v1.g403130.t1,14848656,14849846,ChrX,otto_ChrX,14848656,14849846,PAR
0.000911609,0.0161755,0.0563574,OIIa.chrY.v1.g377200.t1,OIIb.chrX.v1.g403170.t1,14914664,14916706,ChrX,otto_ChrX,14914664,14916706,PAR
0.00155622,0.0219288,0.0709669,OIIa.chrY.v1.g377250.t1,OIIb.chrX.v1.g403180.t1,14936963,14938978,ChrX,otto_ChrX,14936963,14938978,PAR
0.00255809,0.0157363,0.16256,OIIa.chrY.v1.g377260.t1,OIIb.chrX.v1.g403190.t1,14939476,14940263,ChrX,otto_ChrX,14939476,14940263,PAR
0.00507118,0.0109992,0.461051,OIIa.chrY.v1.g377280.t1,OIIb.chrX.v1.g403270.t1,14991442,14992341,ChrX,otto_ChrX,14991442,14992341,PAR
1.52E-05,0.0151865,0.001,OIIa.chrY.v1.g377290.t1,OIIb.chrX.v1.g403280.t1,14995698,14998077,ChrX,otto_ChrX,14995698,14998077,PAR
5.78E-06,0.00578179,0.001,OIIa.chrY.v1.g377300.t1,OIIb.chrX.v1.g403290.t1,15027427,15028788,ChrX,otto_ChrX,15027427,15028788,PAR
0.00335806,0.0144212,0.232856,OIIa.chrY.v1.g377340.t1,OIIb.chrX.v1.g403320.t1,15085459,15086654,ChrX,otto_ChrX,15085459,15086654,PAR
NA,NA,NA,OIIa.chrY.v1.g377400.t1,OIIb.chrX.v1.g403420.t1,15124464,15125089,ChrX,otto_ChrX,15124464,15125089,PAR
0.000950999,0.0177919,0.0534513,OIIa.chrY.v1.g377410.t1,OIIb.chrX.v1.g403430.t1,15154645,15158478,ChrX,otto_ChrX,15154645,15158478,PAR
1.52E-05,0.0152,0.001,OIIa.chrY.v1.g377420.t1,OIIb.chrX.v1.g403440.t1,15159731,15162861,ChrX,otto_ChrX,15159731,15162861,PAR
0.00153773,0.0176017,0.0873625,OIIa.chrY.v1.g377430.t1,OIIb.chrX.v1.g403460.t1,15177775,15179766,ChrX,otto_ChrX,15177775,15179766,PAR
2.95E-05,0.0294507,0.001,OIIa.chrY.v1.g377440.t1,OIIb.chrX.v1.g403470.t1,15219198,15223543,ChrX,otto_ChrX,15219198,15223543,PAR
0.00321313,0.0106484,0.301746,OIIa.chrY.v1.g377460.t1,OIIb.chrX.v1.g403480.t1,15259790,15261875,ChrX,otto_ChrX,15259790,15261875,PAR
0.00202434,0.0215343,0.0940053,OIIa.chrY.v1.g377500.t1,OIIb.chrX.v1.g403510.t1,15320666,15325393,ChrX,otto_ChrX,15320666,15325393,PAR
0.00161242,0.00305408,0.527955,OIIa.chrY.v1.g377510.t1,OIIb.chrX.v1.g403520.t1,15326363,15329527,ChrX,otto_ChrX,15326363,15329527,PAR
0.00223151,0.00433829,0.514375,OIIa.chrY.v1.g377550.t1,OIIb.chrX.v1.g403590.t1,15378037,15393510,ChrX,otto_ChrX,15378037,15393510,PAR
0.00447758,0.0104033,0.430399,OIIa.chrY.v1.g377570.t1,OIIb.chrX.v1.g403690.t1,15500466,15504677,ChrX,otto_ChrX,15500466,15504677,PAR
2.56E-05,0.0256193,0.001,OIIa.chrY.v1.g377600.t1,OIIb.chrX.v1.g403700.t1,15516433,15520230,ChrX,otto_ChrX,15516433,15520230,PAR
0.00434724,0.019384,0.22427,OIIa.chrY.v1.g377610.t1,OIIb.chrX.v1.g403710.t1,15529460,15532078,ChrX,otto_ChrX,15529460,15532078,PAR
4.88E-05,0.0488255,0.001,OIIa.chrY.v1.g377620.t1,OIIb.chrX.v1.g403720.t1,15533404,15534417,ChrX,otto_ChrX,15533404,15534417,PAR
0.00169051,0.0101491,0.166568,OIIa.chrY.v1.g377630.t1,OIIb.chrX.v1.g403750.t1,15598716,15606899,ChrX,otto_ChrX,15598716,15606899,PAR
0.00781838,0.00779467,1.00304,OIIa.chrY.v1.g377640.t1,OIIb.chrX.v1.g403770.t1,15647125,15649646,ChrX,otto_ChrX,15647125,15649646,PAR
0.00753558,0.0277441,0.27161,OIIa.chrY.v1.g377650.t1,OIIb.chrX.v1.g403790.t1,15675413,15677370,ChrX,otto_ChrX,15675413,15677370,PAR
1.81E-05,0.0181331,0.001,OIIa.chrY.v1.g377670.t1,OIIb.chrX.v1.g403850.t1,15734644,15735021,ChrX,otto_ChrX,15734644,15735021,PAR
0.00452828,0.0183768,0.246413,OIIa.chrY.v1.g377680.t1,OIIb.chrX.v1.g403870.t1,15767346,15768269,ChrX,otto_ChrX,15767346,15768269,PAR
0.00289994,0.0214013,0.135503,OIIa.chrY.v1.g377690.t1,OIIb.chrX.v1.g403860.t1,15762756,15764675,ChrX,otto_ChrX,15762756,15764675,PAR
0.000841919,0.00556935,0.15117,OIIa.chrY.v1.g377720.t1,OIIb.chrX.v1.g403900.t1,15786322,15803477,ChrX,otto_ChrX,15786322,15803477,PAR
0.0022918,0.0217458,0.10539,OIIa.chrY.v1.g377750.t1,OIIb.chrX.v1.g403940.t1,15816760,15820506,ChrX,otto_ChrX,15816760,15820506,PAR
0.00258081,0.0282287,0.0914253,OIIa.chrY.v1.g377760.t1,OIIb.chrX.v1.g404010.t1,15898354,15899859,ChrX,otto_ChrX,15898354,15899859,PAR
0.00476842,0.029017,0.164332,OIIa.chrY.v1.g377770.t1,OIIb.chrX.v1.g404020.t1,15915580,15922240,ChrX,otto_ChrX,15915580,15922240,PAR
0.0248029,0.0164002,1.51235,OIIa.chrY.v1.g377790.t1,OIIb.chrX.v1.g404030.t1,15920069,15920828,ChrX,otto_ChrX,15920069,15920828,PAR
0.00107332,0.0342033,0.0313807,OIIa.chrY.v1.g377800.t1,OIIb.chrX.v1.g404050.t1,15951452,15952963,ChrX,otto_ChrX,15951452,15952963,PAR
0.00269015,0.0274501,0.0980015,OIIa.chrY.v1.g377810.t1,OIIb.chrX.v1.g404060.t1,16036798,16038246,ChrX,otto_ChrX,16036798,16038246,PAR
3.35E-05,0.033512,0.001,OIIa.chrY.v1.g377830.t1,OIIb.chrX.v1.g404070.t1,16076307,16077992,ChrX,otto_ChrX,16076307,16077992,PAR
0.00154684,0.0104335,0.148257,OIIa.chrY.v1.g377840.t1,OIIb.chrX.v1.g404080.t1,16078645,16091944,ChrX,otto_ChrX,16078645,16091944,PAR
NA,NA,NA,OIIa.chrY.v1.g377860.t1,OIIb.chrX.v1.g404110.t1,16123546,16125515,ChrX,otto_ChrX,16123546,16125515,PAR
4.71E-05,0.0471204,0.001,OIIa.chrY.v1.g377870.t1,OIIb.chrX.v1.g404120.t1,16149515,16150343,ChrX,otto_ChrX,16149515,16150343,PAR
7.94E-06,0.00794313,0.001,OIIa.chrY.v1.g377890.t1,OIIb.chrX.v1.g404130.t1,16199206,16200388,ChrX,otto_ChrX,16199206,16200388,PAR
0.00310255,0.00451829,0.686664,OIIa.chrY.v1.g377900.t1,OIIb.chrX.v1.g404140.t1,16227983,16230489,ChrX,otto_ChrX,16227983,16230489,PAR
0.00204889,0.0169509,0.120872,OIIa.chrY.v1.g377910.t1,OIIb.chrX.v1.g404150.t1,16234380,16239010,ChrX,otto_ChrX,16234380,16239010,PAR
0.00303544,6.13E-05,49.5578,OIIa.chrY.v1.g378100.t1,OIIb.chrX.v1.g404260.t1,16340854,16341651,ChrX,otto_ChrX,16340854,16341651,PAR
0.000662565,0.013509,0.0490463,OIIa.chrY.v1.g378130.t1,OIIb.chrX.v1.g404270.t1,16345748,16350545,ChrX,otto_ChrX,16345748,16350545,PAR
0.000831154,0.0189918,0.0437639,OIIa.chrY.v1.g378160.t1,OIIb.chrX.v1.g404280.t1,16386753,16389122,ChrX,otto_ChrX,16386753,16389122,PAR
1.54E-05,0.0153705,0.001,OIIa.chrY.v1.g378170.t1,OIIb.chrX.v1.g404290.t1,16389668,16397262,ChrX,otto_ChrX,16389668,16397262,PAR
0.00541292,0.0197046,0.274704,OIIa.chrY.v1.g378180.t1,OIIb.chrX.v1.g404300.t1,16403497,16430344,ChrX,otto_ChrX,16403497,16430344,PAR
0.000563415,1.13E-05,50,OIIa.chrY.v1.g378200.t1,OIIb.chrX.v1.g404340.t1,16458165,16470399,ChrX,otto_ChrX,16458165,16470399,PAR
1.10E-05,0.0110014,0.001,OIIa.chrY.v1.g378210.t1,OIIb.chrX.v1.g404350.t1,16482948,16484093,ChrX,otto_ChrX,16482948,16484093,PAR
2.43E-05,0.0243408,0.001,OIIa.chrY.v1.g378230.t1,OIIb.chrX.v1.g404370.t1,16512394,16515007,ChrX,otto_ChrX,16512394,16515007,PAR
0.00669618,0.0391929,0.170852,OIIa.chrY.v1.g378290.t1,OIIb.chrX.v1.g404420.t1,16653893,16656031,ChrX,otto_ChrX,16653893,16656031,PAR
0.000194859,0.000718678,0.271136,OIIa.chrY.v1.g378300.t1,OIIb.chrX.v1.g404430.t1,16672823,16689846,ChrX,otto_ChrX,16672823,16689846,PAR
0.00529701,0.0265073,0.199832,OIIa.chrY.v1.g378320.t1,OIIb.chrX.v1.g404440.t1,16737207,16741254,ChrX,otto_ChrX,16737207,16741254,PAR
0.00215518,0.0382379,0.0563626,OIIa.chrY.v1.g378360.t1,OIIb.chrX.v1.g404450.t1,16773079,16775434,ChrX,otto_ChrX,16773079,16775434,PAR
0.00224854,0.0255527,0.0879961,OIIa.chrY.v1.g378370.t1,OIIb.chrX.v1.g404460.t1,16780772,16786217,ChrX,otto_ChrX,16780772,16786217,PAR
4.34E-06,0.00433657,0.001,OIIa.chrY.v1.g378400.t1,OIIb.chrX.v1.g404470.t1,16789530,16792282,ChrX,otto_ChrX,16789530,16792282,PAR
0.00205214,0.0374905,0.0547377,OIIa.chrY.v1.g378420.t1,OIIb.chrX.v1.g404480.t1,16813025,16815424,ChrX,otto_ChrX,16813025,16815424,PAR
NA,NA,NA,OIIa.chrY.v1.g378430.t1,OIIb.chrX.v1.g404490.t1,16819155,16821041,ChrX,otto_ChrX,16819155,16821041,PAR
0.0035067,0.0118328,0.296353,OIIa.chrY.v1.g378440.t1,OIIb.chrX.v1.g404510.t1,16830107,16831506,ChrX,otto_ChrX,16830107,16831506,PAR
0.00243708,0.0434776,0.0560537,OIIa.chrY.v1.g378450.t1,OIIb.chrX.v1.g404530.t1,16857648,16859375,ChrX,otto_ChrX,16857648,16859375,PAR
NA,NA,NA,OIIa.chrY.v1.g378470.t1,OIIb.chrX.v1.g404580.t1,16886350,16889059,ChrX,otto_ChrX,16886350,16889059,PAR
NA,NA,NA,OIIa.chrY.v1.g378480.t1,OIIb.chrX.v1.g404590.t1,16889725,16890432,ChrX,otto_ChrX,16889725,16890432,PAR
NA,NA,NA,OIIa.chrY.v1.g378510.t1,OIIb.chrX.v1.g404620.t1,16925544,16926483,ChrX,otto_ChrX,16925544,16926483,PAR
NA,NA,NA,OIIa.chrY.v1.g378520.t1,OIIb.chrX.v1.g404630.t1,16943314,16943982,ChrX,otto_ChrX,16943314,16943982,PAR
NA,NA,NA,OIIa.chrY.v1.g378550.t1,OIIb.chrX.v1.g404650.t1,16960137,16964137,ChrX,otto_ChrX,16960137,16964137,PAR
NA,NA,NA,OIIa.chrY.v1.g378560.t1,OIIb.chrX.v1.g404660.t1,16969726,16970349,ChrX,otto_ChrX,16969726,16970349,PAR
NA,NA,NA,OIIa.chrY.v1.g378570.t1,OIIb.chrX.v1.g404670.t1,16971844,16972221,ChrX,otto_ChrX,16971844,16972221,PAR
NA,NA,NA,OIIa.chrY.v1.g378580.t1,OIIb.chrX.v1.g404680.t1,17005109,17005756,ChrX,otto_ChrX,17005109,17005756,PAR
NA,NA,NA,OIIa.chrY.v1.g378590.t1,OIIb.chrX.v1.g405620.t1,18051631,18052008,ChrX,otto_ChrX,18051631,18052008,PAR
NA,NA,NA,OIIa.chrY.v1.g378600.t1,OIIb.chrX.v1.g405610.t1,18046824,18047540,ChrX,otto_ChrX,18046824,18047540,PAR
NA,NA,NA,OIIa.chrY.v1.g378610.t1,OIIb.chrX.v1.g405600.t1,18044922,18045299,ChrX,otto_ChrX,18044922,18045299,PAR
0.00863394,0.0125529,0.687805,OIIa.chrY.v1.g378620.t1,OIIb.chrX.v1.g405590.t1,18042074,18042709,ChrX,otto_ChrX,18042074,18042709,PAR
3.67E-06,0.00366556,0.001,OIIa.chrY.v1.g378630.t1,OIIb.chrX.v1.g405580.t1,18033306,18036812,ChrX,otto_ChrX,18033306,18036812,PAR
0.00616595,0.0158972,0.387864,OIIa.chrY.v1.g378640.t1,OIIb.chrX.v1.g405570.t1,18017187,18020310,ChrX,otto_ChrX,18017187,18020310,PAR
2.05E-05,0.0204748,0.001,OIIa.chrY.v1.g378650.t1,OIIb.chrX.v1.g405560.t1,17995504,17999747,ChrX,otto_ChrX,17995504,17999747,PAR
0.001953,0.0139469,0.140031,OIIa.chrY.v1.g378660.t1,OIIb.chrX.v1.g405550.t1,17990865,17993266,ChrX,otto_ChrX,17990865,17993266,PAR
0.00149205,0.0371289,0.0401856,OIIa.chrY.v1.g378700.t1,OIIb.chrX.v1.g405540.t1,17983039,17988960,ChrX,otto_ChrX,17983039,17988960,PAR
0.000885852,0.0119333,0.0742336,OIIa.chrY.v1.g378720.t1,OIIb.chrX.v1.g405530.t1,17961639,17967072,ChrX,otto_ChrX,17961639,17967072,PAR
0.00803891,0.0503594,0.159631,OIIa.chrY.v1.g378730.t1,OIIb.chrX.v1.g405520.t1,17955822,17959443,ChrX,otto_ChrX,17955822,17959443,PAR
0.00355217,0.0183677,0.193392,OIIa.chrY.v1.g378740.t1,OIIb.chrX.v1.g405510.t1,17943259,17945104,ChrX,otto_ChrX,17943259,17945104,PAR
0.00811372,0.0225569,0.3597,OIIa.chrY.v1.g378750.t1,OIIb.chrX.v1.g405500.t1,17938314,17940514,ChrX,otto_ChrX,17938314,17940514,PAR
0.00195152,0.0203146,0.0960647,OIIa.chrY.v1.g379220.t1,OIIb.chrX.v1.g405450.t1,17845000,17847112,ChrX,otto_ChrX,17845000,17847112,PAR
0.00715062,0.0534845,0.133695,OIIa.chrY.v1.g379230.t1,OIIb.chrX.v1.g405440.t1,17842685,17843026,ChrX,otto_ChrX,17842685,17843026,PAR
0.00106503,0.0124451,0.085578,OIIa.chrY.v1.g379240.t1,OIIb.chrX.v1.g405430.t1,17835547,17841632,ChrX,otto_ChrX,17835547,17841632,PAR
0.000818179,0.0156547,0.0522642,OIIa.chrY.v1.g379250.t1,OIIb.chrX.v1.g405410.t1,17805172,17811072,ChrX,otto_ChrX,17805172,17811072,PAR
0.00227417,0.00820431,0.277192,OIIa.chrY.v1.g379260.t1,OIIb.chrX.v1.g405380.t1,17774142,17774705,ChrX,otto_ChrX,17774142,17774705,PAR
0.00220031,0.00874953,0.251477,OIIa.chrY.v1.g379270.t1,OIIb.chrX.v1.g405370.t1,17767955,17770683,ChrX,otto_ChrX,17767955,17770683,PAR
0.00911895,0.0132481,0.688323,OIIa.chrY.v1.g379280.t1,OIIb.chrX.v1.g405360.t1,17760021,17762505,ChrX,otto_ChrX,17760021,17762505,PAR
0.00631794,0.029853,0.211635,OIIa.chrY.v1.g379290.t1,OIIb.chrX.v1.g405350.t1,17751290,17752156,ChrX,otto_ChrX,17751290,17752156,PAR
5.14E-06,0.00514433,0.001,OIIa.chrY.v1.g379300.t1,OIIb.chrX.v1.g405340.t1,17739795,17743013,ChrX,otto_ChrX,17739795,17743013,PAR
0.00160893,0.0345398,0.0465819,OIIa.chrY.v1.g379310.t1,OIIb.chrX.v1.g405320.t1,17722722,17723564,ChrX,otto_ChrX,17722722,17723564,PAR
0.00884316,0.0302191,0.292635,OIIa.chrY.v1.g379320.t1,OIIb.chrX.v1.g405310.t1,17712376,17714918,ChrX,otto_ChrX,17712376,17714918,PAR
0.0026799,0.0205005,0.130723,OIIa.chrY.v1.g379330.t1,OIIb.chrX.v1.g405300.t1,17710477,17711820,ChrX,otto_ChrX,17710477,17711820,PAR
0.00349523,0.0209284,0.167009,OIIa.chrY.v1.g379340.t1,OIIb.chrX.v1.g405290.t1,17703036,17704543,ChrX,otto_ChrX,17703036,17704543,PAR
0.00955521,0.0228792,0.417637,OIIa.chrY.v1.g379350.t1,OIIb.chrX.v1.g405280.t1,17697710,17700968,ChrX,otto_ChrX,17697710,17700968,PAR
0.00112704,0.0102448,0.110011,OIIa.chrY.v1.g379360.t1,OIIb.chrX.v1.g405270.t1,17690717,17694739,ChrX,otto_ChrX,17690717,17694739,PAR
0.0104553,0.0467385,0.223697,OIIa.chrY.v1.g379370.t1,OIIb.chrX.v1.g405260.t1,17637710,17639751,ChrX,otto_ChrX,17637710,17639751,PAR
0.00134677,0.0117631,0.114491,OIIa.chrY.v1.g379400.t1,OIIb.chrX.v1.g405210.t1,17573128,17575040,ChrX,otto_ChrX,17573128,17575040,PAR
0.00556133,0.010055,0.553092,OIIa.chrY.v1.g379410.t1,OIIb.chrX.v1.g405200.t1,17558114,17558593,ChrX,otto_ChrX,17558114,17558593,PAR
0.00138968,0.0262498,0.0529408,OIIa.chrY.v1.g379420.t1,OIIb.chrX.v1.g405180.t1,17522610,17524139,ChrX,otto_ChrX,17522610,17524139,PAR
NA,NA,NA,OIIa.chrY.v1.g379440.t1,OIIb.chrX.v1.g405160.t1,17511411,17516481,ChrX,otto_ChrX,17511411,17516481,PAR
0.00080169,0.0202907,0.0395102,OIIa.chrY.v1.g379470.t1,OIIb.chrX.v1.g405100.t1,17443170,17447465,ChrX,otto_ChrX,17443170,17447465,PAR
0.00300225,0.0350285,0.0857088,OIIa.chrY.v1.g379480.t1,OIIb.chrX.v1.g405090.t1,17439751,17442033,ChrX,otto_ChrX,17439751,17442033,PAR
0.00537664,0.0244305,0.220078,OIIa.chrY.v1.g379490.t1,OIIb.chrX.v1.g405080.t1,17415838,17419391,ChrX,otto_ChrX,17415838,17419391,PAR
NA,NA,NA,OIIa.chrY.v1.g379500.t1,OIIb.chrX.v1.g405070.t1,17404347,17408138,ChrX,otto_ChrX,17404347,17408138,PAR
0.0018006,3.78E-05,47.6871,OIIa.chrY.v1.g379510.t1,OIIb.chrX.v1.g405060.t1,17402014,17402676,ChrX,otto_ChrX,17402014,17402676,PAR
0.00201823,0.0274322,0.0735715,OIIa.chrY.v1.g379520.t1,OIIb.chrX.v1.g405050.t1,17394957,17396675,ChrX,otto_ChrX,17394957,17396675,PAR
6.67E-06,0.0066676,0.001,OIIa.chrY.v1.g379530.t1,OIIb.chrX.v1.g405040.t1,17386058,17388872,ChrX,otto_ChrX,17386058,17388872,PAR
3.64E-06,0.00363731,0.001,OIIa.chrY.v1.g379540.t1,OIIb.chrX.v1.g405030.t1,17382175,17385419,ChrX,otto_ChrX,17382175,17385419,PAR
0.00163314,0.00514989,0.317122,OIIa.chrY.v1.g379570.t1,OIIb.chrX.v1.g405000.t1,17360959,17366230,ChrX,otto_ChrX,17360959,17366230,PAR
0.0113897,0.0184,0.619008,OIIa.chrY.v1.g379580.t1,OIIb.chrX.v1.g404980.t1,17320636,17321163,ChrX,otto_ChrX,17320636,17321163,PAR
0.000591417,0.0296504,0.0199464,OIIa.chrY.v1.g379590.t1,OIIb.chrX.v1.g404970.t1,17315140,17319518,ChrX,otto_ChrX,17315140,17319518,PAR
0.00260836,0.0365708,0.0713235,OIIa.chrY.v1.g379600.t1,OIIb.chrX.v1.g404960.t1,17309036,17312786,ChrX,otto_ChrX,17309036,17312786,PAR
1.90E-05,0.0189634,0.001,OIIa.chrY.v1.g379610.t1,OIIb.chrX.v1.g404920.t1,17273752,17275332,ChrX,otto_ChrX,17273752,17275332,PAR
2.69E-06,0.00268556,0.001,OIIa.chrY.v1.g379630.t1,OIIb.chrX.v1.g404880.t1,17225958,17228136,ChrX,otto_ChrX,17225958,17228136,PAR
0.000450043,0.00171733,0.262061,OIIa.chrY.v1.g379640.t1,OIIb.chrX.v1.g404870.t1,17215388,17221705,ChrX,otto_ChrX,17215388,17221705,PAR
2.83E-05,0.0282867,0.001,OIIa.chrY.v1.g379650.t1,OIIb.chrX.v1.g404860.t1,17210492,17210932,ChrX,otto_ChrX,17210492,17210932,PAR
0.00596615,0.00431525,1.38257,OIIa.chrY.v1.g379690.t1,OIIb.chrX.v1.g404810.t1,17132900,17135935,ChrX,otto_ChrX,17132900,17135935,PAR
0.0102102,0.00628012,1.62579,OIIa.chrY.v1.g379770.t1,OIIb.chrX.v1.g404780.t1,17120462,17121016,ChrX,otto_ChrX,17120462,17121016,PAR
NA,NA,NA,OIIa.chrY.v1.g379820.t1,OIIb.chrX.v1.g405710.t1,18259371,18259592,ChrX,otto_ChrX,18259371,18259592,PAR
0.0110929,0.0367845,0.301565,OIIa.chrY.v1.g379850.t1,OIIb.chrX.v1.g405720.t1,18286011,18288413,ChrX,otto_ChrX,18286011,18288413,PAR
0.0268148,0.07798,0.343868,OIIa.chrY.v1.g379860.t1,OIIb.chrX.v1.g405740.t1,18293213,18293473,ChrX,otto_ChrX,18293213,18293473,PAR
0.00158128,0.00146473,1.07957,OIIa.chrY.v1.g379930.t1,OIIb.chrX.v1.g405810.t1,18363917,18368729,ChrX,otto_ChrX,18363917,18368729,PAR
NA,NA,NA,OIIa.chrY.v1.g379940.t1,OIIb.chrX.v1.g405820.t1,18368971,18370274,ChrX,otto_ChrX,18368971,18370274,PAR
0.00208475,0.0108882,0.191468,OIIa.chrY.v1.g379950.t1,OIIb.chrX.v1.g405840.t1,18384743,18386467,ChrX,otto_ChrX,18384743,18386467,PAR
0.0010985,0.00504755,0.217631,OIIa.chrY.v1.g379960.t1,OIIb.chrX.v1.g405850.t1,18387451,18389588,ChrX,otto_ChrX,18387451,18389588,PAR
0.00119237,0.032036,0.0372196,OIIa.chrY.v1.g379970.t1,OIIb.chrX.v1.g405860.t1,18421447,18424153,ChrX,otto_ChrX,18421447,18424153,PAR
5.49E-06,0.00549389,0.001,OIIa.chrY.v1.g379980.t1,OIIb.chrX.v1.g405870.t1,18444406,18446044,ChrX,otto_ChrX,18444406,18446044,PAR
0.00233508,0.032986,0.07079,OIIa.chrY.v1.g379990.t1,OIIb.chrX.v1.g405880.t1,18456881,18460370,ChrX,otto_ChrX,18456881,18460370,PAR
1.87E-05,0.0186829,0.001,OIIa.chrY.v1.g380000.t1,OIIb.chrX.v1.g405890.t1,18465482,18469132,ChrX,otto_ChrX,18465482,18469132,PAR
0.00335078,0.00399324,0.839114,OIIa.chrY.v1.g380040.t1,OIIb.chrX.v1.g405910.t1,18541768,18542925,ChrX,otto_ChrX,18541768,18542925,PAR
1.87E-05,0.018745,0.001,OIIa.chrY.v1.g380070.t1,OIIb.chrX.v1.g405950.t1,18627399,18630689,ChrX,otto_ChrX,18627399,18630689,PAR
0.00775042,0.0121319,0.638845,OIIa.chrY.v1.g380080.t1,OIIb.chrX.v1.g405960.t1,18632848,18637718,ChrX,otto_ChrX,18632848,18637718,PAR
0.0269239,0.0209212,1.28692,OIIa.chrY.v1.g380090.t1,OIIb.chrX.v1.g405980.t1,18641710,18642259,ChrX,otto_ChrX,18641710,18642259,PAR
8.97E-06,0.00896747,0.001,OIIa.chrY.v1.g380110.t1,OIIb.chrX.v1.g406000.t1,18691786,18692172,ChrX,otto_ChrX,18691786,18692172,PAR
0.00846955,0.0229745,0.368649,OIIa.chrY.v1.g380150.t1,OIIb.chrX.v1.g406010.t1,18749081,18752682,ChrX,otto_ChrX,18749081,18752682,PAR
0.00346078,0.0124871,0.277149,OIIa.chrY.v1.g380160.t1,OIIb.chrX.v1.g406020.t1,18769455,18772409,ChrX,otto_ChrX,18769455,18772409,PAR
0.00224149,0.0399087,0.0561654,OIIa.chrY.v1.g380170.t1,OIIb.chrX.v1.g406030.t1,18788383,18791626,ChrX,otto_ChrX,18788383,18791626,PAR
9.91E-06,0.0099111,0.001,OIIa.chrY.v1.g380180.t1,OIIb.chrX.v1.g406040.t1,18793290,18795915,ChrX,otto_ChrX,18793290,18795915,PAR
0.0020856,0.0129144,0.161494,OIIa.chrY.v1.g380190.t1,OIIb.chrX.v1.g406050.t1,18796826,18799304,ChrX,otto_ChrX,18796826,18799304,PAR
0.00273239,0.00182477,1.49739,OIIa.chrY.v1.g380200.t1,OIIb.chrX.v1.g406060.t1,18803688,18808112,ChrX,otto_ChrX,18803688,18808112,PAR
1.47E-05,0.0146572,0.001,OIIa.chrY.v1.g380220.t1,OIIb.chrX.v1.g406100.t1,18876769,18881158,ChrX,otto_ChrX,18876769,18881158,PAR
0.000521919,0.00857354,0.0608756,OIIa.chrY.v1.g380230.t1,OIIb.chrX.v1.g406110.t1,18895530,18901870,ChrX,otto_ChrX,18895530,18901870,PAR
1.54E-05,0.0154071,0.001,OIIa.chrY.v1.g380240.t1,OIIb.chrX.v1.g406120.t1,18902600,18905106,ChrX,otto_ChrX,18902600,18905106,PAR
5.01E-05,0.0500503,0.001,OIIa.chrY.v1.g380260.t1,OIIb.chrX.v1.g406140.t1,18909366,18909707,ChrX,otto_ChrX,18909366,18909707,PAR
0.00189058,0.02567,0.0736495,OIIa.chrY.v1.g380270.t1,OIIb.chrX.v1.g406150.t1,18910351,18911837,ChrX,otto_ChrX,18910351,18911837,PAR
0.000965201,0.00842324,0.114588,OIIa.chrY.v1.g380280.t1,OIIb.chrX.v1.g406160.t1,18918811,18928479,ChrX,otto_ChrX,18918811,18928479,PAR
NA,NA,NA,OIIa.chrY.v1.g380290.t1,OIIb.chrX.v1.g406170.t1,18937347,18943004,ChrX,otto_ChrX,18937347,18943004,PAR
0.000709255,0.00315118,0.225076,OIIa.chrY.v1.g380300.t1,OIIb.chrX.v1.g406180.t1,18962447,18976015,ChrX,otto_ChrX,18962447,18976015,PAR
0.00431373,0.0593163,0.0727242,OIIa.chrY.v1.g380310.t1,OIIb.chrX.v1.g406190.t1,18979135,18979861,ChrX,otto_ChrX,18979135,18979861,PAR
1.84E-05,0.0183728,0.001,OIIa.chrY.v1.g380320.t1,OIIb.chrX.v1.g406200.t1,18991277,18994923,ChrX,otto_ChrX,18991277,18994923,PAR
0.0111031,0.0352871,0.314651,OIIa.chrY.v1.g380330.t1,OIIb.chrX.v1.g406210.t2,19024578,19027709,ChrX,otto_ChrX,19024578,19027709,PAR
1.01E-05,0.0101291,0.001,OIIa.chrY.v1.g380340.t1,OIIb.chrX.v1.g406220.t1,19043054,19046691,ChrX,otto_ChrX,19043054,19046691,PAR
7.63E-06,0.00762788,0.001,OIIa.chrY.v1.g380370.t1,OIIb.chrX.v1.g406240.t1,19070353,19075732,ChrX,otto_ChrX,19070353,19075732,PAR
0.0057365,0.060075,0.095489,OIIa.chrY.v1.g380380.t1,OIIb.chrX.v1.g406250.t1,19078675,19080740,ChrX,otto_ChrX,19078675,19080740,PAR
0.00407095,0.0391769,0.103912,OIIa.chrY.v1.g380390.t1,OIIb.chrX.v1.g406260.t1,19084318,19086380,ChrX,otto_ChrX,19084318,19086380,PAR
0.00202185,0.0609641,0.0331645,OIIa.chrY.v1.g380410.t1,OIIb.chrX.v1.g406270.t1,19095302,19098245,ChrX,otto_ChrX,19095302,19098245,PAR
9.62E-06,0.00962139,0.001,OIIa.chrY.v1.g380420.t1,OIIb.chrX.v1.g406280.t1,19105301,19108506,ChrX,otto_ChrX,19105301,19108506,PAR
2.98E-05,0.0297684,0.001,OIIa.chrY.v1.g380430.t1,OIIb.chrX.v1.g406290.t1,19110129,19110584,ChrX,otto_ChrX,19110129,19110584,PAR
NA,NA,NA,OIIa.chrY.v1.g380440.t1,OIIb.chrX.v1.g406300.t1,19117848,19118342,ChrX,otto_ChrX,19117848,19118342,PAR
1.20E-05,0.0120476,0.001,OIIa.chrY.v1.g380450.t1,OIIb.chrX.v1.g406330.t1,19157200,19160097,ChrX,otto_ChrX,19157200,19160097,PAR
0.00308672,0.0310188,0.0995112,OIIa.chrY.v1.g380460.t1,OIIb.chrX.v1.g406340.t1,19163442,19166462,ChrX,otto_ChrX,19163442,19166462,PAR
0.00926627,0.0229233,0.404229,OIIa.chrY.v1.g380470.t1,OIIb.chrX.v1.g406350.t1,19167975,19170587,ChrX,otto_ChrX,19167975,19170587,PAR
0.00219131,0.0205283,0.106746,OIIa.chrY.v1.g380480.t1,OIIb.chrX.v1.g406360.t1,19197123,19205364,ChrX,otto_ChrX,19197123,19205364,PAR
0.00285225,0.00945923,0.30153,OIIa.chrY.v1.g380490.t1,OIIb.chrX.v1.g406370.t1,19206889,19210515,ChrX,otto_ChrX,19206889,19210515,PAR
0.00351006,0.0120994,0.290102,OIIa.chrY.v1.g380510.t1,OIIb.chrX.v1.g406380.t1,19257961,19262148,ChrX,otto_ChrX,19257961,19262148,PAR
0.00176742,0.0214596,0.0823601,OIIa.chrY.v1.g380520.t1,OIIb.chrX.v1.g406390.t1,19262351,19263706,ChrX,otto_ChrX,19262351,19263706,PAR
0.00455254,0.0108185,0.420811,OIIa.chrY.v1.g380530.t1,OIIb.chrX.v1.g406400.t1,19287940,19288707,ChrX,otto_ChrX,19287940,19288707,PAR
0.000784423,0.027954,0.0280612,OIIa.chrY.v1.g380540.t1,OIIb.chrX.v1.g406430.t1,19342722,19347756,ChrX,otto_ChrX,19342722,19347756,PAR
0.0017542,0.026813,0.0654233,OIIa.chrY.v1.g380570.t1,OIIb.chrX.v1.g406440.t1,19371421,19377445,ChrX,otto_ChrX,19371421,19377445,PAR
0.00346308,0.0336115,0.103033,OIIa.chrY.v1.g380580.t1,OIIb.chrX.v1.g406450.t1,19380740,19382936,ChrX,otto_ChrX,19380740,19382936,PAR
0.00113763,0.00353525,0.321796,OIIa.chrY.v1.g380590.t1,OIIb.chrX.v1.g406460.t1,19400172,19402733,ChrX,otto_ChrX,19400172,19402733,PAR
0.00737821,0.0120026,0.614717,OIIa.chrY.v1.g380600.t1,OIIb.chrX.v1.g406470.t1,19410003,19410227,ChrX,otto_ChrX,19410003,19410227,PAR
0.00546039,0.000121595,44.9064,OIIa.chrY.v1.g380610.t1,OIIb.chrX.v1.g406480.t1,19420751,19422720,ChrX,otto_ChrX,19420751,19422720,PAR
0.00339616,0.0399184,0.0850776,OIIa.chrY.v1.g380620.t1,OIIb.chrX.v1.g406490.t1,19424999,19426222,ChrX,otto_ChrX,19424999,19426222,PAR
0.0116958,0.0144993,0.806646,OIIa.chrY.v1.g380630.t1,OIIb.chrX.v1.g406500.t1,19429582,19430949,ChrX,otto_ChrX,19429582,19430949,PAR
0.00130668,0.00141984,0.920306,OIIa.chrY.v1.g380640.t1,OIIb.chrX.v1.g406520.t1,19465515,19469597,ChrX,otto_ChrX,19465515,19469597,PAR
0.00153483,0.021692,0.0707556,OIIa.chrY.v1.g380650.t1,OIIb.chrX.v1.g406530.t1,19500104,19504353,ChrX,otto_ChrX,19500104,19504353,PAR
0.00412649,0.0151598,0.272199,OIIa.chrY.v1.g380680.t1,OIIb.chrX.v1.g406550.t1,19574642,19576075,ChrX,otto_ChrX,19574642,19576075,PAR
0.000451151,0.0431562,0.0104539,OIIa.chrY.v1.g380700.t1,OIIb.chrX.v1.g406560.t1,19599352,19605873,ChrX,otto_ChrX,19599352,19605873,PAR
0.00259146,0.0526947,0.0491788,OIIa.chrY.v1.g380710.t1,OIIb.chrX.v1.g406570.t1,19608426,19615032,ChrX,otto_ChrX,19608426,19615032,PAR
0.00464645,0.0199399,0.233022,OIIa.chrY.v1.g380770.t1,OIIb.chrX.v1.g406700.t1,19724077,19727669,ChrX,otto_ChrX,19724077,19727669,PAR
0.00486422,0.0145204,0.334992,OIIa.chrY.v1.g380780.t1,OIIb.chrX.v1.g406710.t1,19735517,19741802,ChrX,otto_ChrX,19735517,19741802,PAR
0.00373731,0.00413902,0.902945,OIIa.chrY.v1.g380800.t1,OIIb.chrX.v1.g406720.t1,19770463,19777125,ChrX,otto_ChrX,19770463,19777125,PAR
0.00290233,0.010275,0.282466,OIIa.chrY.v1.g380810.t1,OIIb.chrX.v1.g406730.t1,19792052,19797617,ChrX,otto_ChrX,19792052,19797617,PAR
NA,NA,NA,OIIa.chrY.v1.g380820.t1,OIIb.chrX.v1.g406740.t1,19825337,19831688,ChrX,otto_ChrX,19825337,19831688,PAR
0.00157009,0.00255507,0.6145,OIIa.chrY.v1.g380830.t1,OIIb.chrX.v1.g406750.t1,19856957,19862160,ChrX,otto_ChrX,19856957,19862160,PAR
NA,NA,NA,OIIa.chrY.v1.g380840.t1,OIIb.chrX.v1.g406760.t1,19878621,19881093,ChrX,otto_ChrX,19878621,19881093,PAR
NA,NA,NA,OIIa.chrY.v1.g380850.t1,OIIb.chrX.v1.g406770.t1,19882455,19886149,ChrX,otto_ChrX,19882455,19886149,PAR
NA,NA,NA,OIIa.chrY.v1.g380860.t1,OIIb.chrX.v1.g406780.t1,19972414,19972905,ChrX,otto_ChrX,19972414,19972905,PAR
1.87E-05,0.0187299,0.001,OIIa.chrY.v1.g380870.t1,OIIb.chrX.v1.g406790.t1,19996372,19997470,ChrX,otto_ChrX,19996372,19997470,PAR
NA,NA,NA,OIIa.chrY.v1.g380880.t1,OIIb.chrX.v1.g406800.t1,20002930,20005814,ChrX,otto_ChrX,20002930,20005814,PAR
0.00169691,0.0453523,0.0374161,OIIa.chrY.v1.g380890.t1,OIIb.chrX.v1.g406810.t1,20013312,20019345,ChrX,otto_ChrX,20013312,20019345,PAR
1.41E-05,0.0141411,0.001,OIIa.chrY.v1.g380900.t1,OIIb.chrX.v1.g406820.t1,20047511,20048422,ChrX,otto_ChrX,20047511,20048422,PAR
0.0019501,0.0373819,0.052167,OIIa.chrY.v1.g380930.t1,OIIb.chrX.v1.g406830.t1,20060512,20066234,ChrX,otto_ChrX,20060512,20066234,PAR
3.62E-05,0.0362093,0.001,OIIa.chrY.v1.g380940.t1,OIIb.chrX.v1.g406840.t1,20089445,20093046,ChrX,otto_ChrX,20089445,20093046,PAR
0.00535285,0.0119192,0.449094,OIIa.chrY.v1.g380950.t1,OIIb.chrX.v1.g406850.t1,20094070,20096259,ChrX,otto_ChrX,20094070,20096259,PAR
0.00307501,0.0193116,0.159232,OIIa.chrY.v1.g380970.t1,OIIb.chrX.v1.g406900.t1,20115043,20123671,ChrX,otto_ChrX,20115043,20123671,PAR
3.54E-06,0.0035404,0.001,OIIa.chrY.v1.g380980.t1,OIIb.chrX.v1.g406910.t1,20128177,20129661,ChrX,otto_ChrX,20128177,20129661,PAR
0.00174553,0.0123183,0.141702,OIIa.chrY.v1.g381000.t1,OIIb.chrX.v1.g406950.t1,20177413,20185103,ChrX,otto_ChrX,20177413,20185103,PAR
0.00530797,0.0135095,0.392907,OIIa.chrY.v1.g381010.t1,OIIb.chrX.v1.g406960.t1,20186464,20188227,ChrX,otto_ChrX,20186464,20188227,PAR
3.09E-06,0.00309181,0.001,OIIa.chrY.v1.g381020.t1,OIIb.chrX.v1.g406970.t1,20190158,20193147,ChrX,otto_ChrX,20190158,20193147,PAR
0.00516868,0.183385,0.0281848,OIIa.chrY.v1.g381030.t1,OIIb.chrX.v1.g406980.t1,20194854,20196567,ChrX,otto_ChrX,20194854,20196567,PAR
0.00274284,0.0227779,0.120417,OIIa.chrY.v1.g381040.t1,OIIb.chrX.v1.g406990.t1,20204175,20204735,ChrX,otto_ChrX,20204175,20204735,PAR
0.0085529,0.000171067,49.9974,OIIa.chrY.v1.g381060.t1,OIIb.chrX.v1.g407010.t1,20249008,20249892,ChrX,otto_ChrX,20249008,20249892,PAR
1.47E-05,0.0147426,0.001,OIIa.chrY.v1.g381070.t1,OIIb.chrX.v1.g407020.t1,20253626,20257183,ChrX,otto_ChrX,20253626,20257183,PAR
6.65E-06,0.00665106,0.001,OIIa.chrY.v1.g381080.t1,OIIb.chrX.v1.g407030.t1,20258539,20263397,ChrX,otto_ChrX,20258539,20263397,PAR
NA,NA,NA,OIIa.chrY.v1.g381090.t1,OIIb.chrX.v1.g407040.t1,20288069,20291027,ChrX,otto_ChrX,20288069,20291027,PAR
NA,NA,NA,OIIa.chrY.v1.g381100.t1,OIIb.chrX.v1.g407050.t1,20346308,20351430,ChrX,otto_ChrX,20346308,20351430,PAR
0.000595664,1.19E-05,50,OIIa.chrY.v1.g381110.t1,OIIb.chrX.v1.g407060.t1,20373742,20377251,ChrX,otto_ChrX,20373742,20377251,PAR
NA,NA,NA,OIIa.chrY.v1.g381120.t1,OIIb.chrX.v1.g407080.t1,20401337,20404775,ChrX,otto_ChrX,20401337,20404775,PAR
NA,NA,NA,OIIa.chrY.v1.g381130.t1,OIIb.chrX.v1.g407090.t1,20420789,20421409,ChrX,otto_ChrX,20420789,20421409,PAR
NA,NA,NA,OIIa.chrY.v1.g381150.t1,OIIb.chrX.v1.g407100.t1,20434608,20434826,ChrX,otto_ChrX,20434608,20434826,PAR
0.00385801,0.00435814,0.885242,OIIa.chrY.v1.g381160.t1,OIIb.chrX.v1.g407110.t1,20539916,20543395,ChrX,otto_ChrX,20539916,20543395,PAR
0.00072716,0.00430184,0.169035,OIIa.chrY.v1.g381170.t1,OIIb.chrX.v1.g407120.t1,20621561,20623567,ChrX,otto_ChrX,20621561,20623567,PAR
NA,NA,NA,OIIa.chrY.v1.g381180.t1,OIIb.chrX.v1.g407130.t1,20630727,20633761,ChrX,otto_ChrX,20630727,20633761,PAR
0.00250176,5.14E-05,48.628,OIIa.chrY.v1.g381200.t1,OIIb.chrX.v1.g407140.t1,20663237,20667173,ChrX,otto_ChrX,20663237,20667173,PAR
4.04E-06,0.00403713,0.001,OIIa.chrY.v1.g381210.t1,OIIb.chrX.v1.g407150.t1,20668807,20671403,ChrX,otto_ChrX,20668807,20671403,PAR
0.014831,0.000296619,50,OIIa.chrY.v1.g381270.t1,OIIb.chrX.v1.g407180.t1,20985580,20986190,ChrX,otto_ChrX,20985580,20986190,PAR
0.00698252,0.00848497,0.822928,OIIa.chrY.v1.g381280.t1,OIIb.chrX.v1.g407210.t1,21109341,21109972,ChrX,otto_ChrX,21109341,21109972,PAR
NA,NA,NA,OIIa.chrY.v1.g381290.t1,OIIb.chrX.v1.g407390.t1,21304207,21304872,ChrX,otto_ChrX,21304207,21304872,PAR
NA,NA,NA,OIIa.chrY.v1.g381310.t1,OIIb.chrX.v1.g407410.t1,21471880,21472514,ChrX,otto_ChrX,21471880,21472514,PAR
0.00204051,0.0363383,0.0561531,OIIa.chrY.v1.g381320.t1,OIIb.chrX.v1.g407420.t1,21531680,21534143,ChrX,otto_ChrX,21531680,21534143,PAR
0.0013996,0.0041812,0.334737,OIIa.chrY.v1.g381330.t1,OIIb.chrX.v1.g407430.t1,21534472,21543358,ChrX,otto_ChrX,21534472,21543358,PAR
0.00339332,0.0364438,0.0931111,OIIa.chrY.v1.g381340.t1,OIIb.chrX.v1.g407440.t1,21567014,21569659,ChrX,otto_ChrX,21567014,21569659,PAR
0.00230664,0.028175,0.0818685,OIIa.chrY.v1.g381350.t1,OIIb.chrX.v1.g407450.t1,21570435,21578751,ChrX,otto_ChrX,21570435,21578751,PAR
0.0199319,0.0271173,0.735025,OIIa.chrY.v1.g381390.t1,OIIb.chrX.v1.g407470.t1,21639931,21640167,ChrX,otto_ChrX,21639931,21640167,PAR
9.84E-06,0.00983985,0.001,OIIa.chrY.v1.g381400.t1,OIIb.chrX.v1.g407490.t1,21676436,21677616,ChrX,otto_ChrX,21676436,21677616,PAR
0.00317295,0.00424627,0.747234,OIIa.chrY.v1.g381410.t1,OIIb.chrX.v1.g407510.t1,21689885,21691078,ChrX,otto_ChrX,21689885,21691078,PAR
0.00318272,0.0264864,0.120164,OIIa.chrY.v1.g381440.t1,OIIb.chrX.v1.g407520.t1,21779741,21780427,ChrX,otto_ChrX,21779741,21780427,PAR
0.00154139,0.0120532,0.127882,OIIa.chrY.v1.g381450.t1,OIIb.chrX.v1.g407550.t1,21799912,21810048,ChrX,otto_ChrX,21799912,21810048,PAR
0.00123235,0.0308923,0.039892,OIIa.chrY.v1.g381460.t1,OIIb.chrX.v1.g407560.t1,21811245,21812886,ChrX,otto_ChrX,21811245,21812886,PAR
0.00928309,0.0278005,0.333918,OIIa.chrY.v1.g381470.t1,OIIb.chrX.v1.g407570.t1,21815504,21817075,ChrX,otto_ChrX,21815504,21817075,PAR
4.04E-05,0.0404293,0.001,OIIa.chrY.v1.g381480.t1,OIIb.chrX.v1.g407580.t1,21818244,21820685,ChrX,otto_ChrX,21818244,21820685,PAR
0.00242929,0.00422697,0.574712,OIIa.chrY.v1.g381490.t1,OIIb.chrX.v1.g407610.t1,21849613,21854341,ChrX,otto_ChrX,21849613,21854341,PAR
0.00808961,0.0439037,0.184258,OIIa.chrY.v1.g381510.t1,OIIb.chrX.v1.g407620.t1,21881307,21882863,ChrX,otto_ChrX,21881307,21882863,PAR
3.27E-06,0.00326946,0.001,OIIa.chrY.v1.g381520.t1,OIIb.chrX.v1.g407630.t1,21883731,21887195,ChrX,otto_ChrX,21883731,21887195,PAR
0.00534234,0.0197399,0.270637,OIIa.chrY.v1.g381530.t1,OIIb.chrX.v1.g407640.t1,21893199,21896000,ChrX,otto_ChrX,21893199,21896000,PAR
0.00351268,0.052182,0.0673159,OIIa.chrY.v1.g381540.t1,OIIb.chrX.v1.g407650.t1,21896260,21899744,ChrX,otto_ChrX,21896260,21899744,PAR
0.0018781,0.0344935,0.054448,OIIa.chrY.v1.g381550.t1,OIIb.chrX.v1.g407660.t1,21926295,21927788,ChrX,otto_ChrX,21926295,21927788,PAR
0.00156979,0.0179487,0.0874598,OIIa.chrY.v1.g381580.t1,OIIb.chrX.v1.g407670.t1,21930819,21932435,ChrX,otto_ChrX,21930819,21932435,PAR
0.00415886,0.0307974,0.135039,OIIa.chrY.v1.g381590.t1,OIIb.chrX.v1.g407680.t1,21933506,21941073,ChrX,otto_ChrX,21933506,21941073,PAR
0.0776077,0.266919,0.290754,OIIa.chrY.v1.g381620.t1,OIIb.chrX.v1.g407690.t1,21982608,21982931,ChrX,otto_ChrX,21982608,21982931,PAR
0.00256128,0.010745,0.23837,OIIa.chrY.v1.g381630.t1,OIIb.chrX.v1.g407700.t1,21993775,21994299,ChrX,otto_ChrX,21993775,21994299,PAR
0.00496223,0.0212514,0.233502,OIIa.chrY.v1.g381640.t1,OIIb.chrX.v1.g407710.t1,21996285,21999546,ChrX,otto_ChrX,21996285,21999546,PAR
0.00753806,0.0253234,0.297672,OIIa.chrY.v1.g381650.t1,OIIb.chrX.v1.g407720.t1,22005566,22006159,ChrX,otto_ChrX,22005566,22006159,PAR
0.0265366,0.0113308,2.34199,OIIa.chrY.v1.g381660.t1,OIIb.chrX.v1.g407730.t1,22020166,22023489,ChrX,otto_ChrX,22020166,22023489,PAR
1.72E-05,0.0172354,0.001,OIIa.chrY.v1.g381670.t1,OIIb.chrX.v1.g407750.t1,22025012,22029104,ChrX,otto_ChrX,22025012,22029104,PAR
0.00160857,0.0143817,0.111848,OIIa.chrY.v1.g381680.t1,OIIb.chrX.v1.g407760.t1,22113204,22114058,ChrX,otto_ChrX,22113204,22114058,PAR
3.29E-05,0.0329455,0.001,OIIa.chrY.v1.g381720.t1,OIIb.chrX.v1.g407840.t1,22369587,22374245,ChrX,otto_ChrX,22369587,22374245,PAR
0.00255882,0.0496542,0.0515329,OIIa.chrY.v1.g381730.t1,OIIb.chrX.v1.g407850.t1,22376096,22379395,ChrX,otto_ChrX,22376096,22379395,PAR
0.00715754,0.0281181,0.254553,OIIa.chrY.v1.g381740.t1,OIIb.chrX.v1.g407860.t1,22384030,22386707,ChrX,otto_ChrX,22384030,22386707,PAR
0.0138793,0.00695664,1.99512,OIIa.chrY.v1.g381750.t1,OIIb.chrX.v1.g407870.t1,22392803,22393318,ChrX,otto_ChrX,22392803,22393318,PAR
0.00211811,0.0188949,0.112099,OIIa.chrY.v1.g381780.t1,OIIb.chrX.v1.g407900.t1,22402169,22403389,ChrX,otto_ChrX,22402169,22403389,PAR
0.00157655,0.00233404,0.675457,OIIa.chrY.v1.g381790.t1,OIIb.chrX.v1.g407910.t1,22414067,22416436,ChrX,otto_ChrX,22414067,22416436,PAR
0.00526921,0.0137945,0.381978,OIIa.chrY.v1.g381800.t1,OIIb.chrX.v1.g407920.t1,22417729,22419642,ChrX,otto_ChrX,22417729,22419642,PAR
0.00047185,0.0260621,0.0181048,OIIa.chrY.v1.g381810.t1,OIIb.chrX.v1.g407930.t1,22427836,22432938,ChrX,otto_ChrX,22427836,22432938,PAR
0.00140364,0.00517367,0.271304,OIIa.chrY.v1.g381820.t1,OIIb.chrX.v1.g407940.t1,22435576,22440726,ChrX,otto_ChrX,22435576,22440726,PAR
0.00174399,0.0219148,0.0795804,OIIa.chrY.v1.g381840.t1,OIIb.chrX.v1.g407960.t1,22468809,22472107,ChrX,otto_ChrX,22468809,22472107,PAR
0.0039968,0.0295365,0.135317,OIIa.chrY.v1.g381860.t1,OIIb.chrX.v1.g408000.t1,22525771,22529713,ChrX,otto_ChrX,22525771,22529713,PAR
5.30E-06,0.00530262,0.001,OIIa.chrY.v1.g381870.t1,OIIb.chrX.v1.g408010.t1,22533016,22538665,ChrX,otto_ChrX,22533016,22538665,PAR
0.00168704,0.0285258,0.0591409,OIIa.chrY.v1.g381880.t1,OIIb.chrX.v1.g408040.t1,22568681,22571203,ChrX,otto_ChrX,22568681,22571203,PAR
0.00501107,0.0228582,0.219224,OIIa.chrY.v1.g381900.t1,OIIb.chrX.v1.g408050.t1,22575074,22582867,ChrX,otto_ChrX,22575074,22582867,PAR
0.00132578,0.0103791,0.127735,OIIa.chrY.v1.g381910.t1,OIIb.chrX.v1.g408060.t1,22599004,22606124,ChrX,otto_ChrX,22599004,22606124,PAR
0.0051832,0.0515322,0.100582,OIIa.chrY.v1.g381950.t1,OIIb.chrX.v1.g408070.t1,22627504,22627806,ChrX,otto_ChrX,22627504,22627806,PAR
0.00484103,0.0472772,0.102397,OIIa.chrY.v1.g381960.t1,OIIb.chrX.v1.g408080.t1,22629973,22631844,ChrX,otto_ChrX,22629973,22631844,PAR
0.00107895,0.0465113,0.0231976,OIIa.chrY.v1.g381970.t1,OIIb.chrX.v1.g408090.t1,22635361,22638474,ChrX,otto_ChrX,22635361,22638474,PAR
0.0365853,0.0347428,1.05303,OIIa.chrY.v1.g381980.t1,OIIb.chrX.v1.g408100.t1,22639394,22639858,ChrX,otto_ChrX,22639394,22639858,PAR
0.0255197,0.0921319,0.276991,OIIa.chrY.v1.g381990.t1,OIIb.chrX.v1.g408110.t1,22642443,22643468,ChrX,otto_ChrX,22642443,22643468,PAR
0.00104438,0.0138712,0.075291,OIIa.chrY.v1.g382000.t1,OIIb.chrX.v1.g408120.t1,22644842,22646362,ChrX,otto_ChrX,22644842,22646362,PAR
0.00309888,0.0778618,0.0397997,OIIa.chrY.v1.g382010.t1,OIIb.chrX.v1.g408130.t1,22652700,22654366,ChrX,otto_ChrX,22652700,22654366,PAR
0.00229394,0.0389331,0.0589199,OIIa.chrY.v1.g382020.t1,OIIb.chrX.v1.g408140.t1,22655281,22657016,ChrX,otto_ChrX,22655281,22657016,PAR
0.0323247,0.0875512,0.369209,OIIa.chrY.v1.g382030.t1,OIIb.chrX.v1.g408150.t1,22670427,22670873,ChrX,otto_ChrX,22670427,22670873,PAR
0.0066927,0.000134428,49.7864,OIIa.chrY.v1.g382050.t1,OIIb.chrX.v1.g408160.t1,22687842,22688219,ChrX,otto_ChrX,22687842,22688219,PAR
0.00302395,0.0163482,0.184972,OIIa.chrY.v1.g382060.t1,OIIb.chrX.v1.g408170.t1,22700394,22704491,ChrX,otto_ChrX,22700394,22704491,PAR
0.00832437,0.0153987,0.54059,OIIa.chrY.v1.g382090.t1,OIIb.chrX.v1.g408200.t1,22728666,22729709,ChrX,otto_ChrX,22728666,22729709,PAR
0.00709732,0.0197933,0.358572,OIIa.chrY.v1.g382150.t1,OIIb.chrX.v1.g408230.t1,22745334,22748309,ChrX,otto_ChrX,22745334,22748309,PAR
4.18E-06,0.00417693,0.001,OIIa.chrY.v1.g382160.t1,OIIb.chrX.v1.g408260.t1,22775230,22779432,ChrX,otto_ChrX,22775230,22779432,PAR
0.00231047,0.00424835,0.543851,OIIa.chrY.v1.g382170.t1,OIIb.chrX.v1.g408290.t1,22801750,22802460,ChrX,otto_ChrX,22801750,22802460,PAR
NA,NA,NA,OIIa.chrY.v1.g382180.t1,OIIb.chrX.v1.g408330.t1,22818790,22821880,ChrX,otto_ChrX,22818790,22821880,PAR
0.00226362,0.0255412,0.0886263,OIIa.chrY.v1.g382190.t1,OIIb.chrX.v1.g408340.t1,22837712,22843345,ChrX,otto_ChrX,22837712,22843345,PAR
0.0094861,0.000209056,45.3758,OIIa.chrY.v1.g382200.t1,OIIb.chrX.v1.g408350.t1,22861660,22862148,ChrX,otto_ChrX,22861660,22862148,PAR
2.72E-05,0.0271968,0.001,OIIa.chrY.v1.g382210.t1,OIIb.chrX.v1.g408400.t1,22884995,22893715,ChrX,otto_ChrX,22884995,22893715,PAR
0.0107237,0.0103986,1.03127,OIIa.chrY.v1.g382220.t1,OIIb.chrX.v1.g408410.t1,22914700,22915945,ChrX,otto_ChrX,22914700,22915945,PAR
0.00164228,3.28E-05,50,OIIa.chrY.v1.g382230.t1,OIIb.chrX.v1.g408420.t1,22917980,22919758,ChrX,otto_ChrX,22917980,22919758,PAR
0.0048655,0.0283527,0.171606,OIIa.chrY.v1.g382240.t1,OIIb.chrX.v1.g408430.t1,22950177,22956569,ChrX,otto_ChrX,22950177,22956569,PAR
4.34E-05,0.0434083,0.001,OIIa.chrY.v1.g382250.t1,OIIb.chrX.v1.g408440.t1,22998223,22999068,ChrX,otto_ChrX,22998223,22999068,PAR
0.00657493,0.0223056,0.294766,OIIa.chrY.v1.g382270.t1,OIIb.chrX.v1.g408450.t1,23001432,23004225,ChrX,otto_ChrX,23001432,23004225,PAR
0.00911467,0.0331093,0.275291,OIIa.chrY.v1.g382280.t1,OIIb.chrX.v1.g408460.t1,23006873,23007505,ChrX,otto_ChrX,23006873,23007505,PAR
0.00526222,0.00210873,2.49544,OIIa.chrY.v1.g382290.t1,OIIb.chrX.v1.g408470.t1,23008240,23011506,ChrX,otto_ChrX,23008240,23011506,PAR
0.00279985,0.028432,0.0984753,OIIa.chrY.v1.g382300.t1,OIIb.chrX.v1.g408480.t1,23027602,23036126,ChrX,otto_ChrX,23027602,23036126,PAR
0.00370537,0.0254655,0.145506,OIIa.chrY.v1.g382310.t1,OIIb.chrX.v1.g408490.t1,23037725,23040184,ChrX,otto_ChrX,23037725,23040184,PAR
0.00599485,0.00387858,1.54563,OIIa.chrY.v1.g382340.t1,OIIb.chrX.v1.g408510.t1,23085003,23089034,ChrX,otto_ChrX,23085003,23089034,PAR
0.0148264,0.0358049,0.414089,OIIa.chrY.v1.g382350.t1,OIIb.chrX.v1.g408520.t1,23098104,23101161,ChrX,otto_ChrX,23098104,23101161,PAR
0.0020853,0.0569494,0.0366167,OIIa.chrY.v1.g382390.t1,OIIb.chrX.v1.g408560.t1,23169592,23172025,ChrX,otto_ChrX,23169592,23172025,PAR
0.00453842,0.0418705,0.108392,OIIa.chrY.v1.g382400.t1,OIIb.chrX.v1.g408570.t1,23173808,23176417,ChrX,otto_ChrX,23173808,23176417,PAR
5.61E-06,0.00560925,0.001,OIIa.chrY.v1.g382410.t1,OIIb.chrX.v1.g408580.t1,23180696,23181779,ChrX,otto_ChrX,23180696,23181779,PAR
1.36E-05,0.0136259,0.001,OIIa.chrY.v1.g382420.t1,OIIb.chrX.v1.g408590.t1,23196236,23199267,ChrX,otto_ChrX,23196236,23199267,PAR
0.008556,0.0160161,0.534212,OIIa.chrY.v1.g382430.t1,OIIb.chrX.v1.g408630.t1,23246964,23252608,ChrX,otto_ChrX,23246964,23252608,PAR
0.00332849,0.0172573,0.192875,OIIa.chrY.v1.g382460.t1,OIIb.chrX.v1.g408660.t1,23289455,23290264,ChrX,otto_ChrX,23289455,23290264,PAR
1.50E-05,0.0149534,0.001,OIIa.chrY.v1.g382470.t1,OIIb.chrX.v1.g408670.t1,23337136,23338549,ChrX,otto_ChrX,23337136,23338549,PAR
0.000618372,0.00330318,0.187205,OIIa.chrY.v1.g382480.t1,OIIb.chrX.v1.g408680.t1,23344434,23346776,ChrX,otto_ChrX,23344434,23346776,PAR
NA,NA,NA,OIIa.chrY.v1.g382490.t1,OIIb.chrX.v1.g408700.t1,23365123,23368646,ChrX,otto_ChrX,23365123,23368646,PAR
NA,NA,NA,OIIa.chrY.v1.g382500.t1,OIIb.chrX.v1.g408730.t1,23386280,23390788,ChrX,otto_ChrX,23386280,23390788,PAR
0.00173557,3.48E-05,49.8685,OIIa.chrY.v1.g382510.t1,OIIb.chrX.v1.g408740.t1,23391801,23395735,ChrX,otto_ChrX,23391801,23395735,PAR
0.00622375,0.0411203,0.151355,OIIa.chrY.v1.g382520.t1,OIIb.chrX.v1.g408750.t1,23396747,23398804,ChrX,otto_ChrX,23396747,23398804,PAR
0.00437179,0.0218094,0.200455,OIIa.chrY.v1.g382530.t1,OIIb.chrX.v1.g408760.t1,23404784,23407324,ChrX,otto_ChrX,23404784,23407324,PAR
0.00179356,0.0154081,0.116403,OIIa.chrY.v1.g382540.t1,OIIb.chrX.v1.g408770.t1,23409998,23411504,ChrX,otto_ChrX,23409998,23411504,PAR
0.000667514,1.34E-05,50,OIIa.chrY.v1.g382560.t1,OIIb.chrX.v1.g408780.t1,23413748,23416809,ChrX,otto_ChrX,23413748,23416809,PAR
0.00405171,0.0260352,0.155624,OIIa.chrY.v1.g382570.t1,OIIb.chrX.v1.g408790.t1,23417982,23420735,ChrX,otto_ChrX,23417982,23420735,PAR
0.0125031,0.000250062,50,OIIa.chrY.v1.g382590.t1,OIIb.chrX.v1.g408810.t1,23425450,23427290,ChrX,otto_ChrX,23425450,23427290,PAR
0.0093497,0.0285806,0.327135,OIIa.chrY.v1.g382600.t1,OIIb.chrX.v1.g408830.t1,23434612,23434896,ChrX,otto_ChrX,23434612,23434896,PAR
3.06E-05,0.0305911,0.001,OIIa.chrY.v1.g382610.t1,OIIb.chrX.v1.g408850.t1,23463418,23463684,ChrX,otto_ChrX,23463418,23463684,PAR
0.0140253,0.00894587,1.56779,OIIa.chrY.v1.g382640.t1,OIIb.chrX.v1.g408860.t1,23538637,23539424,ChrX,otto_ChrX,23538637,23539424,PAR
NA,NA,NA,OIIa.chrY.v1.g382710.t1,OIIb.chrX.v1.g408950.t1,23740330,23740698,ChrX,otto_ChrX,23740330,23740698,PAR
NA,NA,NA,OIIa.chrY.v1.g382720.t1,OIIb.chrX.v1.g408960.t1,23741191,23745905,ChrX,otto_ChrX,23741191,23745905,PAR
NA,NA,NA,OIIa.chrY.v1.g382730.t1,OIIb.chrX.v1.g408970.t1,23751162,23753798,ChrX,otto_ChrX,23751162,23753798,PAR
0.00262215,0.0407124,0.0644067,OIIa.chrY.v1.g382760.t1,OIIb.chrX.v1.g408990.t1,23783985,23784527,ChrX,otto_ChrX,23783985,23784527,PAR
NA,NA,NA,OIIa.chrY.v1.g382780.t2,OIIb.chrX.v1.g409020.t2,23801014,23804446,ChrX,otto_ChrX,23801014,23804446,PAR
4.38E-05,0.0438405,0.001,OIIa.chrY.v1.g382790.t1,OIIb.chrX.v1.g414600.t1,33569982,33570367,ChrX,otto_ChrX,33569982,33570367,PAR
NA,NA,NA,OIIa.chrY.v1.g382810.t1,OIIb.chrX.v1.g409030.t1,23806903,23807358,ChrX,otto_ChrX,23806903,23807358,PAR
3.10E-05,0.0310345,0.001,OIIa.chrY.v1.g382820.t1,OIIb.chrX.v1.g409060.t1,23828716,23829593,ChrX,otto_ChrX,23828716,23829593,PAR
1.35E-05,0.0134744,0.001,OIIa.chrY.v1.g382840.t1,OIIb.chrX.v1.g409130.t1,23849476,23852818,ChrX,otto_ChrX,23849476,23852818,PAR
0.000980523,0.0050795,0.193036,OIIa.chrY.v1.g382850.t1,OIIb.chrX.v1.g409140.t1,23894309,23897538,ChrX,otto_ChrX,23894309,23897538,PAR
0.00106577,0.0350256,0.0304284,OIIa.chrY.v1.g382910.t1,OIIb.chrX.v1.g409150.t1,23970376,23976603,ChrX,otto_ChrX,23970376,23976603,PAR
0.00184502,0.00200428,0.920537,OIIa.chrY.v1.g382920.t1,OIIb.chrX.v1.g409160.t1,23978063,23980753,ChrX,otto_ChrX,23978063,23980753,PAR
0.000536791,1.09E-05,49.2918,OIIa.chrY.v1.g382930.t1,OIIb.chrX.v1.g409170.t1,23981785,23983857,ChrX,otto_ChrX,23981785,23983857,PAR
0.00541444,0.0227754,0.237732,OIIa.chrY.v1.g382940.t1,OIIb.chrX.v1.g409180.t1,23987581,23990198,ChrX,otto_ChrX,23987581,23990198,PAR
3.80E-06,0.00380269,0.001,OIIa.chrY.v1.g382960.t1,OIIb.chrX.v1.g409190.t1,23993001,23995442,ChrX,otto_ChrX,23993001,23995442,PAR
3.07E-06,0.00306958,0.001,OIIa.chrY.v1.g383000.t1,OIIb.chrX.v1.g409200.t1,24074452,24075630,ChrX,otto_ChrX,24074452,24075630,PAR
6.84E-06,0.00684494,0.001,OIIa.chrY.v1.g383020.t1,OIIb.chrX.v1.g409230.t1,24176020,24185760,ChrX,otto_ChrX,24176020,24185760,PAR
0.0063605,0.0438208,0.145148,OIIa.chrY.v1.g383030.t1,OIIb.chrX.v1.g409270.t1,24220388,24223735,ChrX,otto_ChrX,24220388,24223735,PAR
0.00607243,0.0179178,0.338904,OIIa.chrY.v1.g383040.t1,OIIb.chrX.v1.g409300.t1,24273061,24277017,ChrX,otto_ChrX,24273061,24277017,PAR
0.0017308,0.00324286,0.533726,OIIa.chrY.v1.g383050.t1,OIIb.chrX.v1.g409310.t1,24277713,24283639,ChrX,otto_ChrX,24277713,24283639,PAR
0.00243485,4.87E-05,50,OIIa.chrY.v1.g383060.t1,OIIb.chrX.v1.g409320.t1,24285056,24294157,ChrX,otto_ChrX,24285056,24294157,PAR
0.00114794,2.48E-05,46.2141,OIIa.chrY.v1.g383140.t1,OIIb.chrX.v1.g409370.t1,24464515,24472803,ChrX,otto_ChrX,24464515,24472803,PAR
NA,NA,NA,OIIa.chrY.v1.g383150.t1,OIIb.chrX.v1.g409380.t1,24479788,24482024,ChrX,otto_ChrX,24479788,24482024,PAR
NA,NA,NA,OIIa.chrY.v1.g383160.t1,OIIb.chrX.v1.g409390.t1,24514370,24514660,ChrX,otto_ChrX,24514370,24514660,PAR
0.00112313,0.0122438,0.0917305,OIIa.chrY.v1.g383170.t1,OIIb.chrX.v1.g409400.t1,24519089,24520117,ChrX,otto_ChrX,24519089,24520117,PAR
0.00213929,4.28E-05,50,OIIa.chrY.v1.g383180.t1,OIIb.chrX.v1.g409410.t1,24554739,24557442,ChrX,otto_ChrX,24554739,24557442,PAR
7.00E-06,0.00699915,0.001,OIIa.chrY.v1.g383190.t1,OIIb.chrX.v1.g409420.t1,24559636,24561070,ChrX,otto_ChrX,24559636,24561070,PAR
NA,NA,NA,OIIa.chrY.v1.g383200.t1,OIIb.chrX.v1.g409430.t1,24562814,24566478,ChrX,otto_ChrX,24562814,24566478,PAR
NA,NA,NA,OIIa.chrY.v1.g383210.t1,OIIb.chrX.v1.g409440.t1,24572284,24573387,ChrX,otto_ChrX,24572284,24573387,PAR
0.000228231,4.56E-06,50,OIIa.chrY.v1.g383230.t1,OIIb.chrX.v1.g409450.t1,24578976,24584821,ChrX,otto_ChrX,24578976,24584821,PAR
NA,NA,NA,OIIa.chrY.v1.g383240.t1,OIIb.chrX.v1.g409490.t1,24634179,24634451,ChrX,otto_ChrX,24634179,24634451,PAR
NA,NA,NA,OIIa.chrY.v1.g383250.t1,OIIb.chrX.v1.g409500.t1,24657772,24658363,ChrX,otto_ChrX,24657772,24658363,PAR
NA,NA,NA,OIIa.chrY.v1.g383260.t1,OIIb.chrX.v1.g409510.t1,24692898,24694376,ChrX,otto_ChrX,24692898,24694376,PAR
NA,NA,NA,OIIa.chrY.v1.g383270.t1,OIIb.chrX.v1.g409520.t1,24695766,24697543,ChrX,otto_ChrX,24695766,24697543,PAR
NA,NA,NA,OIIa.chrY.v1.g383280.t1,OIIb.chrX.v1.g409530.t1,24706126,24706614,ChrX,otto_ChrX,24706126,24706614,PAR
0.0121267,0.0164886,0.735458,OIIa.chrY.v1.g383300.t1,OIIb.chrX.v1.g422930.t1,54905492,54905839,ChrX,otto_ChrX,54905492,54905839,PAR
0.00717297,0.0764882,0.0937787,OIIa.chrY.v1.g383310.t1,OIIb.chrX.v1.g409590.t1,24738773,24741861,ChrX,otto_ChrX,24738773,24741861,PAR
3.19E-06,0.00319356,0.001,OIIa.chrY.v1.g383320.t1,OIIb.chrX.v1.g409630.t1,24756105,24761120,ChrX,otto_ChrX,24756105,24761120,PAR
NA,NA,NA,OIIa.chrY.v1.g383380.t1,OIIb.chrX.v1.g409730.t1,24847071,24853555,ChrX,otto_ChrX,24847071,24853555,PAR
6.88E-06,0.00688149,0.001,OIIa.chrY.v1.g383390.t1,OIIb.chrX.v1.g409740.t1,24855645,24856178,ChrX,otto_ChrX,24855645,24856178,PAR
0.0024759,4.95E-05,50,OIIa.chrY.v1.g383410.t1,OIIb.chrX.v1.g409750.t1,24860699,24861250,ChrX,otto_ChrX,24860699,24861250,PAR
0.00782046,0.00668901,1.16915,OIIa.chrY.v1.g383430.t1,OIIb.chrX.v1.g409780.t1,24892258,24892803,ChrX,otto_ChrX,24892258,24892803,PAR
0.0749313,0.0757503,0.989188,OIIa.chrY.v1.g383440.t1,OIIb.chrX.v1.g409790.t1,24939851,24941969,ChrX,otto_ChrX,24939851,24941969,PAR
0.00156741,0.0105943,0.147949,OIIa.chrY.v1.g383460.t1,OIIb.chrX.v1.g409800.t1,24985382,24986308,ChrX,otto_ChrX,24985382,24986308,PAR
0.00678626,0.0212134,0.319905,OIIa.chrY.v1.g383480.t1,OIIb.chrX.v1.g409810.t1,25036566,25037516,ChrX,otto_ChrX,25036566,25037516,PAR
0.00419309,0.0051018,0.821883,OIIa.chrY.v1.g383530.t1,OIIb.chrX.v1.g409850.t1,25164164,25165102,ChrX,otto_ChrX,25164164,25165102,PAR
NA,NA,NA,OIIa.chrY.v1.g383540.t1,OIIb.chrX.v1.g409860.t1,25175396,25176331,ChrX,otto_ChrX,25175396,25176331,PAR
0.00392393,0.0375142,0.104598,OIIa.chrY.v1.g383600.t1,OIIb.chrX.v1.g409910.t1,25326719,25335186,ChrX,otto_ChrX,25326719,25335186,PAR
3.70E-05,0.0370071,0.001,OIIa.chrY.v1.g383610.t1,OIIb.chrX.v1.g409920.t1,25335755,25339511,ChrX,otto_ChrX,25335755,25339511,PAR
0.00214208,0.013306,0.160985,OIIa.chrY.v1.g383620.t1,OIIb.chrX.v1.g409960.t1,25372424,25373832,ChrX,otto_ChrX,25372424,25373832,PAR
4.25E-05,0.0425258,0.001,OIIa.chrY.v1.g383650.t1,OIIb.chrX.v1.g409980.t1,25503676,25507805,ChrX,otto_ChrX,25503676,25507805,PAR
9.13E-06,0.00912756,0.001,OIIa.chrY.v1.g383700.t1,OIIb.chrX.v1.g410090.t1,25590119,25592539,ChrX,otto_ChrX,25590119,25592539,PAR
2.67E-06,0.0026746,0.001,OIIa.chrY.v1.g383710.t1,OIIb.chrX.v1.g410100.t1,25602999,25606783,ChrX,otto_ChrX,25602999,25606783,PAR
5.34E-06,0.00533707,0.001,OIIa.chrY.v1.g383720.t1,OIIb.chrX.v1.g410110.t1,25608813,25610647,ChrX,otto_ChrX,25608813,25610647,PAR
0.00178558,0.00457805,0.39003,OIIa.chrY.v1.g383730.t1,OIIb.chrX.v1.g410120.t1,25664394,25667110,ChrX,otto_ChrX,25664394,25667110,PAR
1.43E-05,0.014315,0.001,OIIa.chrY.v1.g383750.t1,OIIb.chrX.v1.g410150.t1,25673893,25674171,ChrX,otto_ChrX,25673893,25674171,PAR
0.0038293,0.0418143,0.0915789,OIIa.chrY.v1.g383760.t1,OIIb.chrX.v1.g410170.t1,25692448,25693268,ChrX,otto_ChrX,25692448,25693268,PAR
0.00128099,0.0223344,0.057355,OIIa.chrY.v1.g383790.t1,OIIb.chrX.v1.g410230.t1,25781167,25786222,ChrX,otto_ChrX,25781167,25786222,PAR
0.00532478,0.000106496,50,OIIa.chrY.v1.g383800.t1,OIIb.chrX.v1.g410260.t1,25792827,25793861,ChrX,otto_ChrX,25792827,25793861,PAR
NA,NA,NA,OIIa.chrY.v1.g383810.t1,OIIb.chrX.v1.g410280.t1,25809056,25810750,ChrX,otto_ChrX,25809056,25810750,PAR
NA,NA,NA,OIIa.chrY.v1.g383820.t1,OIIb.chrX.v1.g410290.t1,25844407,25845236,ChrX,otto_ChrX,25844407,25845236,PAR
0.00317587,6.42E-05,49.4312,OIIa.chrY.v1.g383830.t1,OIIb.chrX.v1.g410300.t1,25863585,25864739,ChrX,otto_ChrX,25863585,25864739,PAR
0.00809534,0.0109406,0.739937,OIIa.chrY.v1.g383850.t1,OIIb.chrX.v1.g410310.t1,25874639,25883543,ChrX,otto_ChrX,25874639,25883543,PAR
0.00825276,0.0401073,0.205767,OIIa.chrY.v1.g383880.t1,OIIb.chrX.v1.g410330.t1,25926359,25927816,ChrX,otto_ChrX,25926359,25927816,PAR
0.0232545,0.0717815,0.323963,OIIa.chrY.v1.g383890.t1,OIIb.chrX.v1.g410340.t1,25928570,25929559,ChrX,otto_ChrX,25928570,25929559,PAR
0.00380949,0.00841382,0.452765,OIIa.chrY.v1.g383900.t1,OIIb.chrX.v1.g410350.t1,25934458,25934868,ChrX,otto_ChrX,25934458,25934868,PAR
0.00364354,0.0217757,0.167322,OIIa.chrY.v1.g383910.t1,OIIb.chrX.v1.g410360.t1,25936920,25939310,ChrX,otto_ChrX,25936920,25939310,PAR
0.0205748,0.0122624,1.67787,OIIa.chrY.v1.g383950.t1,OIIb.chrX.v1.g410380.t1,25952213,25954822,ChrX,otto_ChrX,25952213,25954822,PAR
3.02E-05,0.0302066,0.001,OIIa.chrY.v1.g383970.t1,OIIb.chrX.v1.g410400.t1,25972444,25972875,ChrX,otto_ChrX,25972444,25972875,PAR
0.0187438,0.030402,0.616533,OIIa.chrY.v1.g383980.t1,OIIb.chrX.v1.g410410.t1,25974795,25977891,ChrX,otto_ChrX,25974795,25977891,PAR
0.00539127,0.0225865,0.238695,OIIa.chrY.v1.g383990.t1,OIIb.chrX.v1.g410420.t1,25981670,25985020,ChrX,otto_ChrX,25981670,25985020,PAR
0.00531199,0.0152477,0.348381,OIIa.chrY.v1.g384000.t1,OIIb.chrX.v1.g410430.t1,26005995,26008613,ChrX,otto_ChrX,26005995,26008613,PAR
0.0446003,0.0378372,1.17874,OIIa.chrY.v1.g384050.t1,OIIb.chrX.v1.g410450.t1,26023120,26026281,ChrX,otto_ChrX,26023120,26026281,PAR
0.00450545,0.0215319,0.209245,OIIa.chrY.v1.g384080.t1,OIIb.chrX.v1.g410460.t1,26061516,26064018,ChrX,otto_ChrX,26061516,26064018,PAR
0.00080606,0.0141832,0.0568318,OIIa.chrY.v1.g384090.t1,OIIb.chrX.v1.g410480.t1,26085586,26097676,ChrX,otto_ChrX,26085586,26097676,PAR
0.00150166,0.054233,0.027689,OIIa.chrY.v1.g384150.t1,OIIb.chrX.v1.g410540.t1,26265586,26268104,ChrX,otto_ChrX,26265586,26268104,PAR
0.00197009,0.0114513,0.17204,OIIa.chrY.v1.g384170.t1,OIIb.chrX.v1.g410580.t1,26314646,26316092,ChrX,otto_ChrX,26314646,26316092,PAR
0.00522469,0.029397,0.177729,OIIa.chrY.v1.g384180.t1,OIIb.chrX.v1.g410600.t1,26356519,26358401,ChrX,otto_ChrX,26356519,26358401,PAR
0.0145034,0.0331504,0.437504,OIIa.chrY.v1.g384190.t1,OIIb.chrX.v1.g410630.t1,26368374,26368781,ChrX,otto_ChrX,26368374,26368781,PAR
1.87E-05,0.0186842,0.001,OIIa.chrY.v1.g384200.t1,OIIb.chrX.v1.g410640.t1,26376722,26377900,ChrX,otto_ChrX,26376722,26377900,PAR
9.06E-06,0.0090636,0.001,OIIa.chrY.v1.g384240.t1,OIIb.chrX.v1.g410760.t1,26622580,26625116,ChrX,otto_ChrX,26622580,26625116,PAR
0.00234477,0.0219207,0.106966,OIIa.chrY.v1.g384270.t1,OIIb.chrX.v1.g410830.t1,26750080,26754127,ChrX,otto_ChrX,26750080,26754127,PAR
0.00394508,0.0119057,0.331359,OIIa.chrY.v1.g384280.t1,OIIb.chrX.v1.g410870.t1,26993282,26996074,ChrX,otto_ChrX,26993282,26996074,PAR
0.00175026,0.0025556,0.684871,OIIa.chrY.v1.g384290.t1,OIIb.chrX.v1.g410900.t1,27104530,27107279,ChrX,otto_ChrX,27104530,27107279,PAR
0.00269588,5.40E-05,49.9455,OIIa.chrY.v1.g384410.t1,OIIb.chrX.v1.g411000.t1,27178794,27180143,ChrX,otto_ChrX,27178794,27180143,PAR
0.00121752,0.0182448,0.0667323,OIIa.chrY.v1.g384430.t1,OIIb.chrX.v1.g411020.t1,27272555,27275756,ChrX,otto_ChrX,27272555,27275756,PAR
0.00168605,0.00981306,0.171817,OIIa.chrY.v1.g384440.t1,OIIb.chrX.v1.g411030.t1,27305739,27311629,ChrX,otto_ChrX,27305739,27311629,PAR
0.00768623,0.0256024,0.300215,OIIa.chrY.v1.g384450.t1,OIIb.chrX.v1.g411100.t1,27340052,27341296,ChrX,otto_ChrX,27340052,27341296,PAR
0.000863472,0.0161978,0.0533081,OIIa.chrY.v1.g384460.t1,OIIb.chrX.v1.g411120.t1,27344759,27351912,ChrX,otto_ChrX,27344759,27351912,PAR
0.00223522,0.00780078,0.286538,OIIa.chrY.v1.g384470.t1,OIIb.chrX.v1.g411130.t1,27353371,27354546,ChrX,otto_ChrX,27353371,27354546,PAR
4.55E-05,0.0455147,0.001,OIIa.chrY.v1.g384490.t1,OIIb.chrX.v1.g411140.t1,27374442,27375107,ChrX,otto_ChrX,27374442,27375107,PAR
0.0106632,0.000215622,49.453,OIIa.chrY.v1.g384500.t1,OIIb.chrX.v1.g411150.t1,27477213,27477703,ChrX,otto_ChrX,27477213,27477703,PAR
0.0124892,0.0109096,1.14479,OIIa.chrY.v1.g384530.t1,OIIb.chrX.v1.g411260.t1,27614960,27616077,ChrX,otto_ChrX,27614960,27616077,PAR
0.000900752,0.0205192,0.043898,OIIa.chrY.v1.g384580.t1,OIIb.chrX.v1.g411290.t1,27679694,27681829,ChrX,otto_ChrX,27679694,27681829,PAR
0.00113495,0.0109488,0.10366,OIIa.chrY.v1.g384590.t1,OIIb.chrX.v1.g411300.t1,27705061,27706179,ChrX,otto_ChrX,27705061,27706179,PAR
0.0328473,0.0565382,0.580974,OIIa.chrY.v1.g384600.t1,OIIb.chrX.v1.g411320.t1,27751267,27752304,ChrX,otto_ChrX,27751267,27752304,PAR
0.0024857,0.0185973,0.133659,OIIa.chrY.v1.g384630.t1,OIIb.chrX.v1.g411330.t1,27771045,27772283,ChrX,otto_ChrX,27771045,27772283,PAR
0.0019929,0.0439531,0.0453416,OIIa.chrY.v1.g384640.t1,OIIb.chrX.v1.g411340.t1,27782806,27786099,ChrX,otto_ChrX,27782806,27786099,PAR
0.00228136,0.0276001,0.0826577,OIIa.chrY.v1.g384670.t1,OIIb.chrX.v1.g411350.t1,27843175,27853830,ChrX,otto_ChrX,27843175,27853830,PAR
3.52E-06,0.00351638,0.001,OIIa.chrY.v1.g384740.t1,OIIb.chrX.v1.g411370.t1,27939855,27941327,ChrX,otto_ChrX,27939855,27941327,PAR
0.00176777,0.0129325,0.136691,OIIa.chrY.v1.g384770.t1,OIIb.chrX.v1.g411380.t1,28012308,28015334,ChrX,otto_ChrX,28012308,28015334,PAR
0.0429096,0.0167461,2.56237,OIIa.chrY.v1.g384790.t1,OIIb.chrX.v1.g411400.t1,28060674,28061133,ChrX,otto_ChrX,28060674,28061133,PAR
0.00242974,0.0167493,0.145065,OIIa.chrY.v1.g384800.t1,OIIb.chrX.v1.g411410.t1,28062738,28066222,ChrX,otto_ChrX,28062738,28066222,PAR
0.00372209,0.0218414,0.170414,OIIa.chrY.v1.g384810.t1,OIIb.chrX.v1.g411420.t1,28066551,28068932,ChrX,otto_ChrX,28066551,28068932,PAR
0.0977123,0.0897419,1.08882,OIIa.chrY.v1.g384840.t1,OIIb.chrX.v1.g411460.t1,28144586,28147352,ChrX,otto_ChrX,28144586,28147352,PAR
0.0192516,0.0305945,0.62925,OIIa.chrY.v1.g384900.t1,OIIb.chrX.v1.g411710.t1,28315918,28316501,ChrX,otto_ChrX,28315918,28316501,PAR
0.0027844,5.57E-05,50,OIIa.chrY.v1.g384910.t1,OIIb.chrX.v1.g411720.t1,28322218,28323546,ChrX,otto_ChrX,28322218,28323546,PAR
0.000958625,0.00363113,0.264002,OIIa.chrY.v1.g384940.t1,OIIb.chrX.v1.g411770.t1,28412216,28413520,ChrX,otto_ChrX,28412216,28413520,PAR
0.000356377,0.0204955,0.0173881,OIIa.chrY.v1.g385000.t1,OIIb.chrX.v1.g411780.t1,28533874,28540786,ChrX,otto_ChrX,28533874,28540786,PAR
0.0013489,0.00914114,0.147564,OIIa.chrY.v1.g385010.t1,OIIb.chrX.v1.g411810.t1,28657945,28659255,ChrX,otto_ChrX,28657945,28659255,PAR
0.0146549,0.0260816,0.561887,OIIa.chrY.v1.g385040.t1,OIIb.chrX.v1.g411840.t1,28732770,28742725,ChrX,otto_ChrX,28732770,28742725,PAR
0.00347487,0.0218386,0.159116,OIIa.chrY.v1.g385050.t1,OIIb.chrX.v1.g411850.t1,28747986,28750615,ChrX,otto_ChrX,28747986,28750615,PAR
0.00678732,0.0477891,0.142027,OIIa.chrY.v1.g385160.t1,OIIb.chrX.v1.g411920.t1,28910263,28912190,ChrX,otto_ChrX,28910263,28912190,PAR
0.00275463,0.0301297,0.0914258,OIIa.chrY.v1.g385270.t1,OIIb.chrX.v1.g411990.t1,29124722,29128098,ChrX,otto_ChrX,29124722,29128098,PAR
1.17E-05,0.0117144,0.001,OIIa.chrY.v1.g385280.t1,OIIb.chrX.v1.g412000.t1,29134470,29138356,ChrX,otto_ChrX,29134470,29138356,PAR
0.00194717,0.018383,0.105923,OIIa.chrY.v1.g385290.t1,OIIb.chrX.v1.g412030.t1,29206098,29211049,ChrX,otto_ChrX,29206098,29211049,PAR
0.00732701,0.0305975,0.239465,OIIa.chrY.v1.g385310.t1,OIIb.chrX.v1.g412050.t1,29255187,29257488,ChrX,otto_ChrX,29255187,29257488,PAR
0.00450302,0.0243558,0.184885,OIIa.chrY.v1.g385320.t1,OIIb.chrX.v1.g412060.t1,29257779,29263506,ChrX,otto_ChrX,29257779,29263506,PAR
1.33E-05,0.0133354,0.001,OIIa.chrY.v1.g385330.t1,OIIb.chrX.v1.g412070.t1,29296462,29298118,ChrX,otto_ChrX,29296462,29298118,PAR
0.00562205,0.0107939,0.520857,OIIa.chrY.v1.g385360.t1,OIIb.chrX.v1.g412080.t1,29341994,29346888,ChrX,otto_ChrX,29341994,29346888,PAR
0.00346681,0.00337185,1.02816,OIIa.chrY.v1.g385370.t1,OIIb.chrX.v1.g412090.t1,29349058,29356151,ChrX,otto_ChrX,29349058,29356151,PAR
NA,NA,NA,OIIa.chrY.v1.g385400.t1,OIIb.chrX.v1.g412120.t1,29438472,29440609,ChrX,otto_ChrX,29438472,29440609,PAR
0.0122216,0.0276201,0.44249,OIIa.chrY.v1.g385420.t1,OIIb.chrX.v1.g412100.t1,29388947,29390404,ChrX,otto_ChrX,29388947,29390404,PAR
0.0101661,0.0064325,1.58042,OIIa.chrY.v1.g385430.t1,OIIb.chrX.v1.g412130.t1,29463831,29472724,ChrX,otto_ChrX,29463831,29472724,PAR
0.00165289,0.0228505,0.0723349,OIIa.chrY.v1.g385450.t1,OIIb.chrX.v1.g412170.t1,29582358,29590112,ChrX,otto_ChrX,29582358,29590112,PAR
0.00110713,2.21E-05,50,OIIa.chrY.v1.g385460.t1,OIIb.chrX.v1.g412180.t1,29613142,29635943,ChrX,otto_ChrX,29613142,29635943,PAR
3.15E-06,0.00315106,0.001,OIIa.chrY.v1.g385480.t1,OIIb.chrX.v1.g412190.t1,29690506,29695255,ChrX,otto_ChrX,29690506,29695255,PAR
0.00453112,0.00805509,0.562517,OIIa.chrY.v1.g385490.t1,OIIb.chrX.v1.g412200.t1,29721590,29722924,ChrX,otto_ChrX,29721590,29722924,PAR
0.0086596,0.000174023,49.7611,OIIa.chrY.v1.g385530.t1,OIIb.chrX.v1.g412250.t1,29814762,29815125,ChrX,otto_ChrX,29814762,29815125,PAR
NA,NA,NA,OIIa.chrY.v1.g385580.t1,OIIb.chrX.v1.g412260.t1,29845936,29852758,ChrX,otto_ChrX,29845936,29852758,PAR
0.000786861,1.74E-05,45.1938,OIIa.chrY.v1.g385640.t1,OIIb.chrX.v1.g412310.t1,29912758,29916035,ChrX,otto_ChrX,29912758,29916035,PAR
0.00214528,0.00631302,0.339819,OIIa.chrY.v1.g385650.t1,OIIb.chrX.v1.g412320.t1,29920029,29920882,ChrX,otto_ChrX,29920029,29920882,PAR
0.00219846,0.0352299,0.0624033,OIIa.chrY.v1.g385680.t1,OIIb.chrX.v1.g412330.t1,29973014,29979162,ChrX,otto_ChrX,29973014,29979162,PAR
0.000865552,0.00586082,0.147685,OIIa.chrY.v1.g385720.t1,OIIb.chrX.v1.g412390.t1,30136554,30139521,ChrX,otto_ChrX,30136554,30139521,PAR
3.92E-06,0.00391619,0.001,OIIa.chrY.v1.g385730.t1,OIIb.chrX.v1.g412400.t1,30141670,30144331,ChrX,otto_ChrX,30141670,30144331,PAR
NA,NA,NA,OIIa.chrY.v1.g385740.t1,OIIb.chrX.v1.g412410.t1,30155186,30158198,ChrX,otto_ChrX,30155186,30158198,PAR
0.00274443,0.087556,0.0313449,OIIa.chrY.v1.g385750.t1,OIIb.chrX.v1.g412450.t1,30208957,30211062,ChrX,otto_ChrX,30208957,30211062,PAR
0.00398007,0.0153985,0.25847,OIIa.chrY.v1.g385760.t1,OIIb.chrX.v1.g412460.t1,30214742,30216288,ChrX,otto_ChrX,30214742,30216288,PAR
0.00959848,0.0102902,0.932781,OIIa.chrY.v1.g385770.t1,OIIb.chrX.v1.g412470.t1,30216762,30217178,ChrX,otto_ChrX,30216762,30217178,PAR
0.0142371,0.0710125,0.200487,OIIa.chrY.v1.g385790.t1,OIIb.chrX.v1.g412480.t1,30228156,30233611,ChrX,otto_ChrX,30228156,30233611,PAR
0.00242746,0.0204303,0.118817,OIIa.chrY.v1.g385800.t1,OIIb.chrX.v1.g412490.t1,30288268,30291271,ChrX,otto_ChrX,30288268,30291271,PAR
0.00214053,0.0048018,0.445776,OIIa.chrY.v1.g385810.t1,OIIb.chrX.v1.g412500.t1,30395260,30396517,ChrX,otto_ChrX,30395260,30396517,PAR
9.74E-06,0.00973823,0.001,OIIa.chrY.v1.g385840.t1,OIIb.chrX.v1.g412510.t1,30425092,30426251,ChrX,otto_ChrX,30425092,30426251,PAR
1.27E-05,0.0127073,0.001,OIIa.chrY.v1.g385870.t1,OIIb.chrX.v1.g412600.t1,30551148,30551640,ChrX,otto_ChrX,30551148,30551640,PAR
0.0118181,0.000236362,50,OIIa.chrY.v1.g385890.t1,OIIb.chrX.v1.g412680.t1,30594520,30594765,ChrX,otto_ChrX,30594520,30594765,PAR
0.00461466,0.0199342,0.231495,OIIa.chrY.v1.g385900.t1,OIIb.chrX.v1.g412690.t1,30595411,30595665,ChrX,otto_ChrX,30595411,30595665,PAR
7.91E-06,0.00791136,0.001,OIIa.chrY.v1.g385910.t1,OIIb.chrX.v1.g412720.t1,30641793,30644475,ChrX,otto_ChrX,30641793,30644475,PAR
9.65E-06,0.00965183,0.001,OIIa.chrY.v1.g385940.t1,OIIb.chrX.v1.g412740.t1,30742680,30749870,ChrX,otto_ChrX,30742680,30749870,PAR
0.0157054,0.0224792,0.698662,OIIa.chrY.v1.g385950.t1,OIIb.chrX.v1.g412750.t1,30760451,30761206,ChrX,otto_ChrX,30760451,30761206,PAR
0.00994927,0.00021468,46.3445,OIIa.chrY.v1.g385960.t1,OIIb.chrX.v1.g412790.t1,30767047,30767616,ChrX,otto_ChrX,30767047,30767616,PAR
1.05E-05,0.0104751,0.001,OIIa.chrY.v1.g385980.t1,OIIb.chrX.v1.g412830.t1,30772402,30774697,ChrX,otto_ChrX,30772402,30774697,PAR
0.00139262,0.00276278,0.504063,OIIa.chrY.v1.g385990.t1,OIIb.chrX.v1.g412840.t1,30775399,30777249,ChrX,otto_ChrX,30775399,30777249,PAR
0.0127412,0.0467722,0.27241,OIIa.chrY.v1.g386100.t1,OIIb.chrX.v1.g412880.t1,30859224,30860708,ChrX,otto_ChrX,30859224,30860708,SDR
0.253252,0.180175,1.40559,OIIa.chrY.v1.g386280.t1,OIIb.chrX.v1.g407880.t1,22393022,22393354,ChrX,otto_ChrX,22393022,22393354,SDR
0.0213707,0.102966,0.207551,OIIa.chrY.v1.g386860.t1,OIIb.chrX.v1.g412940.t1,31099134,31102116,ChrX,otto_ChrX,31099134,31102116,SDR
0.00614982,0.0603726,0.101864,OIIa.chrY.v1.g387050.t1,OIIb.chrX.v1.g412930.t1,31085765,31092545,ChrX,otto_ChrX,31085765,31092545,SDR
0.178068,0.321443,0.553964,OIIa.chrY.v1.g387090.t1,OIIb.chrX.v1.g437090.t1,81186009,81187265,ChrX,otto_ChrX,81186009,81187265,SDR
0.305307,0.805665,0.37895,OIIa.chrY.v1.g387180.t1,OIIb.chrX.v1.g429660.t1,69757874,69758712,ChrX,otto_ChrX,69757874,69758712,SDR
0.0104126,0.203991,0.0510444,OIIa.chrY.v1.g387460.t1,OIIb.chrX.v1.g414660.t1,33722836,33725562,ChrX,otto_ChrX,33722836,33725562,SDR
0.116353,1.03927,0.111956,OIIa.chrY.v1.g387600.t1,OIIb.chrX.v1.g435990.t1,79744118,79746995,ChrX,otto_ChrX,79744118,79746995,SDR
0.0341935,0.168207,0.203282,OIIa.chrY.v1.g387700.t1,OIIb.chrX.v1.g414820.t1,34076318,34082569,ChrX,otto_ChrX,34076318,34082569,SDR
0.066211,0.498209,0.132898,OIIa.chrY.v1.g387850.t1,OIIb.chrX.v1.g427080.t1,65721008,65722540,ChrX,otto_ChrX,65721008,65722540,SDR
0.0474898,0.0660424,0.719081,OIIa.chrY.v1.g388110.t1,OIIb.chrX.v1.g422360.t1,53416976,53417374,ChrX,otto_ChrX,53416976,53417374,SDR
0.155762,0.290289,0.536576,OIIa.chrY.v1.g388440.t1,OIIb.chrX.v1.g423950.t1,57198310,57199434,ChrX,otto_ChrX,57198310,57199434,SDR
0.0637012,0.155769,0.408947,OIIa.chrY.v1.g388680.t1,OIIb.chrX.v1.g415020.t1,34474124,34475273,ChrX,otto_ChrX,34474124,34475273,SDR
0.022971,0.0711242,0.322971,OIIa.chrY.v1.g388860.t1,OIIb.chrX.v1.g414210.t1,33030891,33035505,ChrX,otto_ChrX,33030891,33035505,SDR
0.020955,0.111008,0.18877,OIIa.chrY.v1.g389240.t1,OIIb.chrX.v1.g413510.t1,31960504,31963361,ChrX,otto_ChrX,31960504,31963361,SDR
0.267659,0.205196,1.3044,OIIa.chrY.v1.g389490.t1,OIIb.chrX.v1.g421880.t1,52420315,52420551,ChrX,otto_ChrX,52420315,52420551,SDR
0.0654447,0.43029,0.152094,OIIa.chrY.v1.g389530.t1,OIIb.chrX.v1.g414910.t1,34297660,34298715,ChrX,otto_ChrX,34297660,34298715,SDR
0.0294324,0.409599,0.0718566,OIIa.chrY.v1.g390140.t1,OIIb.chrX.v1.g424960.t1,60180170,60192432,ChrX,otto_ChrX,60180170,60192432,SDR
0.15618,0.265288,0.588719,OIIa.chrY.v1.g390910.t1,OIIb.chrX.v1.g422640.t1,54297367,54301137,ChrX,otto_ChrX,54297367,54301137,SDR
0.0120935,0.0634153,0.190703,OIIa.chrY.v1.g390970.t1,OIIb.chrX.v1.g414100.t1,32891339,32894714,ChrX,otto_ChrX,32891339,32894714,SDR
0.152449,0.353978,0.430674,OIIa.chrY.v1.g391210.t1,OIIb.chrX.v1.g435200.t1,78955635,78961310,ChrX,otto_ChrX,78955635,78961310,SDR
0.0893051,0.378182,0.236143,OIIa.chrY.v1.g391330.t1,OIIb.chrX.v1.g427520.t1,66432201,66435614,ChrX,otto_ChrX,66432201,66435614,SDR
0.065771,0.471423,0.139516,OIIa.chrY.v1.g391380.t1,OIIb.chrX.v1.g428240.t1,67672150,67674901,ChrX,otto_ChrX,67672150,67674901,SDR
0.156509,0.419834,0.372787,OIIa.chrY.v1.g392200.t1,OIIb.chrX.v1.g419550.t1,45632058,45641041,ChrX,otto_ChrX,45632058,45641041,SDR
0.0276878,0.105504,0.262434,OIIa.chrY.v1.g392350.t1,OIIb.chrX.v1.g409620.t1,24752378,24752831,ChrX,otto_ChrX,24752378,24752831,SDR
0.0910551,0.423399,0.215057,OIIa.chrY.v1.g392400.t1,OIIb.chrX.v1.g419800.t1,46515588,46520404,ChrX,otto_ChrX,46515588,46520404,SDR
0.0898218,0.380508,0.236058,OIIa.chrY.v1.g392600.t1,OIIb.chrX.v1.g424680.t1,59232251,59235212,ChrX,otto_ChrX,59232251,59235212,SDR
0.000187036,0.187036,0.001,OIIa.chrY.v1.g392970.t1,OIIb.chrX.v1.g413680.t1,32119986,32122187,ChrX,otto_ChrX,32119986,32122187,SDR
0.0133014,0.0404271,0.329023,OIIa.chrY.v1.g393000.t1,OIIb.chrX.v1.g437390.t1,81595316,81596905,ChrX,otto_ChrX,81595316,81596905,SDR
0.0711993,0.354295,0.20096,OIIa.chrY.v1.g393060.t1,OIIb.chrX.v1.g426000.t1,63095037,63097633,ChrX,otto_ChrX,63095037,63097633,SDR
0.127022,0.422595,0.300575,OIIa.chrY.v1.g393900.t1,OIIb.chrX.v1.g437080.t1,81147746,81154653,ChrX,otto_ChrX,81147746,81154653,SDR
0.0804101,0.278466,0.288761,OIIa.chrY.v1.g393990.t1,OIIb.chrX.v1.g436180.t1,79941279,79946658,ChrX,otto_ChrX,79941279,79946658,SDR
0.0117837,0.0211607,0.556866,OIIa.chrY.v1.g394360.t1,OIIb.chrX.v1.g407950.t1,22454189,22454995,ChrX,otto_ChrX,22454189,22454995,SDR
0.177218,0.507588,0.349138,OIIa.chrY.v1.g394420.t1,OIIb.chrX.v1.g435240.t1,79012068,79018829,ChrX,otto_ChrX,79012068,79018829,SDR
0.0420429,0.101789,0.413038,OIIa.chrY.v1.g394480.t1,OIIb.chrX.v1.g414320.t1,33160975,33162069,ChrX,otto_ChrX,33160975,33162069,SDR
0.0880245,0.523442,0.168165,OIIa.chrY.v1.g395000.t1,OIIb.chrX.v1.g436370.t1,80208528,80210690,ChrX,otto_ChrX,80208528,80210690,SDR
0.0409408,0.230493,0.177623,OIIa.chrY.v1.g395170.t1,OIIb.chrX.v1.g415240.t1,34919430,34922157,ChrX,otto_ChrX,34919430,34922157,SDR
0.192056,0.349898,0.54889,OIIa.chrY.v1.g395250.t1,OIIb.chrX.v1.g435800.t1,79553718,79558700,ChrX,otto_ChrX,79553718,79558700,SDR
0.120252,0.373188,0.322229,OIIa.chrY.v1.g395420.t1,OIIb.chrX.v1.g437280.t1,81483449,81486960,ChrX,otto_ChrX,81483449,81486960,SDR
0.113846,0.268951,0.423295,OIIa.chrY.v1.g395790.t1,OIIb.chrX.v1.g433150.t1,75422560,75426935,ChrX,otto_ChrX,75422560,75426935,SDR
0.0371776,0.124659,0.298235,OIIa.chrY.v1.g396130.t1,OIIb.chrX.v1.g414690.t1,33770933,33774100,ChrX,otto_ChrX,33770933,33774100,SDR
0.129442,0.459067,0.281968,OIIa.chrY.v1.g396640.t1,OIIb.chrX.v1.g434990.t1,78628184,78630474,ChrX,otto_ChrX,78628184,78630474,SDR
0.0468681,0.581364,0.0806174,OIIa.chrY.v1.g396760.t1,OIIb.chrX.v1.g429990.t1,70266942,70268018,ChrX,otto_ChrX,70266942,70268018,SDR
0.0217881,0.0671963,0.324246,OIIa.chrY.v1.g397050.t1,OIIb.chrX.v1.g414200.t1,33023792,33025998,ChrX,otto_ChrX,33023792,33025998,SDR
0.122402,0.419264,0.291946,OIIa.chrY.v1.g397420.t1,OIIb.chrX.v1.g426730.t1,65213917,65224498,ChrX,otto_ChrX,65213917,65224498,SDR
0.0204446,0.103875,0.196819,OIIa.chrY.v1.g397570.t1,OIIb.chrX.v1.g413820.t1,32369635,32370653,ChrX,otto_ChrX,32369635,32370653,SDR
0.0966502,0.275108,0.351317,OIIa.chrY.v1.g398480.t1,OIIb.chrX.v1.g416600.t1,37377093,37378688,ChrX,otto_ChrX,37377093,37378688,SDR
0.23421,0.306771,0.763469,OIIa.chrY.v1.g399070.t1,OIIb.chrX.v1.g427160.t1,65913321,65915592,ChrX,otto_ChrX,65913321,65915592,SDR
0.066564,0.337998,0.196936,OIIa.chrY.v1.g399170.t1,OIIb.chrX.v1.g440280.t1,85872352,85875853,ChrX,otto_ChrX,85872352,85875853,SDR
0.0207905,0.0735591,0.282636,OIIa.chrY.v1.g399370.t1,OIIb.chrX.v1.g413110.t1,31277476,31280266,ChrX,otto_ChrX,31277476,31280266,SDR
0.190454,0.3834,0.496751,OIIa.chrY.v1.g399440.t1,OIIb.chrX.v1.g436360.t1,80177673,80187931,ChrX,otto_ChrX,80177673,80187931,SDR
0.0065288,0.0410886,0.158896,OIIa.chrY.v1.g399590.t1,OIIb.chrX.v1.g440350.t1,85935853,85939371,ChrX,otto_ChrX,85935853,85939371,SDR
0.0363287,0.0708852,0.5125,OIIa.chrY.v1.g399830.t1,OIIb.chrX.v1.g428870.t1,68551376,68552432,ChrX,otto_ChrX,68551376,68552432,SDR
0.0846226,0.294953,0.286902,OIIa.chrY.v1.g399920.t1,OIIb.chrX.v1.g431260.t1,72437436,72441849,ChrX,otto_ChrX,72437436,72441849,SDR
0.0344934,0.145868,0.23647,OIIa.chrY.v1.g400020.t1,OIIb.chrX.v1.g431740.t1,73280699,73289504,ChrX,otto_ChrX,73280699,73289504,SDR
0.00611005,0.0342563,0.178363,OIIa.chrY.v1.g400050.t1,OIIb.chrX.v1.g432770.t1,74990702,74996601,ChrX,otto_ChrX,74990702,74996601,SDR
0.219094,0.37732,0.580658,OIIa.chrY.v1.g400090.t1,OIIb.chrX.v1.g437950.t1,82304827,82312812,ChrX,otto_ChrX,82304827,82312812,SDR
0.122215,0.373674,0.327062,OIIa.chrY.v1.g400110.t1,OIIb.chrX.v1.g437790.t1,82119955,82122254,ChrX,otto_ChrX,82119955,82122254,SDR
0.004247,0.463965,0.0091537,OIIa.chrY.v1.g400330.t1,OIIb.chrX.v1.g432450.t1,74389502,74391699,ChrX,otto_ChrX,74389502,74391699,SDR
0.0544772,0.44424,0.12263,OIIa.chrY.v1.g400380.t1,OIIb.chrX.v1.g437310.t1,81513171,81516644,ChrX,otto_ChrX,81513171,81516644,SDR
0.0498086,0.384617,0.129502,OIIa.chrY.v1.g400400.t1,OIIb.chrX.v1.g428110.t1,67432298,67435066,ChrX,otto_ChrX,67432298,67435066,SDR
0.0229975,0.210436,0.109285,OIIa.chrY.v1.g400420.t1,OIIb.chrX.v1.g414670.t1,33757108,33759346,ChrX,otto_ChrX,33757108,33759346,SDR
0.0224476,0.0738756,0.303856,OIIa.chrY.v1.g400540.t1,OIIb.chrX.v1.g413000.t1,31140336,31146226,ChrX,otto_ChrX,31140336,31146226,SDR
0.157939,0.625416,0.252534,OIIa.chrY.v1.g400590.t1,OIIb.chrX.v1.g424170.t1,57825009,57837425,ChrX,otto_ChrX,57825009,57837425,SDR
0.167538,0.352332,0.475511,OIIa.chrY.v1.g400710.t1,OIIb.chrX.v1.g436960.t1,80882569,80907728,ChrX,otto_ChrX,80882569,80907728,SDR
0.14597,0.288772,0.505485,OIIa.chrY.v1.g400770.t1,OIIb.chrX.v1.g434730.t1,77957553,77965833,ChrX,otto_ChrX,77957553,77965833,SDR
0.0499659,0.177221,0.281942,OIIa.chrY.v1.g401820.t1,OIIb.chrX.v1.g415230.t1,34875366,34880945,ChrX,otto_ChrX,34875366,34880945,SDR
0.0539218,0.46678,0.115519,OIIa.chrY.v1.g401880.t1,OIIb.chrX.v1.g437030.t1,81013895,81020526,ChrX,otto_ChrX,81013895,81020526,SDR
0.116419,0.357334,0.325799,OIIa.chrY.v1.g402070.t1,OIIb.chrX.v1.g439050.t1,83753046,83760904,ChrX,otto_ChrX,83753046,83760904,SDR
0.0262573,0.0966156,0.271771,HuLuLuH1.Yg33690.t1,HuLuLuH2.Xg32591.t1,267945742,267947448,ChrX,lupulus_ChrX,291973,293679,SDR
0.03047,0.208961,0.145816,HuLuLuH1.Yg33903.t1,HuLuLuH2.Xg32594.t2,267926373,267927885,ChrX,lupulus_ChrX,311536,313048,SDR
0.0472196,0.190392,0.248012,HuLuLuH1.Yg33615.t1,HuLuLuH2.Xg32598.t1,267863838,267865954,ChrX,lupulus_ChrX,373467,375583,SDR
0.0608428,0.165958,0.366617,HuLuLuH1.Yg33755.t4,HuLuLuH2.Xg32602.t1,267803644,267809313,ChrX,lupulus_ChrX,430108,435777,SDR
0.0357554,0.241617,0.147984,HuLuLuH1.Yg33693.t1,HuLuLuH2.Xg32605.t1,267727621,267730403,ChrX,lupulus_ChrX,509018,511800,SDR
0.0202667,0.202519,0.100073,HuLuLuH1.Yg33631.t1,HuLuLuH2.Xg32623.t1,267470488,267475210,ChrX,lupulus_ChrX,764211,768933,SDR
0.0331344,0.107438,0.308406,HuLuLuH1.Yg33889.t1,HuLuLuH2.Xg32626.t1,267443658,267446049,ChrX,lupulus_ChrX,793372,795763,SDR
0.0275512,0.207092,0.133038,HuLuLuH1.Yg33598.t1,HuLuLuH2.Xg32633.t1,267372333,267374008,ChrX,lupulus_ChrX,865413,867088,SDR
0.0485835,0.237678,0.204409,HuLuLuH1.Yg33818.t1,HuLuLuH2.Xg32644.t1,267167521,267170597,ChrX,lupulus_ChrX,1068824,1071900,SDR
0.0771695,0.251717,0.306572,HuLuLuH1.Yg33851.t1,HuLuLuH2.Xg32668.t1,261509063,261511678,ChrX,lupulus_ChrX,6727743,6730358,SDR
0.0247493,0.118386,0.209055,HuLuLuH1.Yg33869.t1,HuLuLuH2.Xg32670.t1,261302660,261305724,ChrX,lupulus_ChrX,6933697,6936761,SDR
0.00120861,0.00789092,0.153164,HuLuLuH1.Yg33622.t1,HuLuLuH2.Xg32673.t1,260883776,260898925,ChrX,lupulus_ChrX,7340496,7355645,SDR
0.0516245,0.320171,0.16124,HuLuLuH1.Yg33846.t2,HuLuLuH2.Xg32675.t2,260774117,260799333,ChrX,lupulus_ChrX,7440088,7465304,SDR
0.0173037,0.211175,0.0819401,HuLuLuH1.Yg33544.t1,HuLuLuH2.Xg32679.t1,260534769,260541750,ChrX,lupulus_ChrX,7697671,7704652,SDR
0.079813,0.240214,0.332258,HuLuLuH1.Yg33772.t2,HuLuLuH2.Xg32685.t1,259349828,259396824,ChrX,lupulus_ChrX,8842597,8889593,SDR
0.0800548,0.234128,0.341928,HuLuLuH1.Yg33827.t1,HuLuLuH2.Xg32692.t1,258784775,258787631,ChrX,lupulus_ChrX,9451790,9454646,SDR
0.0856785,0.338799,0.252889,HuLuLuH1.Yg33553.t1,HuLuLuH2.Xg32701.t4,257470575,257500431,ChrX,lupulus_ChrX,10738990,10768846,SDR
0.0317314,0.172489,0.183962,HuLuLuH1.Yg33759.t1,HuLuLuH2.Xg32705.t1,256723418,256733686,ChrX,lupulus_ChrX,11505735,11516003,SDR
0.0742129,0.240636,0.308403,HuLuLuH1.Yg33806.t1,HuLuLuH2.Xg32711.t1,255713736,255717305,ChrX,lupulus_ChrX,12522116,12525685,SDR
0.0263315,0.229757,0.114606,HuLuLuH1.Yg33668.t2,HuLuLuH2.Xg32712.t1,255596989,255599090,ChrX,lupulus_ChrX,12640331,12642432,SDR
0.0602965,0.280212,0.215181,HuLuLuH1.Yg33781.t1,HuLuLuH2.Xg32716.t1,254213589,254216330,ChrX,lupulus_ChrX,14023091,14025832,SDR
0.0333985,0.224559,0.148729,HuLuLuH1.Yg33799.t1,HuLuLuH2.Xg32741.t1,251478740,251481977,ChrX,lupulus_ChrX,16757444,16760681,SDR
0.14209,0.229129,0.620132,HuLuLuH1.Yg33662.t1,HuLuLuH2.Xg32757.t1,249831391,249837010,ChrX,lupulus_ChrX,18402411,18408030,SDR
0.0721889,0.236131,0.305716,HuLuLuH1.Yg33554.t1,HuLuLuH2.Xg32766.t1,248818877,248828621,ChrX,lupulus_ChrX,19410800,19420544,SDR
0.0354054,0.228006,0.155283,HuLuLuH1.Yg33710.t1,HuLuLuH2.Xg32772.t1,248245662,248251238,ChrX,lupulus_ChrX,19988183,19993759,SDR
0.0461241,0.220637,0.20905,HuLuLuH1.Yg33828.t1,HuLuLuH2.Xg32798.t1,244868539,244874294,ChrX,lupulus_ChrX,23365127,23370882,SDR
0.163647,0.128058,1.27791,HuLuLuH1.Yg33590.t2,HuLuLuH2.Xg32804.t1,244563925,244565993,ChrX,lupulus_ChrX,23673428,23675496,SDR
0.0951404,0.386982,0.245852,HuLuLuH1.Yg33870.t1,HuLuLuH2.Xg32828.t2,242427501,242447993,ChrX,lupulus_ChrX,25791428,25811920,SDR
0.142593,0.227091,0.627908,HuLuLuH1.Yg33760.t1,HuLuLuH2.Xg32833.t1,241952479,241961098,ChrX,lupulus_ChrX,26278323,26286942,SDR
0.0582892,0.203503,0.286429,HuLuLuH1.Yg33679.t1,HuLuLuH2.Xg32875.t1,238319993,238322261,ChrX,lupulus_ChrX,29917160,29919428,SDR
0.0471083,0.184621,0.255162,HuLuLuH1.Yg33892.t1,HuLuLuH2.Xg32883.t1,237756004,237759261,ChrX,lupulus_ChrX,30480160,30483417,SDR
0.0388985,0.245603,0.158379,HuLuLuH1.Yg33545.t2,HuLuLuH2.Xg32890.t1,237240538,237243460,ChrX,lupulus_ChrX,30995961,30998883,SDR
0.0342953,0.194234,0.176567,HuLuLuH1.Yg33893.t1,HuLuLuH2.Xg32894.t1,237101028,237105632,ChrX,lupulus_ChrX,31133789,31138393,SDR
0.060608,0.173504,0.349318,HuLuLuH1.Yg33900.t1,HuLuLuH2.Xg32895.t1,237087337,237091061,ChrX,lupulus_ChrX,31148360,31152084,SDR
0.0216365,0.238732,0.0906306,HuLuLuH1.Yg33887.t1,HuLuLuH2.Xg32904.t1,236886706,236890141,ChrX,lupulus_ChrX,31349280,31352715,SDR
0.0751144,0.190439,0.394427,HuLuLuH1.Yg33909.t1,HuLuLuH2.Xg32911.t1,236785750,236786683,ChrX,lupulus_ChrX,31452738,31453671,SDR
0.101269,0.137584,0.73605,HuLuLuH1.Yg33680.t2,HuLuLuH2.Xg32921.t2,236452506,236458551,ChrX,lupulus_ChrX,31780870,31786915,SDR
0.0864925,0.312265,0.276984,HuLuLuH1.Yg33644.t1,HuLuLuH2.Xg32957.t1,235004571,235009616,ChrX,lupulus_ChrX,33229805,33234850,SDR
0.0157421,0.291984,0.0539144,HuLuLuH1.Yg33681.t1,HuLuLuH2.Xg32962.t1,234743153,234743964,ChrX,lupulus_ChrX,33495457,33496268,SDR
0.0301317,0.402189,0.0749191,HuLuLuH1.Yg33699.t1,HuLuLuH2.Xg32987.t1,233665648,233666733,ChrX,lupulus_ChrX,34572688,34573773,SDR
0.0116677,0.33858,0.0344608,HuLuLuH1.Yg33864.t1,HuLuLuH2.Xg33003.t1,233138521,233140279,ChrX,lupulus_ChrX,35099142,35100900,SDR
0.0129234,0.221626,0.0583119,HuLuLuH1.Yg33665.t1,HuLuLuH2.Xg33032.t1,231987334,231991014,ChrX,lupulus_ChrX,36248407,36252087,SDR
0.0788705,0.260275,0.303027,HuLuLuH1.Yg33757.t1,HuLuLuH2.Xg33035.t1,231787500,231792529,ChrX,lupulus_ChrX,36446892,36451921,SDR
0.081499,0.201371,0.404721,HuLuLuH1.Yg33549.t1,HuLuLuH2.Xg33055.t1,230913386,230919899,ChrX,lupulus_ChrX,37319522,37326035,SDR
0.0223359,0.210117,0.106302,HuLuLuH1.Yg33768.t1,HuLuLuH2.Xg33072.t2,230311951,230317038,ChrX,lupulus_ChrX,37922383,37927470,SDR
0.114271,0.252222,0.453057,HuLuLuH1.Yg33682.t1,HuLuLuH2.Xg33085.t2,229674757,229679781,ChrX,lupulus_ChrX,38559640,38564664,SDR
0.0553023,0.171022,0.323365,HuLuLuH1.Yg33613.t1,HuLuLuH2.Xg33091.t1,229595463,229598297,ChrX,lupulus_ChrX,38641124,38643958,SDR
0.0902527,0.223202,0.404353,HuLuLuH1.Yg33782.t1,HuLuLuH2.Xg33092.t1,229544745,229550482,ChrX,lupulus_ChrX,38688939,38694676,SDR
0.0691173,0.23525,0.293804,HuLuLuH1.Yg33861.t2,HuLuLuH2.Xg33101.t2,229023722,229028459,ChrX,lupulus_ChrX,39210962,39215699,SDR
0.116898,0.218251,0.535614,HuLuLuH1.Yg33912.t1,HuLuLuH2.Xg33152.t2,226349174,226353159,ChrX,lupulus_ChrX,41886262,41890247,SDR
0.21446,0.251788,0.851748,HuLuLuH1.Yg33770.t1,HuLuLuH2.Xg33153.t1,226274057,226278310,ChrX,lupulus_ChrX,41961111,41965364,SDR
0.105413,0.268887,0.392035,HuLuLuH1.Yg33873.t1,HuLuLuH2.Xg33163.t1,225772539,225774270,ChrX,lupulus_ChrX,42465151,42466882,SDR
0.105181,0.24451,0.430172,HuLuLuH1.Yg33859.t1,HuLuLuH2.Xg33188.t1,224566529,224570490,ChrX,lupulus_ChrX,43668931,43672892,SDR
0.0726418,0.225659,0.321909,HuLuLuH1.Yg33888.t2,HuLuLuH2.Xg33190.t1,224341481,224345989,ChrX,lupulus_ChrX,43893432,43897940,SDR
0.0451454,0.283238,0.15939,HuLuLuH1.Yg33784.t1,HuLuLuH2.Xg33192.t1,224255990,224257134,ChrX,lupulus_ChrX,43982287,43983431,SDR
0.100793,0.295444,0.341159,HuLuLuH1.Yg33568.t1,HuLuLuH2.Xg33224.t1,222904792,222907188,ChrX,lupulus_ChrX,45332233,45334629,SDR
0.116506,0.119544,0.97459,HuLuLuH1.Yg33735.t1,HuLuLuH2.Xg33263.t1,220487454,220487836,ChrX,lupulus_ChrX,47751585,47751967,SDR
0.0603116,0.172052,0.350542,HuLuLuH1.Yg33868.t1,HuLuLuH2.Xg33299.t1,218980657,218980995,ChrX,lupulus_ChrX,49258426,49258764,SDR
0.0368707,0.26155,0.14097,HuLuLuH1.Yg33546.t2,HuLuLuH2.Xg33322.t1,217137939,217141224,ChrX,lupulus_ChrX,51098197,51101482,SDR
0.0801236,0.275527,0.290801,HuLuLuH1.Yg33701.t1,HuLuLuH2.Xg33355.t1,215990227,215993829,ChrX,lupulus_ChrX,52245592,52249194,SDR
0.0929,0.247675,0.375088,HuLuLuH1.Yg33626.t1,HuLuLuH2.Xg33382.t1,214876623,214885027,ChrX,lupulus_ChrX,53354394,53362798,SDR
0.0308664,0.271235,0.1138,HuLuLuH1.Yg33786.t1,HuLuLuH2.Xg33397.t1,214419438,214423207,ChrX,lupulus_ChrX,53816214,53819983,SDR
0.0635165,0.208214,0.305053,HuLuLuH1.Yg33894.t2,HuLuLuH2.Xg33405.t2,214220940,214223588,ChrX,lupulus_ChrX,54015833,54018481,SDR
0.0179638,0.107344,0.167348,HuLuLuH1.Yg33907.t1,HuLuLuH2.Xg33433.t1,212542223,212552864,ChrX,lupulus_ChrX,55686557,55697198,SDR
0.0644358,0.319569,0.201634,HuLuLuH1.Yg33896.t1,HuLuLuH2.Xg33457.t1,211471448,211473681,ChrX,lupulus_ChrX,56765740,56767973,SDR
0.0378388,0.234923,0.161069,HuLuLuH1.Yg33783.t1,HuLuLuH2.Xg33508.t1,209621172,209637454,ChrX,lupulus_ChrX,58601967,58618249,SDR
0.0280764,0.309865,0.0906083,HuLuLuH1.Yg33719.t1,HuLuLuH2.Xg33509.t1,209561113,209561937,ChrX,lupulus_ChrX,58677484,58678308,SDR
0.0612406,0.259082,0.236376,HuLuLuH1.Yg33901.t1,HuLuLuH2.Xg33512.t1,209352300,209354427,ChrX,lupulus_ChrX,58884994,58887121,SDR
0.115847,0.275551,0.420419,HuLuLuH1.Yg33689.t1,HuLuLuH2.Xg33513.t3,209274590,209282229,ChrX,lupulus_ChrX,58957192,58964831,SDR
0.0685459,0.228235,0.30033,HuLuLuH1.Yg33814.t1,HuLuLuH2.Xg33524.t1,208768763,208775796,ChrX,lupulus_ChrX,59463625,59470658,SDR
0.130354,0.184014,0.708391,HuLuLuH1.Yg33856.t2,HuLuLuH2.Xg33565.t2,207102069,207104909,ChrX,lupulus_ChrX,61134512,61137352,SDR
0.0956416,0.183597,0.520932,HuLuLuH1.Yg33596.t2,HuLuLuH2.Xg33580.t1,206652431,206658048,ChrX,lupulus_ChrX,61581373,61586990,SDR
0.0543067,0.211539,0.256721,HuLuLuH1.Yg33692.t1,HuLuLuH2.Xg33585.t1,206466723,206467118,ChrX,lupulus_ChrX,61772303,61772698,SDR
0.0262824,0.18717,0.14042,HuLuLuH1.Yg33724.t2,HuLuLuH2.Xg33613.t1,205974342,205976017,ChrX,lupulus_ChrX,62263404,62265079,SDR
0.0778328,0.218103,0.356863,HuLuLuH1.Yg33573.t1,HuLuLuH2.Xg33632.t1,205608020,205609179,ChrX,lupulus_ChrX,62630242,62631401,SDR
0.0528168,0.224605,0.235154,HuLuLuH1.Yg33813.t1,HuLuLuH2.Xg33636.t2,205581376,205585449,ChrX,lupulus_ChrX,62653972,62658045,SDR
0.0647292,0.260579,0.248405,HuLuLuH1.Yg33723.t1,HuLuLuH2.Xg33639.t1,205544267,205546655,ChrX,lupulus_ChrX,62692766,62695154,SDR
0.0622202,0.242021,0.257086,HuLuLuH1.Yg33776.t1,HuLuLuH2.Xg33655.t1,202097558,202135226,ChrX,lupulus_ChrX,66104195,66141863,SDR
0.105991,0.192778,0.549808,HuLuLuH1.Yg33812.t2,HuLuLuH2.Xg33678.t1,197261949,197270965,ChrX,lupulus_ChrX,70968456,70977472,SDR
0.0687229,0.223527,0.307448,HuLuLuH1.Yg33811.t1,HuLuLuH2.Xg33680.t1,195825883,195829374,ChrX,lupulus_ChrX,72410047,72413538,SDR
0.0316445,0.265028,0.119401,HuLuLuH1.Yg33716.t1,HuLuLuH2.Xg33692.t1,190345974,190348007,ChrX,lupulus_ChrX,77891414,77893447,SDR
0.118103,0.133743,0.883064,HuLuLuH1.Yg33635.t1,HuLuLuH2.Xg33706.t1,187062849,187065592,ChrX,lupulus_ChrX,81173829,81176572,SDR
0.0468139,0.279395,0.167555,HuLuLuH1.Yg33700.t1,HuLuLuH2.Xg33707.t1,187058975,187060222,ChrX,lupulus_ChrX,81179199,81180446,SDR
0.0680498,0.202195,0.336556,HuLuLuH1.Yg33625.t1,HuLuLuH2.Xg33708.t1,186139487,186191780,ChrX,lupulus_ChrX,82047641,82099934,SDR
0.0377632,0.232298,0.162564,HuLuLuH1.Yg33729.t1,HuLuLuH2.Xg33712.t1,185621181,185636581,ChrX,lupulus_ChrX,82602840,82618240,SDR
0.0545943,0.205903,0.265145,HuLuLuH1.Yg33788.t1,HuLuLuH2.Xg33776.t1,166192791,166212665,ChrX,lupulus_ChrX,102026756,102046630,SDR
0.0525252,0.30863,0.170188,HuLuLuH1.Yg33580.t1,HuLuLuH2.Xg33778.t1,165836307,165847414,ChrX,lupulus_ChrX,102392007,102403114,SDR
0.0971092,0.22929,0.423522,HuLuLuH1.Yg33647.t1,HuLuLuH2.Xg33790.t1,162242331,162328323,ChrX,lupulus_ChrX,105911098,105997090,SDR
0.0416629,0.286585,0.145377,HuLuLuH1.Yg33706.t1,HuLuLuH2.Xg33836.t2,150891739,150893177,ChrX,lupulus_ChrX,117346244,117347682,SDR
0.0640778,0.23213,0.276042,HuLuLuH1.Yg33658.t1,HuLuLuH2.Xg33860.t1,147631055,147634301,ChrX,lupulus_ChrX,120605120,120608366,SDR
0.114069,0.360492,0.316427,HuLuLuH1.Yg33854.t1,HuLuLuH2.Xg33942.t1,130035818,130036309,ChrX,lupulus_ChrX,138203112,138203603,SDR
0.0314078,0.215269,0.1459,HuLuLuH1.Yg33715.t1,HuLuLuH2.Xg34025.t1,119225730,119228139,ChrX,lupulus_ChrX,149011282,149013691,SDR
0.0367166,0.143727,0.255461,HuLuLuH1.Yg33780.t1,HuLuLuH2.Xg34026.t1,118870524,118873699,ChrX,lupulus_ChrX,149365722,149368897,SDR
0.0232644,0.220087,0.105706,HuLuLuH1.Yg33677.t2,HuLuLuH2.Xg34077.t1,114423943,114430633,ChrX,lupulus_ChrX,153808788,153815478,SDR
0.105304,0.162231,0.649096,HuLuLuH1.Yg33600.t2,HuLuLuH2.Xg34147.t2,108558226,108564420,ChrX,lupulus_ChrX,159675001,159681195,SDR
0.0296808,0.193445,0.153433,HuLuLuH1.Yg33557.t2,HuLuLuH2.Xg34160.t1,107189708,107192396,ChrX,lupulus_ChrX,161047025,161049713,SDR
0.0393834,0.235448,0.16727,HuLuLuH1.Yg33712.t1,HuLuLuH2.Xg34190.t1,103091153,103096350,ChrX,lupulus_ChrX,165143071,165148268,SDR
0.0512176,0.259733,0.197193,HuLuLuH1.Yg33705.t1,HuLuLuH2.Xg34208.t1,100993142,100995778,ChrX,lupulus_ChrX,167243643,167246279,SDR
0.080534,0.235248,0.342336,HuLuLuH1.Yg33881.t1,HuLuLuH2.Xg34236.t1,96576195,96585853,ChrX,lupulus_ChrX,171653568,171663226,SDR
0.0624874,0.272088,0.229659,HuLuLuH1.Yg33592.t1,HuLuLuH2.Xg34255.t1,93731609,93736403,ChrX,lupulus_ChrX,174503018,174507812,SDR
0.0584513,0.225035,0.259742,HuLuLuH1.Yg33562.t1,HuLuLuH2.Xg34291.t1,86567075,86570172,ChrX,lupulus_ChrX,181669249,181672346,SDR
0.0462302,0.251805,0.183596,HuLuLuH1.Yg33588.t1,HuLuLuH2.Xg34303.t1,83229408,83231030,ChrX,lupulus_ChrX,185008391,185010013,SDR
0.0730872,0.26051,0.280554,HuLuLuH1.Yg33577.t1,HuLuLuH2.Xg34387.t2,74967195,74969784,ChrX,lupulus_ChrX,193269637,193272226,SDR
0.0272936,0.195345,0.13972,HuLuLuH1.Yg33761.t1,HuLuLuH2.Xg34418.t1,71580602,71583708,ChrX,lupulus_ChrX,196655713,196658819,SDR
0.0789243,0.232833,0.338974,HuLuLuH1.Yg33785.t2,HuLuLuH2.Xg34466.t2,66999505,67002157,ChrX,lupulus_ChrX,201237264,201239916,SDR
0.0100334,0.23387,0.0429016,HuLuLuH1.Yg33685.t1,HuLuLuH2.Xg34526.t1,60197794,60201857,ChrX,lupulus_ChrX,208037564,208041627,SDR
0.0647837,0.248289,0.26092,HuLuLuH1.Yg33566.t1,HuLuLuH2.Xg34574.t1,56628649,56637886,ChrX,lupulus_ChrX,211601535,211610772,SDR
0.0439842,0.251335,0.175002,HuLuLuH1.Yg33884.t1,HuLuLuH2.Xg34595.t1,55668798,55673202,ChrX,lupulus_ChrX,212566219,212570623,SDR
0.00730535,0.000146107,50,HuLuLuH1.Yg33713.t1,HuLuLuH2.Xg34638.t1,51147959,51149331,ChrX,lupulus_ChrX,217090090,217091462,SDR
0.139089,0.223766,0.621582,HuLuLuH1.Yg33620.t1,HuLuLuH2.Xg34639.t5,50950540,50958871,ChrX,lupulus_ChrX,217280550,217288881,SDR
0.0203128,0.0610968,0.332468,HuLuLuH1.Yg33593.t1,HuLuLuH2.Xg34642.t1,50479749,50481788,ChrX,lupulus_ChrX,217757633,217759672,SDR
0.0608765,0.209309,0.290845,HuLuLuH1.Yg33548.t1,HuLuLuH2.Xg34725.t2,44143234,44147959,ChrX,lupulus_ChrX,224091462,224096187,SDR
0.028623,0.210571,0.13593,HuLuLuH1.Yg33800.t1,HuLuLuH2.Xg34732.t1,43322257,43325846,ChrX,lupulus_ChrX,224913575,224917164,SDR
0.00965869,0.163739,0.0589883,HuLuLuH1.Yg33572.t1,HuLuLuH2.Xg34759.t4,40119395,40122982,ChrX,lupulus_ChrX,228116439,228120026,SDR
0.0672894,0.169926,0.395992,HuLuLuH1.Yg33564.t1,HuLuLuH2.Xg34763.t1,39941986,39946327,ChrX,lupulus_ChrX,228293094,228297435,SDR
0.0149117,0.220382,0.067663,HuLuLuH1.Yg33737.t1,HuLuLuH2.Xg34767.t1,39498534,39814663,ChrX,lupulus_ChrX,228424758,228740887,SDR
0.0561649,0.143506,0.391378,HuLuLuH1.Yg33623.t1,HuLuLuH2.Xg34769.t2,39438099,39447639,ChrX,lupulus_ChrX,228791782,228801322,SDR
0.0406548,0.139157,0.292151,HuLuLuH1.Yg33902.t1,HuLuLuH2.Xg34776.t1,39156641,39161139,ChrX,lupulus_ChrX,229078282,229082780,SDR
0.0401399,0.158014,0.254027,HuLuLuH1.Yg33703.t1,HuLuLuH2.Xg34777.t1,38784427,38789317,ChrX,lupulus_ChrX,229450104,229454994,SDR
0.0610376,0.131606,0.463791,HuLuLuH1.Yg33591.t1,HuLuLuH2.Xg34778.t1,38528802,38529779,ChrX,lupulus_ChrX,229709642,229710619,SDR
0.0352427,0.090938,0.387546,HuLuLuH1.Yg33649.t1,HuLuLuH2.Xg34790.t1,37526632,37531211,ChrX,lupulus_ChrX,230708210,230712789,SDR
0.0127576,0.0511559,0.249387,HuLuLuH1.Yg33650.t1,HuLuLuH2.Xg34791.t1,37509064,37512630,ChrX,lupulus_ChrX,230726791,230730357,SDR
0.00889046,0.0374774,0.237222,HuLuLuH1.Yg33558.t1,HuLuLuH2.Xg34792.t1,37371485,37380265,ChrX,lupulus_ChrX,230859156,230867936,SDR
0.0201255,0.0447636,0.449596,HuLuLuH1.Yg33561.t1,HuLuLuH2.Xg34798.t1,37221442,37241174,ChrX,lupulus_ChrX,230998247,231017979,SDR
0.00559229,0.0262366,0.213148,HuLuLuH1.Yg33654.t1,HuLuLuH2.Xg34800.t1,37022179,37023963,ChrX,lupulus_ChrX,231215458,231217242,SDR
0.0147734,0.0308218,0.479315,HuLuLuH1.Yg33655.t1,HuLuLuH2.Xg34801.t1,36975350,37021651,ChrX,lupulus_ChrX,231217770,231264071,SDR
0.0239575,0.031778,0.753901,HuLuLuH1.Yg33606.t1,HuLuLuH2.Xg34815.t1,36450023,36451681,ChrX,lupulus_ChrX,231787740,231789398,SDR
0.0252554,0.0365119,0.691702,HuLuLuH1.Yg33608.t1,HuLuLuH2.Xg34826.t1,35190099,35191115,ChrX,lupulus_ChrX,233048306,233049322,SDR
0.0169537,0.0483094,0.350941,HuLuLuH1.Yg33610.t1,HuLuLuH2.Xg34828.t2,35058805,35067013,ChrX,lupulus_ChrX,233172408,233180616,SDR
0.0162845,0.0180158,0.9039,HuLuLuH1.Yg33754.t1,HuLuLuH2.Xg34829.t1,35053179,35054360,ChrX,lupulus_ChrX,233185061,233186242,SDR
0.014764,0.019606,0.753033,HuLuLuH1.Yg33747.t1,HuLuLuH2.Xg34831.t2,34972142,34973047,ChrX,lupulus_ChrX,233266374,233267279,SDR
0.0263709,0.0404656,0.651686,HuLuLuH1.Yg33916.t1,HuLuLuH2.Xg34838.t1,34631879,34632154,ChrX,lupulus_ChrX,233607267,233607542,SDR
0.0190714,0.0316552,0.602472,HuLuLuH1.Yg33915.t1,HuLuLuH2.Xg34839.t1,34627374,34628957,ChrX,lupulus_ChrX,233610464,233612047,SDR
0.00860262,0.0382501,0.224904,HuLuLuH1.Yg33922.t2,HuLuLuH2.Xg34842.t3,34585442,34592158,ChrX,lupulus_ChrX,233647263,233653979,SDR
0.00886396,0.0701563,0.126346,HuLuLuH1.Yg33923.t1,HuLuLuH2.Xg34843.t1,34279471,34280394,ChrX,lupulus_ChrX,233959027,233959950,SDR
0.00188848,0.00708584,0.266514,HuLuLuH1.Yg33925.t1,HuLuLuH2.Xg34846.t1,34250417,34253433,ChrX,lupulus_ChrX,233985988,233989004,PAR
0.00955228,0.00767785,1.24413,HuLuLuH1.Yg33926.t2,HuLuLuH2.Xg34849.t2,34114810,34117135,ChrX,lupulus_ChrX,234122286,234124611,PAR
0.0114769,0.0174852,0.656381,HuLuLuH1.Yg33927.t1,HuLuLuH2.Xg34850.t1,34088029,34091947,ChrX,lupulus_ChrX,234147474,234151392,PAR
0.00230629,4.61E-05,50,HuLuLuH1.Yg33928.t1,HuLuLuH2.Xg34852.t1,34012253,34017139,ChrX,lupulus_ChrX,234222282,234227168,PAR
0.00503406,0.024663,0.204114,HuLuLuH1.Yg33929.t1,HuLuLuH2.Xg34854.t1,33839156,33840454,ChrX,lupulus_ChrX,234398967,234400265,PAR
0.00794638,0.00856915,0.927324,HuLuLuH1.Yg34269.t1,HuLuLuH2.Xg34863.t1,33298396,33299956,ChrX,lupulus_ChrX,234939465,234941025,PAR
0.00265198,0.0221843,0.119543,HuLuLuH1.Yg34270.t1,HuLuLuH2.Xg34864.t1,33295160,33296678,ChrX,lupulus_ChrX,234942743,234944261,PAR
1.45E-05,0.0144702,0.001,HuLuLuH1.Yg34285.t1,HuLuLuH2.Xg34872.t1,32895789,32902673,ChrX,lupulus_ChrX,235336748,235343632,PAR
0.00307402,0.00257409,1.19422,HuLuLuH1.Yg34289.t1,HuLuLuH2.Xg34877.t1,32397340,32420235,ChrX,lupulus_ChrX,235819186,235842081,PAR
0.0101872,0.0117909,0.863988,HuLuLuH1.Yg34293.t1,HuLuLuH2.Xg34880.t1,32261380,32262758,ChrX,lupulus_ChrX,235976663,235978041,PAR
0.0102387,0.0137007,0.747314,HuLuLuH1.Yg34294.t1,HuLuLuH2.Xg34881.t1,32260016,32260843,ChrX,lupulus_ChrX,235978578,235979405,PAR
0.0159098,0.0264749,0.600939,HuLuLuH1.Yg34295.t2,HuLuLuH2.Xg34882.t3,32257287,32260347,ChrX,lupulus_ChrX,235979074,235982134,PAR
3.47E-06,0.00347318,0.001,HuLuLuH1.Yg34296.t1,HuLuLuH2.Xg34883.t1,32221499,32226008,ChrX,lupulus_ChrX,236013413,236017922,PAR
0.002851,0.0128942,0.221107,HuLuLuH1.Yg34301.t1,HuLuLuH2.Xg34885.t1,31699827,31704734,ChrX,lupulus_ChrX,236534687,236539594,PAR
0.00579596,0.053862,0.107607,HuLuLuH1.Yg34302.t1,HuLuLuH2.Xg34887.t1,31471863,31472120,ChrX,lupulus_ChrX,236767301,236767558,PAR
0.00116971,0.00423571,0.276156,HuLuLuH1.Yg34304.t1,HuLuLuH2.Xg34890.t1,31135703,31139817,ChrX,lupulus_ChrX,237099604,237103718,PAR
0.00388291,7.77E-05,50,HuLuLuH1.Yg34305.t1,HuLuLuH2.Xg34892.t1,30990724,30991074,ChrX,lupulus_ChrX,237248347,237248697,PAR
0.00595855,0.00210091,2.83618,HuLuLuH1.Yg34306.t2,HuLuLuH2.Xg34893.t2,30960298,30965455,ChrX,lupulus_ChrX,237273966,237279123,PAR
NA,NA,NA,HuLuLuH1.Yg34307.t1,HuLuLuH2.Xg34896.t1,30877708,30879562,ChrX,lupulus_ChrX,237359859,237361713,PAR
NA,NA,NA,HuLuLuH1.Yg34308.t2,HuLuLuH2.Xg34897.t2,30873965,30876686,ChrX,lupulus_ChrX,237362735,237365456,PAR
0.00890034,0.022922,0.388289,HuLuLuH1.Yg34311.t1,HuLuLuH2.Xg34898.t1,30727546,30729032,ChrX,lupulus_ChrX,237510389,237511875,PAR
0.00366357,0.016319,0.224497,HuLuLuH1.Yg34312.t2,HuLuLuH2.Xg34899.t2,30721115,30726849,ChrX,lupulus_ChrX,237512572,237518306,PAR
0.00630756,0.0199776,0.315731,HuLuLuH1.Yg34314.t1,HuLuLuH2.Xg34900.t1,30709971,30712096,ChrX,lupulus_ChrX,237527325,237529450,PAR
0.00168554,0.023293,0.0723627,HuLuLuH1.Yg34315.t1,HuLuLuH2.Xg34901.t1,30704257,30708696,ChrX,lupulus_ChrX,237530725,237535164,PAR
2.17E-06,0.00217022,0.001,HuLuLuH1.Yg34321.t1,HuLuLuH2.Xg34902.t1,30553256,30561137,ChrX,lupulus_ChrX,237678284,237686165,PAR
0.0111009,0.000226992,48.9044,HuLuLuH1.Yg34325.t1,HuLuLuH2.Xg34905.t2,30451422,30453655,ChrX,lupulus_ChrX,237785766,237787999,PAR
0.00871333,0.00350572,2.48546,HuLuLuH1.Yg34328.t1,HuLuLuH2.Xg34912.t2,30093751,30096838,ChrX,lupulus_ChrX,238142583,238145670,PAR
NA,NA,NA,HuLuLuH1.Yg34329.t1,HuLuLuH2.Xg34913.t1,30050011,30052305,ChrX,lupulus_ChrX,238187116,238189410,PAR
NA,NA,NA,HuLuLuH1.Yg34332.t1,HuLuLuH2.Xg34917.t1,29948512,29950356,ChrX,lupulus_ChrX,238289065,238290909,PAR
0.0159803,0.040574,0.393854,HuLuLuH1.Yg34333.t1,HuLuLuH2.Xg34918.t1,29946971,29947545,ChrX,lupulus_ChrX,238291876,238292450,PAR
NA,NA,NA,HuLuLuH1.Yg34334.t1,HuLuLuH2.Xg34919.t1,29939402,29940732,ChrX,lupulus_ChrX,238298689,238300019,PAR
NA,NA,NA,HuLuLuH1.Yg34335.t1,HuLuLuH2.Xg34920.t1,29932800,29934997,ChrX,lupulus_ChrX,238304424,238306621,PAR
0.00478234,0.00613121,0.779999,HuLuLuH1.Yg34336.t1,HuLuLuH2.Xg34921.t3,29902474,29903114,ChrX,lupulus_ChrX,238336307,238336947,PAR
NA,NA,NA,HuLuLuH1.Yg34341.t1,HuLuLuH2.Xg34930.t1,29685670,29691679,ChrX,lupulus_ChrX,238547742,238553751,PAR
NA,NA,NA,HuLuLuH1.Yg34342.t2,HuLuLuH2.Xg34932.t2,29554459,29556241,ChrX,lupulus_ChrX,238683180,238684962,PAR
0.00344086,0.0103986,0.330895,HuLuLuH1.Yg34343.t1,HuLuLuH2.Xg34933.t1,29550583,29553201,ChrX,lupulus_ChrX,238686220,238688838,PAR
0.0080523,0.0170636,0.4719,HuLuLuH1.Yg34344.t1,HuLuLuH2.Xg34936.t1,29476870,29480395,ChrX,lupulus_ChrX,238759026,238762551,PAR
0.00711682,0.0286546,0.248365,HuLuLuH1.Yg34345.t1,HuLuLuH2.Xg34939.t1,29445756,29446772,ChrX,lupulus_ChrX,238792649,238793665,PAR
0.00865222,0.00324851,2.66344,HuLuLuH1.Yg34346.t1,HuLuLuH2.Xg34941.t1,29211528,29213360,ChrX,lupulus_ChrX,239026061,239027893,PAR
0.00325455,0.00561093,0.580038,HuLuLuH1.Yg34347.t1,HuLuLuH2.Xg34942.t1,29204153,29207552,ChrX,lupulus_ChrX,239031869,239035268,PAR
0.00426573,0.0182517,0.233718,HuLuLuH1.Yg34348.t1,HuLuLuH2.Xg34943.t1,29198041,29198530,ChrX,lupulus_ChrX,239040891,239041380,PAR
0.00187523,0.00396333,0.473145,HuLuLuH1.Yg34349.t1,HuLuLuH2.Xg34944.t1,29111040,29119024,ChrX,lupulus_ChrX,239120397,239128381,PAR
NA,NA,NA,HuLuLuH1.Yg34087.t1,HuLuLuH2.Xg34951.t1,28676581,28678499,ChrX,lupulus_ChrX,239560922,239562840,PAR
0.00501001,0.0264343,0.189527,HuLuLuH1.Yg34085.t1,HuLuLuH2.Xg34953.t1,28627076,28629093,ChrX,lupulus_ChrX,239610328,239612345,PAR
NA,NA,NA,HuLuLuH1.Yg34084.t1,HuLuLuH2.Xg34954.t1,28501715,28504190,ChrX,lupulus_ChrX,239735231,239737706,PAR
2.11E-06,0.00210871,0.001,HuLuLuH1.Yg34079.t1,HuLuLuH2.Xg34955.t1,28229064,28236401,ChrX,lupulus_ChrX,240003020,240010357,PAR
NA,NA,NA,HuLuLuH1.Yg34077.t1,HuLuLuH2.Xg34956.t1,27948967,27951210,ChrX,lupulus_ChrX,240288211,240290454,PAR
NA,NA,NA,HuLuLuH1.Yg34076.t1,HuLuLuH2.Xg34957.t1,27932333,27935851,ChrX,lupulus_ChrX,240303570,240307088,PAR
NA,NA,NA,HuLuLuH1.Yg34074.t1,HuLuLuH2.Xg34959.t1,27922494,27925030,ChrX,lupulus_ChrX,240314391,240316927,PAR
1.23E-05,0.0122678,0.001,HuLuLuH1.Yg34072.t1,HuLuLuH2.Xg34960.t1,27906695,27909417,ChrX,lupulus_ChrX,240330004,240332726,PAR
1.76E-05,0.017647,0.001,HuLuLuH1.Yg34067.t1,HuLuLuH2.Xg34963.t1,27431264,27432507,ChrX,lupulus_ChrX,240806914,240808157,PAR
0.00180578,3.61E-05,50,HuLuLuH1.Yg34063.t1,HuLuLuH2.Xg34967.t1,27282171,27290350,ChrX,lupulus_ChrX,240949071,240957250,PAR
0.00559448,0.00423958,1.31958,HuLuLuH1.Yg34060.t1,HuLuLuH2.Xg34968.t1,27168836,27183091,ChrX,lupulus_ChrX,241056330,241070585,PAR
0.000623454,0.00154529,0.403455,HuLuLuH1.Yg34056.t1,HuLuLuH2.Xg34970.t5,26996626,27000950,ChrX,lupulus_ChrX,241238471,241242795,PAR
NA,NA,NA,HuLuLuH1.Yg34055.t1,HuLuLuH2.Xg34971.t1,26986461,26988790,ChrX,lupulus_ChrX,241250631,241252960,PAR
0.00272261,0.0170445,0.159736,HuLuLuH1.Yg34054.t1,HuLuLuH2.Xg34972.t1,26928622,26929695,ChrX,lupulus_ChrX,241309726,241310799,PAR
1.33E-05,0.0133024,0.001,HuLuLuH1.Yg34052.t1,HuLuLuH2.Xg34973.t1,26822255,26828600,ChrX,lupulus_ChrX,241410821,241417166,PAR
0.00379451,0.0133682,0.283847,HuLuLuH1.Yg34039.t1,HuLuLuH2.Xg34989.t1,26199184,26202680,ChrX,lupulus_ChrX,242036741,242040237,PAR
NA,NA,NA,HuLuLuH1.Yg34036.t1,HuLuLuH2.Xg34993.t1,25955971,25957384,ChrX,lupulus_ChrX,242282037,242283450,PAR
0.00127364,2.55E-05,50,HuLuLuH1.Yg34035.t1,HuLuLuH2.Xg34995.t1,25820875,25823572,ChrX,lupulus_ChrX,242415849,242418546,PAR
0.00317483,0.00886346,0.358193,HuLuLuH1.Yg34034.t1,HuLuLuH2.Xg34996.t1,25817987,25820173,ChrX,lupulus_ChrX,242419248,242421434,PAR
0.0050278,0.0256271,0.196191,HuLuLuH1.Yg34033.t2,HuLuLuH2.Xg35001.t2,25645625,25646358,ChrX,lupulus_ChrX,242593063,242593796,PAR
0.000871123,0.00801478,0.10869,HuLuLuH1.Yg34032.t1,HuLuLuH2.Xg35002.t1,25625451,25644407,ChrX,lupulus_ChrX,242595014,242613970,PAR
0.00756949,0.00923968,0.819237,HuLuLuH1.Yg34031.t1,HuLuLuH2.Xg35004.t1,25505182,25507212,ChrX,lupulus_ChrX,242732209,242734239,PAR
0.00356502,0.0263276,0.13541,HuLuLuH1.Yg34029.t1,HuLuLuH2.Xg35005.t1,25307995,25312535,ChrX,lupulus_ChrX,242926886,242931426,PAR
1.06E-05,0.0106173,0.001,HuLuLuH1.Yg34024.t1,HuLuLuH2.Xg35010.t1,24929949,24931142,ChrX,lupulus_ChrX,243308279,243309472,PAR
NA,NA,NA,HuLuLuH1.Yg34023.t1,HuLuLuH2.Xg35011.t1,24924591,24927920,ChrX,lupulus_ChrX,243311501,243314830,PAR
0.00593102,0.0330343,0.179541,HuLuLuH1.Yg34021.t1,HuLuLuH2.Xg35013.t1,24775518,24778908,ChrX,lupulus_ChrX,243460513,243463903,PAR
2.34E-05,0.0234155,0.001,HuLuLuH1.Yg34020.t1,HuLuLuH2.Xg35014.t1,24772862,24773966,ChrX,lupulus_ChrX,243465455,243466559,PAR
0.0106924,0.0294964,0.362498,HuLuLuH1.Yg34019.t1,HuLuLuH2.Xg35015.t1,24736301,24740998,ChrX,lupulus_ChrX,243498423,243503120,PAR
8.46E-06,0.00845938,0.001,HuLuLuH1.Yg34016.t1,HuLuLuH2.Xg35017.t1,24718243,24720303,ChrX,lupulus_ChrX,243519118,243521178,PAR
NA,NA,NA,HuLuLuH1.Yg34012.t1,HuLuLuH2.Xg35021.t1,24544210,24548097,ChrX,lupulus_ChrX,243691324,243695211,PAR
0.00325254,0.00703891,0.46208,HuLuLuH1.Yg34008.t1,HuLuLuH2.Xg35023.t1,24380563,24403489,ChrX,lupulus_ChrX,243835932,243858858,PAR
0.0139455,0.0207219,0.672984,HuLuLuH1.Yg34005.t1,HuLuLuH2.Xg35024.t1,24347106,24353969,ChrX,lupulus_ChrX,243885452,243892315,PAR
0.00468573,0.0157253,0.297974,HuLuLuH1.Yg34004.t1,HuLuLuH2.Xg35025.t1,24071083,24072468,ChrX,lupulus_ChrX,244166953,244168338,PAR
0.00915104,0.0163213,0.56068,HuLuLuH1.Yg34002.t1,HuLuLuH2.Xg35028.t1,23593868,23597693,ChrX,lupulus_ChrX,244641728,244645553,PAR
0.00532959,0.0094053,0.566658,HuLuLuH1.Yg34000.t1,HuLuLuH2.Xg35029.t1,23529568,23530878,ChrX,lupulus_ChrX,244708543,244709853,PAR
NA,NA,NA,HuLuLuH1.Yg33998.t1,HuLuLuH2.Xg35032.t1,23272163,23280332,ChrX,lupulus_ChrX,244959089,244967258,PAR
0.00901415,0.0592421,0.152158,HuLuLuH1.Yg33997.t1,HuLuLuH2.Xg35034.t1,23198586,23199452,ChrX,lupulus_ChrX,245039969,245040835,PAR
0.000615023,0.00499027,0.123244,HuLuLuH1.Yg33995.t2,HuLuLuH2.Xg35035.t2,23167455,23171181,ChrX,lupulus_ChrX,245068240,245071966,PAR
0.0155902,0.0781772,0.199421,HuLuLuH1.Yg33994.t1,HuLuLuH2.Xg35036.t1,23120138,23121913,ChrX,lupulus_ChrX,245117508,245119283,PAR
0.00532845,0.0155189,0.343352,HuLuLuH1.Yg33993.t1,HuLuLuH2.Xg35037.t1,22940723,22942659,ChrX,lupulus_ChrX,245296762,245298698,PAR
NA,NA,NA,HuLuLuH1.Yg33991.t1,HuLuLuH2.Xg35038.t1,22803996,22805744,ChrX,lupulus_ChrX,245433677,245435425,PAR
0.00230196,0.00496647,0.463501,HuLuLuH1.Yg33990.t1,HuLuLuH2.Xg35039.t1,22788760,22799827,ChrX,lupulus_ChrX,245439594,245450661,PAR
NA,NA,NA,HuLuLuH1.Yg33985.t1,HuLuLuH2.Xg35041.t1,22406663,22407599,ChrX,lupulus_ChrX,245831822,245832758,PAR
NA,NA,NA,HuLuLuH1.Yg33981.t1,HuLuLuH2.Xg35043.t1,22193228,22194862,ChrX,lupulus_ChrX,246044559,246046193,PAR
NA,NA,NA,HuLuLuH1.Yg33973.t2,HuLuLuH2.Xg35044.t2,21955071,21956921,ChrX,lupulus_ChrX,246282500,246284350,PAR
0.00454059,0.0161751,0.280715,HuLuLuH1.Yg33972.t1,HuLuLuH2.Xg35045.t1,21933498,21934981,ChrX,lupulus_ChrX,246304440,246305923,PAR
0.0116073,0.0406211,0.285745,HuLuLuH1.Yg33971.t1,HuLuLuH2.Xg35046.t2,21931319,21932944,ChrX,lupulus_ChrX,246306477,246308102,PAR
0.00241025,0.0161434,0.149302,HuLuLuH1.Yg33969.t1,HuLuLuH2.Xg35049.t1,21802720,21809336,ChrX,lupulus_ChrX,246430085,246436701,PAR
0.00622178,0.01257,0.494969,HuLuLuH1.Yg33968.t1,HuLuLuH2.Xg35050.t1,21725946,21727197,ChrX,lupulus_ChrX,246512224,246513475,PAR
0.0351073,0.0193456,1.81474,HuLuLuH1.Yg33962.t1,HuLuLuH2.Xg35055.t1,21327705,21328037,ChrX,lupulus_ChrX,246911384,246911716,PAR
0.0168296,0.0433486,0.388238,HuLuLuH1.Yg33954.t1,HuLuLuH2.Xg35067.t1,20682517,20683801,ChrX,lupulus_ChrX,247555620,247556904,PAR
0.00619304,0.0199223,0.310859,HuLuLuH1.Yg33951.t1,HuLuLuH2.Xg35073.t1,20511874,20514033,ChrX,lupulus_ChrX,247725388,247727547,PAR
NA,NA,NA,HuLuLuH1.Yg33947.t1,HuLuLuH2.Xg35077.t1,20329285,20332414,ChrX,lupulus_ChrX,247907007,247910136,PAR
NA,NA,NA,HuLuLuH1.Yg33946.t1,HuLuLuH2.Xg35078.t1,20231764,20234694,ChrX,lupulus_ChrX,248004727,248007657,PAR
NA,NA,NA,HuLuLuH1.Yg33945.t1,HuLuLuH2.Xg35079.t1,20227237,20230763,ChrX,lupulus_ChrX,248008658,248012184,PAR
0.00203669,0.00794385,0.256385,HuLuLuH1.Yg33941.t1,HuLuLuH2.Xg35080.t1,20208351,20213593,ChrX,lupulus_ChrX,248025828,248031070,PAR
0.00722793,0.000144871,49.8923,HuLuLuH1.Yg33940.t1,HuLuLuH2.Xg35084.t1,20059933,20060806,ChrX,lupulus_ChrX,248178615,248179488,PAR
NA,NA,NA,HuLuLuH1.Yg33939.t1,HuLuLuH2.Xg35085.t1,20052370,20056649,ChrX,lupulus_ChrX,248182772,248187051,PAR
0.00367805,0.0107905,0.340859,HuLuLuH1.Yg33935.t1,HuLuLuH2.Xg35088.t1,19864086,19868867,ChrX,lupulus_ChrX,248370554,248375335,PAR
0.0256992,0.0145305,1.76864,HuLuLuH1.Yg33934.t1,HuLuLuH2.Xg35091.t1,19829114,19829389,ChrX,lupulus_ChrX,248410032,248410307,PAR
0.00430537,0.0145764,0.295366,HuLuLuH1.Yg34265.t1,HuLuLuH2.Xg35095.t1,19723265,19731945,ChrX,lupulus_ChrX,248507476,248516156,PAR
5.38E-06,0.00538277,0.001,HuLuLuH1.Yg34264.t1,HuLuLuH2.Xg35096.t1,19637790,19657291,ChrX,lupulus_ChrX,248582130,248601631,PAR
0.00737865,0.0124412,0.593084,HuLuLuH1.Yg34263.t1,HuLuLuH2.Xg35097.t1,19574730,19575822,ChrX,lupulus_ChrX,248663599,248664691,PAR
0.00367935,0.00975455,0.377193,HuLuLuH1.Yg34262.t1,HuLuLuH2.Xg35098.t1,19571019,19572614,ChrX,lupulus_ChrX,248666807,248668402,PAR
0.00376038,0.0151078,0.248904,HuLuLuH1.Yg34261.t1,HuLuLuH2.Xg35100.t1,19506736,19507092,ChrX,lupulus_ChrX,248732329,248732685,PAR
0.00525125,0.0654713,0.0802069,HuLuLuH1.Yg34260.t1,HuLuLuH2.Xg35101.t1,19411056,19415541,ChrX,lupulus_ChrX,248823880,248828365,PAR
0.00605859,0.0195255,0.310292,HuLuLuH1.Yg34259.t1,HuLuLuH2.Xg35107.t1,19168412,19170528,ChrX,lupulus_ChrX,249068893,249071009,PAR
0.00041623,0.00145257,0.286548,HuLuLuH1.Yg34257.t1,HuLuLuH2.Xg35108.t1,19125609,19128967,ChrX,lupulus_ChrX,249110454,249113812,PAR
0.00633142,0.06324,0.100117,HuLuLuH1.Yg34253.t1,HuLuLuH2.Xg35109.t1,18943795,18949517,ChrX,lupulus_ChrX,249289904,249295626,PAR
0.00806726,0.0034643,2.32868,HuLuLuH1.Yg34252.t1,HuLuLuH2.Xg35110.t1,18925380,18926255,ChrX,lupulus_ChrX,249313166,249314041,PAR
0.00707927,0.0717709,0.0986369,HuLuLuH1.Yg34248.t1,HuLuLuH2.Xg35115.t1,18789977,18790586,ChrX,lupulus_ChrX,249448835,249449444,PAR
0.0134392,0.0179614,0.748229,HuLuLuH1.Yg34247.t1,HuLuLuH2.Xg35116.t1,18742272,18744917,ChrX,lupulus_ChrX,249494504,249497149,PAR
NA,NA,NA,HuLuLuH1.Yg34244.t1,HuLuLuH2.Xg35121.t1,18581063,18582001,ChrX,lupulus_ChrX,249657420,249658358,PAR
0.00829474,0.0150463,0.551281,HuLuLuH1.Yg34240.t1,HuLuLuH2.Xg35123.t1,18450711,18455481,ChrX,lupulus_ChrX,249783940,249788710,PAR
0.00055654,1.11E-05,50,HuLuLuH1.Yg34237.t2,HuLuLuH2.Xg35127.t2,18292258,18294417,ChrX,lupulus_ChrX,249945004,249947163,PAR
NA,NA,NA,HuLuLuH1.Yg34236.t1,HuLuLuH2.Xg35128.t1,18288475,18289635,ChrX,lupulus_ChrX,249949786,249950946,PAR
0.00563148,0.000113112,49.7866,HuLuLuH1.Yg34235.t2,HuLuLuH2.Xg35129.t2,18287124,18287849,ChrX,lupulus_ChrX,249951572,249952297,PAR
1.25E-06,0.00125381,0.001,HuLuLuH1.Yg34234.t1,HuLuLuH2.Xg35131.t1,18127783,18135083,ChrX,lupulus_ChrX,250104338,250111638,PAR
NA,NA,NA,HuLuLuH1.Yg34233.t1,HuLuLuH2.Xg35132.t1,17976817,17978097,ChrX,lupulus_ChrX,250261324,250262604,PAR
NA,NA,NA,HuLuLuH1.Yg34230.t1,HuLuLuH2.Xg35134.t1,17803325,17805811,ChrX,lupulus_ChrX,250433610,250436096,PAR
0.00633465,0.0147602,0.429172,HuLuLuH1.Yg34221.t1,HuLuLuH2.Xg35145.t1,17338128,17340455,ChrX,lupulus_ChrX,250898966,250901293,PAR
0.00714487,0.0211467,0.337872,HuLuLuH1.Yg34220.t1,HuLuLuH2.Xg35146.t1,17312890,17315268,ChrX,lupulus_ChrX,250924153,250926531,PAR
0.00474578,0.00100757,4.71012,HuLuLuH1.Yg34218.t1,HuLuLuH2.Xg35148.t1,17183318,17187415,ChrX,lupulus_ChrX,251052006,251056103,PAR
2.54E-06,0.00253989,0.001,HuLuLuH1.Yg34215.t1,HuLuLuH2.Xg35151.t1,16840156,16852144,ChrX,lupulus_ChrX,251387277,251399265,PAR
0.00277586,0.0216594,0.12816,HuLuLuH1.Yg34209.t1,HuLuLuH2.Xg35159.t1,16430379,16432526,ChrX,lupulus_ChrX,251806895,251809042,PAR
0.00336387,0.0234555,0.143415,HuLuLuH1.Yg34208.t2,HuLuLuH2.Xg35161.t2,16281165,16282304,ChrX,lupulus_ChrX,251957117,251958256,PAR
0.00420605,0.0284144,0.148025,HuLuLuH1.Yg34207.t1,HuLuLuH2.Xg35163.t2,16222948,16223503,ChrX,lupulus_ChrX,252015918,252016473,PAR
NA,NA,NA,HuLuLuH1.Yg34206.t1,HuLuLuH2.Xg35164.t1,16163191,16167187,ChrX,lupulus_ChrX,252072234,252076230,PAR
0.0464634,0.115,0.404031,HuLuLuH1.Yg33863.t1,HuLuLuH2.Xg35167.t1,15898188,15900420,ChrX,lupulus_ChrX,252339001,252341233,PAR
0.0074913,0.000149826,50,HuLuLuH1.Yg34202.t1,HuLuLuH2.Xg35168.t1,15869564,15870959,ChrX,lupulus_ChrX,252368462,252369857,PAR
0.0110676,0.046236,0.239371,HuLuLuH1.Yg34200.t1,HuLuLuH2.Xg35169.t1,15653254,15653931,ChrX,lupulus_ChrX,252585490,252586167,PAR
0.0214755,0.0832805,0.257869,HuLuLuH1.Yg34199.t1,HuLuLuH2.Xg35171.t1,15596469,15597596,ChrX,lupulus_ChrX,252641825,252642952,PAR
2.23E-06,0.00222794,0.001,HuLuLuH1.Yg34195.t1,HuLuLuH2.Xg35174.t1,15532687,15539559,ChrX,lupulus_ChrX,252699862,252706734,PAR
0.00411649,0.0263775,0.15606,HuLuLuH1.Yg34194.t1,HuLuLuH2.Xg35177.t1,15408546,15409787,ChrX,lupulus_ChrX,252829634,252830875,PAR
0.000702211,0.00250945,0.279827,HuLuLuH1.Yg34193.t1,HuLuLuH2.Xg35178.t1,15400268,15406522,ChrX,lupulus_ChrX,252832899,252839153,PAR
NA,NA,NA,HuLuLuH1.Yg34192.t1,HuLuLuH2.Xg35179.t1,15339710,15344211,ChrX,lupulus_ChrX,252895210,252899711,PAR
NA,NA,NA,HuLuLuH1.Yg34191.t1,HuLuLuH2.Xg35180.t1,15337401,15338972,ChrX,lupulus_ChrX,252900449,252902020,PAR
NA,NA,NA,HuLuLuH1.Yg34190.t1,HuLuLuH2.Xg35181.t1,15237585,15238928,ChrX,lupulus_ChrX,253000493,253001836,PAR
NA,NA,NA,HuLuLuH1.Yg34189.t2,HuLuLuH2.Xg35182.t2,15210118,15213196,ChrX,lupulus_ChrX,253026225,253029303,PAR
0.00537785,0.0266284,0.201959,HuLuLuH1.Yg34187.t1,HuLuLuH2.Xg35185.t1,14738772,14741585,ChrX,lupulus_ChrX,253497836,253500649,PAR
NA,NA,NA,HuLuLuH1.Yg34184.t1,HuLuLuH2.Xg35189.t1,14326088,14331299,ChrX,lupulus_ChrX,253908122,253913333,PAR
1.87E-05,0.0187443,0.001,HuLuLuH1.Yg34183.t1,HuLuLuH2.Xg35192.t1,14052578,14055461,ChrX,lupulus_ChrX,254183960,254186843,PAR
NA,NA,NA,HuLuLuH1.Yg34178.t1,HuLuLuH2.Xg35199.t1,13794473,13801569,ChrX,lupulus_ChrX,254437852,254444948,PAR
NA,NA,NA,HuLuLuH1.Yg34177.t1,HuLuLuH2.Xg35200.t1,13792245,13793249,ChrX,lupulus_ChrX,254446172,254447176,PAR
NA,NA,NA,HuLuLuH1.Yg34175.t1,HuLuLuH2.Xg35201.t1,13786483,13788467,ChrX,lupulus_ChrX,254450954,254452938,PAR
0.00128222,0.020286,0.063207,HuLuLuH1.Yg34173.t1,HuLuLuH2.Xg35203.t1,13595053,13596228,ChrX,lupulus_ChrX,254643193,254644368,PAR
0.00289029,0.0317255,0.0911029,HuLuLuH1.Yg34172.t1,HuLuLuH2.Xg35204.t1,13587348,13587767,ChrX,lupulus_ChrX,254651654,254652073,PAR
0.0130134,0.032024,0.406366,HuLuLuH1.Yg34171.t1,HuLuLuH2.Xg35205.t1,13561470,13563764,ChrX,lupulus_ChrX,254675657,254677951,PAR
0.00228244,0.0378329,0.0603295,HuLuLuH1.Yg34169.t1,HuLuLuH2.Xg35206.t1,13496806,13498089,ChrX,lupulus_ChrX,254741332,254742615,PAR
0.00785392,0.00377382,2.08116,HuLuLuH1.Yg34167.t1,HuLuLuH2.Xg35207.t1,13437836,13440380,ChrX,lupulus_ChrX,254799041,254801585,PAR
NA,NA,NA,HuLuLuH1.Yg34166.t1,HuLuLuH2.Xg35208.t1,13430254,13431780,ChrX,lupulus_ChrX,254807641,254809167,PAR
0.0108088,0.0246852,0.437865,HuLuLuH1.Yg34164.t1,HuLuLuH2.Xg35209.t1,13355832,13357373,ChrX,lupulus_ChrX,254882048,254883589,PAR
0.0118846,0.0203628,0.583646,HuLuLuH1.Yg34163.t1,HuLuLuH2.Xg35210.t1,13246916,13248585,ChrX,lupulus_ChrX,254990836,254992505,PAR
0.00133746,0.00276271,0.484112,HuLuLuH1.Yg34161.t1,HuLuLuH2.Xg35211.t1,13225127,13232210,ChrX,lupulus_ChrX,255007211,255014294,PAR
NA,NA,NA,HuLuLuH1.Yg34160.t1,HuLuLuH2.Xg35212.t1,13223143,13224439,ChrX,lupulus_ChrX,255014982,255016278,PAR
NA,NA,NA,HuLuLuH1.Yg34158.t1,HuLuLuH2.Xg35214.t1,13150369,13152513,ChrX,lupulus_ChrX,255086908,255089052,PAR
0.00236816,0.0189277,0.125116,HuLuLuH1.Yg34156.t1,HuLuLuH2.Xg35215.t1,13101061,13104170,ChrX,lupulus_ChrX,255135251,255138360,PAR
0.0105066,0.0294493,0.356768,HuLuLuH1.Yg34155.t1,HuLuLuH2.Xg35216.t1,13092302,13095355,ChrX,lupulus_ChrX,255144066,255147119,PAR
0.0112299,0.0251152,0.447134,HuLuLuH1.Yg34154.t2,HuLuLuH2.Xg35219.t2,13072429,13075259,ChrX,lupulus_ChrX,255164162,255166992,PAR
1.02E-05,0.0101953,0.001,HuLuLuH1.Yg34145.t1,HuLuLuH2.Xg35230.t1,12734303,12740456,ChrX,lupulus_ChrX,255498965,255505118,PAR
NA,NA,NA,HuLuLuH1.Yg34144.t1,HuLuLuH2.Xg35231.t1,12724503,12733120,ChrX,lupulus_ChrX,255506301,255514918,PAR
3.71E-05,0.0371201,0.001,HuLuLuH1.Yg34141.t1,HuLuLuH2.Xg35233.t1,12573702,12573995,ChrX,lupulus_ChrX,255665426,255665719,PAR
4.11E-06,0.0041069,0.001,HuLuLuH1.Yg34137.t1,HuLuLuH2.Xg35235.t1,12522223,12526809,ChrX,lupulus_ChrX,255712612,255717198,PAR
2.06E-05,0.0206042,0.001,HuLuLuH1.Yg34136.t1,HuLuLuH2.Xg35237.t1,12509027,12512294,ChrX,lupulus_ChrX,255727127,255730394,PAR
NA,NA,NA,HuLuLuH1.Yg34135.t1,HuLuLuH2.Xg35238.t1,12498911,12504131,ChrX,lupulus_ChrX,255735290,255740510,PAR
NA,NA,NA,HuLuLuH1.Yg34134.t1,HuLuLuH2.Xg35240.t1,12363768,12365615,ChrX,lupulus_ChrX,255873806,255875653,PAR
0.00419179,0.0662255,0.0632957,HuLuLuH1.Yg34129.t1,HuLuLuH2.Xg35241.t1,12257888,12259497,ChrX,lupulus_ChrX,255979924,255981533,PAR
0.0182018,0.042699,0.426282,HuLuLuH1.Yg34128.t1,HuLuLuH2.Xg35243.t1,12236514,12246336,ChrX,lupulus_ChrX,255993085,256002907,PAR
0.0153082,0.00948194,1.61446,HuLuLuH1.Yg34122.t1,HuLuLuH2.Xg35248.t1,12102582,12103097,ChrX,lupulus_ChrX,256136324,256136839,PAR
0.0170623,0.0440211,0.387594,HuLuLuH1.Yg34112.t1,HuLuLuH2.Xg35251.t1,11902299,11902874,ChrX,lupulus_ChrX,256336547,256337122,PAR
0.00644836,0.0587586,0.109743,HuLuLuH1.Yg34110.t1,HuLuLuH2.Xg35253.t1,11829898,11830461,ChrX,lupulus_ChrX,256408960,256409523,PAR
0.00771889,0.0162579,0.474779,HuLuLuH1.Yg34109.t1,HuLuLuH2.Xg35256.t1,11744971,11745495,ChrX,lupulus_ChrX,256493926,256494450,PAR
NA,NA,NA,HuLuLuH1.Yg34108.t1,HuLuLuH2.Xg35257.t1,11727040,11733532,ChrX,lupulus_ChrX,256505889,256512381,PAR
0.000918178,0.0124051,0.0740161,HuLuLuH1.Yg34106.t1,HuLuLuH2.Xg35261.t2,11658699,11666200,ChrX,lupulus_ChrX,256573221,256580722,PAR
0.00580635,0.0218874,0.265283,HuLuLuH1.Yg34104.t1,HuLuLuH2.Xg35263.t1,11610706,11614060,ChrX,lupulus_ChrX,256625361,256628715,PAR
3.23E-06,0.00322981,0.001,HuLuLuH1.Yg34103.t1,HuLuLuH2.Xg35264.t1,11605862,11607893,ChrX,lupulus_ChrX,256631528,256633559,PAR
0.0238426,0.0482136,0.494519,HuLuLuH1.Yg34099.t1,HuLuLuH2.Xg35265.t1,11518731,11519061,ChrX,lupulus_ChrX,256720360,256720690,PAR
NA,NA,NA,HuLuLuH1.Yg34091.t1,HuLuLuH2.Xg35273.t1,11074321,11074590,ChrX,lupulus_ChrX,257164831,257165100,PAR
0.0069139,0.00463477,1.49175,HuLuLuH1.Yg34354.t1,HuLuLuH2.Xg35274.t1,11019116,11020219,ChrX,lupulus_ChrX,257219202,257220305,PAR
0.00239398,0.01161,0.206199,HuLuLuH1.Yg34356.t1,HuLuLuH2.Xg35276.t1,11012274,11013220,ChrX,lupulus_ChrX,257226201,257227147,PAR
0.00236591,0.021003,0.112647,HuLuLuH1.Yg34357.t1,HuLuLuH2.Xg35277.t1,11007484,11010799,ChrX,lupulus_ChrX,257228622,257231937,PAR
0.014468,0.0253242,0.57131,HuLuLuH1.Yg34360.t1,HuLuLuH2.Xg35283.t1,10743679,10744665,ChrX,lupulus_ChrX,257494756,257495742,PAR
2.91E-05,0.0290705,0.001,HuLuLuH1.Yg34361.t1,HuLuLuH2.Xg35287.t1,10619280,10622023,ChrX,lupulus_ChrX,257617398,257620141,PAR
0.00275832,0.0188363,0.146436,HuLuLuH1.Yg34362.t1,HuLuLuH2.Xg35288.t1,10602986,10611817,ChrX,lupulus_ChrX,257627604,257636435,PAR
0.0259517,0.023849,1.08817,HuLuLuH1.Yg34363.t1,HuLuLuH2.Xg35289.t1,10511689,10512757,ChrX,lupulus_ChrX,257726664,257727732,PAR
0.00380341,0.0275549,0.13803,HuLuLuH1.Yg34365.t2,HuLuLuH2.Xg35293.t2,10429412,10435919,ChrX,lupulus_ChrX,257803502,257810009,PAR
0.0135422,0.0481198,0.281427,HuLuLuH1.Yg34368.t1,HuLuLuH2.Xg35296.t1,10259739,10263807,ChrX,lupulus_ChrX,257975614,257979682,PAR
0.029168,0.0108921,2.67791,HuLuLuH1.Yg34369.t1,HuLuLuH2.Xg35297.t1,10166518,10208918,ChrX,lupulus_ChrX,258030503,258072903,PAR
0.00661352,0.0327367,0.202022,HuLuLuH1.Yg34370.t1,HuLuLuH2.Xg35299.t1,10081963,10086558,ChrX,lupulus_ChrX,258152863,258157458,PAR
0.00499148,0.0382624,0.130454,HuLuLuH1.Yg34371.t1,HuLuLuH2.Xg35301.t1,10014771,10015919,ChrX,lupulus_ChrX,258223502,258224650,PAR
0.040361,0.000807219,50,HuLuLuH1.Yg34372.t1,HuLuLuH2.Xg35302.t1,10012412,10012681,ChrX,lupulus_ChrX,258226740,258227009,PAR
0.00448278,0.00602223,0.744372,HuLuLuH1.Yg34375.t2,HuLuLuH2.Xg35306.t2,9878834,9881711,ChrX,lupulus_ChrX,258357710,258360587,PAR
0.00876137,0.0244086,0.358945,HuLuLuH1.Yg34376.t1,HuLuLuH2.Xg35309.t1,9862395,9865241,ChrX,lupulus_ChrX,258374180,258377026,PAR
0.00298994,0.0299792,0.099734,HuLuLuH1.Yg34377.t2,HuLuLuH2.Xg35310.t1,9784685,9786757,ChrX,lupulus_ChrX,258452664,258454736,PAR
0.00430335,0.0424157,0.101456,HuLuLuH1.Yg34378.t2,HuLuLuH2.Xg35311.t2,9774381,9782848,ChrX,lupulus_ChrX,258456573,258465040,PAR
0.00670606,0.0378581,0.177137,HuLuLuH1.Yg34380.t1,HuLuLuH2.Xg35312.t1,9644684,9649685,ChrX,lupulus_ChrX,258589736,258594737,PAR
0.0138268,0.0307776,0.449248,HuLuLuH1.Yg34381.t1,HuLuLuH2.Xg35313.t1,9629608,9631263,ChrX,lupulus_ChrX,258608158,258609813,PAR
0.00236149,0.0171611,0.137607,HuLuLuH1.Yg34383.t1,HuLuLuH2.Xg35316.t1,9419582,9422919,ChrX,lupulus_ChrX,258816502,258819839,PAR
1.32E-05,0.013185,0.001,HuLuLuH1.Yg34388.t1,HuLuLuH2.Xg35320.t1,9158752,9159288,ChrX,lupulus_ChrX,259080133,259080669,PAR
0.00552062,0.0275435,0.200433,HuLuLuH1.Yg34389.t1,HuLuLuH2.Xg35321.t1,9132251,9137487,ChrX,lupulus_ChrX,259101934,259107170,PAR
0.00504345,0.0629712,0.0800914,HuLuLuH1.Yg34390.t1,HuLuLuH2.Xg35322.t1,9131508,9131879,ChrX,lupulus_ChrX,259107542,259107913,PAR
0.0106536,0.0575731,0.185044,HuLuLuH1.Yg34391.t1,HuLuLuH2.Xg35327.t1,9060080,9061705,ChrX,lupulus_ChrX,259177716,259179341,PAR
0.00965809,0.0641911,0.150458,HuLuLuH1.Yg34392.t1,HuLuLuH2.Xg35328.t1,9054246,9055880,ChrX,lupulus_ChrX,259183541,259185175,PAR
0.0125489,0.0546693,0.229541,HuLuLuH1.Yg34393.t1,HuLuLuH2.Xg35329.t1,9031863,9033388,ChrX,lupulus_ChrX,259206033,259207558,PAR
0.00305587,0.0243206,0.12565,HuLuLuH1.Yg34394.t1,HuLuLuH2.Xg35330.t1,9027430,9030836,ChrX,lupulus_ChrX,259208585,259211991,PAR
4.13E-05,0.0413054,0.001,HuLuLuH1.Yg34395.t1,HuLuLuH2.Xg35331.t1,9008786,9009437,ChrX,lupulus_ChrX,259229984,259230635,PAR
0.00878905,0.0227426,0.386458,HuLuLuH1.Yg34396.t1,HuLuLuH2.Xg35332.t1,9006745,9008742,ChrX,lupulus_ChrX,259230679,259232676,PAR
0.00286969,0.00723558,0.396609,HuLuLuH1.Yg34401.t2,HuLuLuH2.Xg35337.t2,8948404,8952565,ChrX,lupulus_ChrX,259286856,259291017,PAR
3.07E-05,0.0307453,0.001,HuLuLuH1.Yg34403.t1,HuLuLuH2.Xg35338.t1,8924828,8929787,ChrX,lupulus_ChrX,259309634,259314593,PAR
0.00248479,0.0241185,0.103024,HuLuLuH1.Yg34406.t1,HuLuLuH2.Xg35340.t1,8908978,8910876,ChrX,lupulus_ChrX,259328545,259330443,PAR
0.00607412,0.0279716,0.217153,HuLuLuH1.Yg34408.t1,HuLuLuH2.Xg35343.t1,8767195,8774319,ChrX,lupulus_ChrX,259465102,259472226,PAR
0.00177147,0.0258692,0.0684781,HuLuLuH1.Yg34409.t1,HuLuLuH2.Xg35344.t1,8711830,8716052,ChrX,lupulus_ChrX,259523369,259527591,PAR
0.00800338,0.0804806,0.0994449,HuLuLuH1.Yg34410.t1,HuLuLuH2.Xg35345.t1,8706940,8709950,ChrX,lupulus_ChrX,259529471,259532481,PAR
0.00393437,0.013797,0.285162,HuLuLuH1.Yg34413.t1,HuLuLuH2.Xg35349.t1,8616519,8618264,ChrX,lupulus_ChrX,259621157,259622902,PAR
0.00193791,0.049502,0.0391481,HuLuLuH1.Yg34414.t1,HuLuLuH2.Xg35350.t1,8610349,8613323,ChrX,lupulus_ChrX,259626098,259629072,PAR
0.0121942,0.0240958,0.506069,HuLuLuH1.Yg34415.t1,HuLuLuH2.Xg35351.t1,8579149,8582794,ChrX,lupulus_ChrX,259656627,259660272,PAR
0.0097286,0.0137773,0.706133,HuLuLuH1.Yg34416.t4,HuLuLuH2.Xg35352.t3,8520554,8525361,ChrX,lupulus_ChrX,259714060,259718867,PAR
0.0057348,0.0190659,0.300788,HuLuLuH1.Yg34417.t1,HuLuLuH2.Xg35353.t1,8500817,8515474,ChrX,lupulus_ChrX,259723947,259738604,PAR
0.0135799,0.0270529,0.501973,HuLuLuH1.Yg34418.t1,HuLuLuH2.Xg35354.t1,8495738,8499186,ChrX,lupulus_ChrX,259740235,259743683,PAR
0.00932059,0.0372462,0.250243,HuLuLuH1.Yg34419.t1,HuLuLuH2.Xg35355.t1,8494630,8495259,ChrX,lupulus_ChrX,259744162,259744791,PAR
0.00855273,0.0335495,0.254929,HuLuLuH1.Yg34420.t2,HuLuLuH2.Xg35356.t1,8485871,8492988,ChrX,lupulus_ChrX,259746433,259753550,PAR
0.0043097,8.71E-05,49.4608,HuLuLuH1.Yg34421.t1,HuLuLuH2.Xg35358.t1,8433805,8435744,ChrX,lupulus_ChrX,259803677,259805616,PAR
0.00885391,0.0289525,0.305808,HuLuLuH1.Yg34422.t1,HuLuLuH2.Xg35359.t1,8430905,8432230,ChrX,lupulus_ChrX,259807191,259808516,PAR
0.000671023,0.0266129,0.0252142,HuLuLuH1.Yg34425.t1,HuLuLuH2.Xg35363.t1,8294285,8305442,ChrX,lupulus_ChrX,259933979,259945136,PAR
0.0182916,0.040793,0.448402,HuLuLuH1.Yg34426.t1,HuLuLuH2.Xg35364.t1,8273786,8274316,ChrX,lupulus_ChrX,259965105,259965635,PAR
0.00411332,0.0165127,0.249101,HuLuLuH1.Yg34433.t1,HuLuLuH2.Xg35373.t1,7250996,7255102,ChrX,lupulus_ChrX,260984319,260988425,PAR
0.00717527,0.0339855,0.211127,HuLuLuH1.Yg34439.t1,HuLuLuH2.Xg35377.t1,7098447,7099169,ChrX,lupulus_ChrX,261140252,261140974,PAR
0.00433117,0.0279196,0.15513,HuLuLuH1.Yg34440.t1,HuLuLuH2.Xg35378.t1,7058132,7061531,ChrX,lupulus_ChrX,261177890,261181289,PAR
0.00637721,0.00911893,0.699338,HuLuLuH1.Yg34441.t1,HuLuLuH2.Xg35380.t1,7021121,7022149,ChrX,lupulus_ChrX,261217272,261218300,PAR
0.00198812,0.0145311,0.136819,HuLuLuH1.Yg34442.t1,HuLuLuH2.Xg35381.t1,7015474,7016991,ChrX,lupulus_ChrX,261222430,261223947,PAR
0.00384917,0.0221624,0.17368,HuLuLuH1.Yg34443.t2,HuLuLuH2.Xg35382.t2,7006923,7010909,ChrX,lupulus_ChrX,261228512,261232498,PAR
0.00920781,0.0284598,0.323538,HuLuLuH1.Yg34444.t1,HuLuLuH2.Xg35383.t1,7003988,7005841,ChrX,lupulus_ChrX,261233580,261235433,PAR
0.00424459,8.51E-05,49.8578,HuLuLuH1.Yg34445.t1,HuLuLuH2.Xg35384.t1,7001960,7002262,ChrX,lupulus_ChrX,261237159,261237461,PAR
0.00825015,0.0421005,0.195963,HuLuLuH1.Yg34449.t1,HuLuLuH2.Xg35387.t1,6902058,6907374,ChrX,lupulus_ChrX,261332047,261337363,PAR
0.0107292,0.0220694,0.486155,HuLuLuH1.Yg34450.t1,HuLuLuH2.Xg35388.t1,6857743,6864084,ChrX,lupulus_ChrX,261375337,261381678,PAR
0.0020158,0.026775,0.0752865,HuLuLuH1.Yg34452.t1,HuLuLuH2.Xg35389.t1,6801482,6808091,ChrX,lupulus_ChrX,261431330,261437939,PAR
0.00323714,0.0302773,0.106916,HuLuLuH1.Yg34453.t1,HuLuLuH2.Xg35392.t1,6736091,6741790,ChrX,lupulus_ChrX,261497631,261503330,PAR
0.0059487,0.0202068,0.294391,HuLuLuH1.Yg34456.t1,HuLuLuH2.Xg35397.t1,6622636,6627740,ChrX,lupulus_ChrX,261611681,261616785,PAR
0.000936862,0.0202005,0.0463782,HuLuLuH1.Yg34457.t2,HuLuLuH2.Xg35398.t2,6571554,6576829,ChrX,lupulus_ChrX,261662592,261667867,PAR
0.00267173,0.0222212,0.120233,HuLuLuH1.Yg34458.t1,HuLuLuH2.Xg35399.t1,6550974,6552860,ChrX,lupulus_ChrX,261686561,261688447,PAR
0.00162608,0.036449,0.0446125,HuLuLuH1.Yg34460.t1,HuLuLuH2.Xg35400.t1,6529525,6532986,ChrX,lupulus_ChrX,261706435,261709896,PAR
0.00429046,0.0240359,0.178502,HuLuLuH1.Yg34461.t1,HuLuLuH2.Xg35401.t1,6525177,6528484,ChrX,lupulus_ChrX,261710937,261714244,PAR
0.01334,0.0365919,0.364562,HuLuLuH1.Yg34463.t2,HuLuLuH2.Xg35407.t1,6187719,6188543,ChrX,lupulus_ChrX,262050878,262051702,PAR
0.00983243,0.0383713,0.256245,HuLuLuH1.Yg34474.t1,HuLuLuH2.Xg35417.t1,5972541,5976206,ChrX,lupulus_ChrX,262263215,262266880,PAR
0.0317016,0.0442722,0.716061,HuLuLuH1.Yg34476.t1,HuLuLuH2.Xg35420.t1,5924808,5925734,ChrX,lupulus_ChrX,262313687,262314613,PAR
0.00260064,0.0537372,0.0483955,HuLuLuH1.Yg34479.t1,HuLuLuH2.Xg35425.t1,5775695,5777221,ChrX,lupulus_ChrX,262462200,262463726,PAR
0.0241528,0.0631653,0.382375,HuLuLuH1.Yg34480.t1,HuLuLuH2.Xg35426.t1,5772127,5775180,ChrX,lupulus_ChrX,262464241,262467294,PAR
0.00548728,0.0139104,0.394472,HuLuLuH1.Yg34483.t1,HuLuLuH2.Xg35429.t1,5668799,5672113,ChrX,lupulus_ChrX,262567308,262570622,PAR
0.00889828,0.020656,0.430785,HuLuLuH1.Yg34484.t1,HuLuLuH2.Xg35430.t1,5665894,5668512,ChrX,lupulus_ChrX,262570909,262573527,PAR
0.00349882,0.0146353,0.239067,HuLuLuH1.Yg34485.t1,HuLuLuH2.Xg35432.t1,5651824,5657556,ChrX,lupulus_ChrX,262581865,262587597,PAR
0.00462119,0.0257369,0.179555,HuLuLuH1.Yg34486.t1,HuLuLuH2.Xg35433.t1,5649248,5651005,ChrX,lupulus_ChrX,262588416,262590173,PAR
0.00734696,0.0443209,0.165768,HuLuLuH1.Yg34488.t1,HuLuLuH2.Xg35435.t1,5554137,5556449,ChrX,lupulus_ChrX,262682972,262685284,PAR
0.0120203,0.0107439,1.11881,HuLuLuH1.Yg34489.t1,HuLuLuH2.Xg35436.t1,5550855,5552105,ChrX,lupulus_ChrX,262687316,262688566,PAR
0.0114128,0.0381032,0.299525,HuLuLuH1.Yg34490.t1,HuLuLuH2.Xg35437.t1,5542138,5544519,ChrX,lupulus_ChrX,262694902,262697283,PAR
0.0045795,0.0354926,0.129027,HuLuLuH1.Yg34491.t1,HuLuLuH2.Xg35438.t1,5531232,5541676,ChrX,lupulus_ChrX,262697745,262708189,PAR
0.0134644,0.0440607,0.305587,HuLuLuH1.Yg34492.t1,HuLuLuH2.Xg35439.t1,5521757,5522440,ChrX,lupulus_ChrX,262716981,262717664,PAR
0.00924665,0.0613717,0.150666,HuLuLuH1.Yg34494.t1,HuLuLuH2.Xg35440.t1,5437454,5438703,ChrX,lupulus_ChrX,262800718,262801967,PAR
0.00244667,0.0263885,0.0927174,HuLuLuH1.Yg34497.t2,HuLuLuH2.Xg35442.t1,5338453,5347543,ChrX,lupulus_ChrX,262891878,262900968,PAR
0.00433381,0.0327169,0.132464,HuLuLuH1.Yg34498.t1,HuLuLuH2.Xg35443.t1,5335063,5337578,ChrX,lupulus_ChrX,262901843,262904358,PAR
0.00580782,0.0197599,0.29392,HuLuLuH1.Yg34499.t1,HuLuLuH2.Xg35447.t1,5249036,5258519,ChrX,lupulus_ChrX,262980902,262990385,PAR
0.014393,0.0346532,0.415345,HuLuLuH1.Yg34500.t1,HuLuLuH2.Xg35448.t1,5245755,5248233,ChrX,lupulus_ChrX,262991188,262993666,PAR
0.0104775,0.0515219,0.203359,HuLuLuH1.Yg34501.t1,HuLuLuH2.Xg35449.t1,5199114,5201566,ChrX,lupulus_ChrX,263037855,263040307,PAR
0.0121973,0.0305857,0.398791,HuLuLuH1.Yg34502.t1,HuLuLuH2.Xg35450.t2,5191037,5198095,ChrX,lupulus_ChrX,263041326,263048384,PAR
0.00721465,0.0373163,0.193338,HuLuLuH1.Yg34503.t1,HuLuLuH2.Xg35451.t1,5128940,5132175,ChrX,lupulus_ChrX,263107246,263110481,PAR
0.00864051,0.0286453,0.301638,HuLuLuH1.Yg34505.t1,HuLuLuH2.Xg35453.t2,5105152,5108993,ChrX,lupulus_ChrX,263130428,263134269,PAR
0.0104948,0.058334,0.179909,HuLuLuH1.Yg34507.t2,HuLuLuH2.Xg35456.t2,4965804,4968741,ChrX,lupulus_ChrX,263270680,263273617,PAR
0.0051108,0.0253204,0.201845,HuLuLuH1.Yg34508.t1,HuLuLuH2.Xg35457.t1,4937942,4941257,ChrX,lupulus_ChrX,263298164,263301479,PAR
0.00110362,0.0253082,0.0436071,HuLuLuH1.Yg34509.t1,HuLuLuH2.Xg35458.t1,4918468,4922309,ChrX,lupulus_ChrX,263317112,263320953,PAR
0.00152683,0.0368633,0.0414186,HuLuLuH1.Yg34510.t1,HuLuLuH2.Xg35459.t2,4914165,4917186,ChrX,lupulus_ChrX,263322235,263325256,PAR
0.00983463,0.0210466,0.467279,HuLuLuH1.Yg34511.t1,HuLuLuH2.Xg35462.t1,4784186,4784749,ChrX,lupulus_ChrX,263454672,263455235,PAR
3.70E-05,0.0369997,0.001,HuLuLuH1.Yg34512.t1,HuLuLuH2.Xg35463.t1,4774591,4775831,ChrX,lupulus_ChrX,263463590,263464830,PAR
0.00436974,0.00830156,0.526376,HuLuLuH1.Yg34513.t1,HuLuLuH2.Xg35464.t1,4727784,4730755,ChrX,lupulus_ChrX,263508666,263511637,PAR
0.00969885,0.0470093,0.206318,HuLuLuH1.Yg34516.t1,HuLuLuH2.Xg35468.t1,4690239,4692419,ChrX,lupulus_ChrX,263547002,263549182,PAR
0.0056606,0.0416784,0.135816,HuLuLuH1.Yg34518.t1,HuLuLuH2.Xg35470.t1,4673050,4675937,ChrX,lupulus_ChrX,263563484,263566371,PAR
0.0124269,0.0526615,0.235977,HuLuLuH1.Yg34519.t1,HuLuLuH2.Xg35471.t1,4669603,4671944,ChrX,lupulus_ChrX,263567477,263569818,PAR
0.00818909,0.0569959,0.143679,HuLuLuH1.Yg34520.t1,HuLuLuH2.Xg35472.t1,4642481,4644619,ChrX,lupulus_ChrX,263594802,263596940,PAR
0.00576669,0.0485355,0.118814,HuLuLuH1.Yg34523.t1,HuLuLuH2.Xg35475.t1,4582227,4583138,ChrX,lupulus_ChrX,263656283,263657194,PAR
0.00292629,0.0224849,0.130145,HuLuLuH1.Yg34524.t1,HuLuLuH2.Xg35477.t1,4536182,4543208,ChrX,lupulus_ChrX,263696213,263703239,PAR
3.47E-05,0.0347489,0.001,HuLuLuH1.Yg34525.t2,HuLuLuH2.Xg35478.t1,4514440,4517565,ChrX,lupulus_ChrX,263721856,263724981,PAR
0.0014495,0.0565704,0.0256229,HuLuLuH1.Yg34526.t1,HuLuLuH2.Xg35479.t1,4471217,4472321,ChrX,lupulus_ChrX,263767100,263768204,PAR
0.0335593,0.101075,0.332025,HuLuLuH1.Yg34527.t1,HuLuLuH2.Xg35480.t1,4420364,4420921,ChrX,lupulus_ChrX,263818500,263819057,PAR
0.00707103,0.018661,0.37892,HuLuLuH1.Yg34528.t2,HuLuLuH2.Xg35484.t1,4282642,4286198,ChrX,lupulus_ChrX,263953223,263956779,PAR
0.00328026,0.0277681,0.11813,HuLuLuH1.Yg34529.t1,HuLuLuH2.Xg35485.t1,4274525,4278915,ChrX,lupulus_ChrX,263960506,263964896,PAR
0.00339704,0.0107428,0.316216,HuLuLuH1.Yg34530.t1,HuLuLuH2.Xg35486.t1,4270438,4272803,ChrX,lupulus_ChrX,263966618,263968983,PAR
0.00347477,0.0219324,0.158431,HuLuLuH1.Yg34553.t1,HuLuLuH2.Xg35498.t1,3889068,3893189,ChrX,lupulus_ChrX,264346232,264350353,PAR
0.00772481,0.0308719,0.250221,HuLuLuH1.Yg34559.t2,HuLuLuH2.Xg35502.t2,3635424,3640212,ChrX,lupulus_ChrX,264599209,264603997,PAR
0.00546634,0.0330841,0.165226,HuLuLuH1.Yg34560.t1,HuLuLuH2.Xg35503.t1,3630014,3631246,ChrX,lupulus_ChrX,264608175,264609407,PAR
0.00521827,0.0214233,0.243579,HuLuLuH1.Yg34561.t1,HuLuLuH2.Xg35504.t1,3626525,3628809,ChrX,lupulus_ChrX,264610612,264612896,PAR
0.00265098,0.0375736,0.0705544,HuLuLuH1.Yg34562.t1,HuLuLuH2.Xg35505.t1,3621046,3624148,ChrX,lupulus_ChrX,264615273,264618375,PAR
0.00882401,0.0311212,0.283537,HuLuLuH1.Yg34563.t1,HuLuLuH2.Xg35506.t1,3574608,3577309,ChrX,lupulus_ChrX,264662112,264664813,PAR
0.0103686,0.0376414,0.275456,HuLuLuH1.Yg34564.t1,HuLuLuH2.Xg35507.t1,3567027,3572515,ChrX,lupulus_ChrX,264666906,264672394,PAR
0.014215,0.0432037,0.329023,HuLuLuH1.Yg34565.t1,HuLuLuH2.Xg35508.t1,3492013,3498721,ChrX,lupulus_ChrX,264740700,264747408,PAR
0.0219264,0.0506333,0.433043,HuLuLuH1.Yg34566.t1,HuLuLuH2.Xg35511.t2,3396372,3397184,ChrX,lupulus_ChrX,264842237,264843049,PAR
0.0057438,0.062862,0.0913715,HuLuLuH1.Yg34567.t1,HuLuLuH2.Xg35512.t1,3296473,3297831,ChrX,lupulus_ChrX,264941590,264942948,PAR
0.00436156,0.0329982,0.132176,HuLuLuH1.Yg34568.t1,HuLuLuH2.Xg35513.t1,3292485,3296230,ChrX,lupulus_ChrX,264943191,264946936,PAR
0.00682222,0.0403891,0.168912,HuLuLuH1.Yg34569.t2,HuLuLuH2.Xg35514.t2,3273928,3277586,ChrX,lupulus_ChrX,264961835,264965493,PAR
0.0102023,0.0323066,0.315796,HuLuLuH1.Yg34570.t1,HuLuLuH2.Xg35515.t1,3264011,3272433,ChrX,lupulus_ChrX,264966988,264975410,PAR
0.0153914,0.0434455,0.354268,HuLuLuH1.Yg34571.t1,HuLuLuH2.Xg35516.t1,3255636,3258275,ChrX,lupulus_ChrX,264981146,264983785,PAR
0.00354233,0.0290934,0.121757,HuLuLuH1.Yg34572.t1,HuLuLuH2.Xg35517.t1,3250001,3253018,ChrX,lupulus_ChrX,264986403,264989420,PAR
0.010275,0.0463707,0.221585,HuLuLuH1.Yg34573.t1,HuLuLuH2.Xg35518.t1,3243395,3246667,ChrX,lupulus_ChrX,264992754,264996026,PAR
1.58E-05,0.0158428,0.001,HuLuLuH1.Yg34576.t1,HuLuLuH2.Xg35519.t1,3209203,3209700,ChrX,lupulus_ChrX,265029721,265030218,PAR
0.00855311,0.0306837,0.278751,HuLuLuH1.Yg34577.t1,HuLuLuH2.Xg35520.t1,3170572,3171015,ChrX,lupulus_ChrX,265068406,265068849,PAR
0.0017367,0.0469161,0.0370171,HuLuLuH1.Yg34578.t1,HuLuLuH2.Xg35521.t1,3166067,3169739,ChrX,lupulus_ChrX,265069682,265073354,PAR
0.00344021,0.049972,0.0688428,HuLuLuH1.Yg34581.t1,HuLuLuH2.Xg35522.t1,3130880,3134036,ChrX,lupulus_ChrX,265105385,265108541,PAR
0.0105651,0.0334944,0.315428,HuLuLuH1.Yg34583.t1,HuLuLuH2.Xg35523.t1,3089802,3094353,ChrX,lupulus_ChrX,265145068,265149619,PAR
0.00286064,0.0415257,0.0688884,HuLuLuH1.Yg34584.t1,HuLuLuH2.Xg35524.t1,3079299,3084941,ChrX,lupulus_ChrX,265154480,265160122,PAR
0.00335183,0.0388052,0.0863758,HuLuLuH1.Yg34585.t1,HuLuLuH2.Xg35525.t1,3024977,3029319,ChrX,lupulus_ChrX,265210102,265214444,PAR
0.0076229,0.0428703,0.177813,HuLuLuH1.Yg34586.t1,HuLuLuH2.Xg35526.t1,3015568,3018479,ChrX,lupulus_ChrX,265220942,265223853,PAR
0.00614629,0.0651616,0.0943238,HuLuLuH1.Yg34587.t1,HuLuLuH2.Xg35527.t1,3008326,3012316,ChrX,lupulus_ChrX,265227105,265231095,PAR
0.0100173,0.047329,0.211652,HuLuLuH1.Yg34588.t1,HuLuLuH2.Xg35528.t1,2997947,2998841,ChrX,lupulus_ChrX,265240580,265241474,PAR
0.00502477,0.0271572,0.185025,HuLuLuH1.Yg34589.t2,HuLuLuH2.Xg35529.t2,2980698,2996496,ChrX,lupulus_ChrX,265242925,265258723,PAR
0.00196199,0.0287046,0.0683509,HuLuLuH1.Yg34592.t1,HuLuLuH2.Xg35533.t1,2879646,2887633,ChrX,lupulus_ChrX,265351788,265359775,PAR
0.0138954,0.0254316,0.546381,HuLuLuH1.Yg34593.t1,HuLuLuH2.Xg35534.t1,2862097,2863256,ChrX,lupulus_ChrX,265376165,265377324,PAR
0.00773132,0.0766153,0.100911,HuLuLuH1.Yg34594.t1,HuLuLuH2.Xg35535.t1,2861083,2861433,ChrX,lupulus_ChrX,265377988,265378338,PAR
0.0134581,0.0381637,0.352641,HuLuLuH1.Yg34595.t1,HuLuLuH2.Xg35536.t1,2858404,2859954,ChrX,lupulus_ChrX,265379467,265381017,PAR
0.00396747,0.0469525,0.0844996,HuLuLuH1.Yg34596.t2,HuLuLuH2.Xg35537.t2,2853509,2856419,ChrX,lupulus_ChrX,265383002,265385912,PAR
0.0046217,0.0304748,0.151656,HuLuLuH1.Yg34597.t1,HuLuLuH2.Xg35538.t1,2844535,2851990,ChrX,lupulus_ChrX,265387431,265394886,PAR
0.00518084,0.0453717,0.114186,HuLuLuH1.Yg34598.t1,HuLuLuH2.Xg35539.t1,2747628,2752188,ChrX,lupulus_ChrX,265487233,265491793,PAR
0.015364,0.0279193,0.5503,HuLuLuH1.Yg34600.t1,HuLuLuH2.Xg35541.t1,2692336,2700178,ChrX,lupulus_ChrX,265539243,265547085,PAR
0.0214698,0.0489287,0.438797,HuLuLuH1.Yg34604.t1,HuLuLuH2.Xg35543.t1,2666784,2667796,ChrX,lupulus_ChrX,265571625,265572637,PAR
0.0245909,0.0276615,0.888992,HuLuLuH1.Yg34605.t1,HuLuLuH2.Xg35544.t1,2652237,2653744,ChrX,lupulus_ChrX,265585677,265587184,PAR
0.0241263,0.0638412,0.377912,HuLuLuH1.Yg34606.t1,HuLuLuH2.Xg35545.t1,2625343,2626701,ChrX,lupulus_ChrX,265612720,265614078,PAR
0.0172249,0.0163886,1.05103,HuLuLuH1.Yg34607.t1,HuLuLuH2.Xg35549.t1,2487888,2545977,ChrX,lupulus_ChrX,265693444,265751533,PAR
0.0109993,0.088964,0.123638,HuLuLuH1.Yg34608.t1,HuLuLuH2.Xg35550.t1,2480090,2481541,ChrX,lupulus_ChrX,265757880,265759331,PAR
0.0115524,0.0323637,0.356957,HuLuLuH1.Yg34609.t1,HuLuLuH2.Xg35551.t1,2382592,2383617,ChrX,lupulus_ChrX,265855804,265856829,PAR
0.0135174,0.0284692,0.47481,HuLuLuH1.Yg34610.t2,HuLuLuH2.Xg35553.t1,2332147,2336992,ChrX,lupulus_ChrX,265902429,265907274,PAR
0.00465672,0.0305299,0.15253,HuLuLuH1.Yg34612.t1,HuLuLuH2.Xg35555.t1,2317796,2320825,ChrX,lupulus_ChrX,265918596,265921625,PAR
2.68E-05,0.026764,0.001,HuLuLuH1.Yg34613.t1,HuLuLuH2.Xg35556.t1,2311594,2314797,ChrX,lupulus_ChrX,265924624,265927827,PAR
0.00383632,0.0189493,0.202452,HuLuLuH1.Yg34614.t1,HuLuLuH2.Xg35557.t1,2296985,2300087,ChrX,lupulus_ChrX,265939334,265942436,PAR
0.0153044,0.063803,0.239869,HuLuLuH1.Yg34615.t1,HuLuLuH2.Xg35558.t1,2293916,2294293,ChrX,lupulus_ChrX,265945128,265945505,PAR
NA,NA,NA,HuLuLuH1.Yg34618.t1,HuLuLuH2.Xg35560.t1,2252426,2257469,ChrX,lupulus_ChrX,265981952,265986995,PAR
0.00622931,0.0588757,0.105805,HuLuLuH1.Yg34619.t2,HuLuLuH2.Xg35561.t2,2233387,2234724,ChrX,lupulus_ChrX,266004697,266006034,PAR
0.00243831,0.00339594,0.718006,HuLuLuH1.Yg34621.t1,HuLuLuH2.Xg35562.t1,2169333,2172631,ChrX,lupulus_ChrX,266066790,266070088,PAR
0.0115483,0.0280328,0.411956,HuLuLuH1.Yg34622.t1,HuLuLuH2.Xg35563.t1,2161978,2165355,ChrX,lupulus_ChrX,266074066,266077443,PAR
0.00829379,0.0119224,0.695646,HuLuLuH1.Yg34623.t1,HuLuLuH2.Xg35564.t1,2155925,2157586,ChrX,lupulus_ChrX,266081835,266083496,PAR
0.00212628,0.00934163,0.227614,HuLuLuH1.Yg34624.t1,HuLuLuH2.Xg35565.t1,2143126,2145715,ChrX,lupulus_ChrX,266093706,266096295,PAR
NA,NA,NA,HuLuLuH1.Yg34625.t1,HuLuLuH2.Xg35566.t1,2134945,2136030,ChrX,lupulus_ChrX,266103391,266104476,PAR
NA,NA,NA,HuLuLuH1.Yg34627.t1,HuLuLuH2.Xg35567.t1,2102328,2104578,ChrX,lupulus_ChrX,266134843,266137093,PAR
0.00771387,0.0201372,0.383065,HuLuLuH1.Yg34643.t1,HuLuLuH2.Xg35578.t1,1790806,1794801,ChrX,lupulus_ChrX,266444620,266448615,PAR
0.00459039,0.0322839,0.142188,HuLuLuH1.Yg34644.t1,HuLuLuH2.Xg35579.t1,1786818,1790069,ChrX,lupulus_ChrX,266449352,266452603,PAR
NA,NA,NA,HuLuLuH1.Yg34645.t1,HuLuLuH2.Xg35580.t1,1769291,1777739,ChrX,lupulus_ChrX,266461682,266470130,PAR
NA,NA,NA,HuLuLuH1.Yg34646.t1,HuLuLuH2.Xg35581.t1,1760108,1763618,ChrX,lupulus_ChrX,266475803,266479313,PAR
NA,NA,NA,HuLuLuH1.Yg34647.t1,HuLuLuH2.Xg35582.t1,1721523,1739278,ChrX,lupulus_ChrX,266500143,266517898,PAR
0.00829517,0.00617402,1.34356,HuLuLuH1.Yg34649.t1,HuLuLuH2.Xg35584.t1,1715326,1716244,ChrX,lupulus_ChrX,266523177,266524095,PAR
0.00470023,0.00668566,0.703033,HuLuLuH1.Yg34650.t1,HuLuLuH2.Xg35585.t1,1710641,1714076,ChrX,lupulus_ChrX,266525345,266528780,PAR
NA,NA,NA,HuLuLuH1.Yg34652.t1,HuLuLuH2.Xg35587.t1,1693705,1697296,ChrX,lupulus_ChrX,266542125,266545716,PAR
0.00226758,0.0106021,0.213881,HuLuLuH1.Yg34653.t1,HuLuLuH2.Xg35588.t1,1683324,1688919,ChrX,lupulus_ChrX,266550502,266556097,PAR
0.00508381,0.0673286,0.0755074,HuLuLuH1.Yg34654.t1,HuLuLuH2.Xg35589.t1,1681589,1683439,ChrX,lupulus_ChrX,266555982,266557832,PAR
7.15E-06,0.00714622,0.001,HuLuLuH1.Yg34655.t1,HuLuLuH2.Xg35590.t1,1645948,1651996,ChrX,lupulus_ChrX,266587425,266593473,PAR
1.06E-05,0.0106479,0.001,HuLuLuH1.Yg34658.t1,HuLuLuH2.Xg35593.t1,1596693,1602324,ChrX,lupulus_ChrX,266637097,266642728,PAR
0.00334214,0.0105086,0.318037,HuLuLuH1.Yg34659.t1,HuLuLuH2.Xg35594.t1,1556316,1557908,ChrX,lupulus_ChrX,266681513,266683105,PAR
NA,NA,NA,HuLuLuH1.Yg34660.t1,HuLuLuH2.Xg35595.t1,1539945,1544391,ChrX,lupulus_ChrX,266695030,266699476,PAR
NA,NA,NA,HuLuLuH1.Yg34661.t2,HuLuLuH2.Xg35596.t1,1534382,1537302,ChrX,lupulus_ChrX,266702119,266705039,PAR
NA,NA,NA,HuLuLuH1.Yg34662.t1,HuLuLuH2.Xg35597.t1,1530183,1530746,ChrX,lupulus_ChrX,266708675,266709238,PAR
NA,NA,NA,HuLuLuH1.Yg34666.t1,HuLuLuH2.Xg35601.t1,1441342,1458411,ChrX,lupulus_ChrX,266781010,266798079,PAR
NA,NA,NA,HuLuLuH1.Yg34670.t1,HuLuLuH2.Xg35604.t1,1335766,1336119,ChrX,lupulus_ChrX,266903302,266903655,PAR
NA,NA,NA,HuLuLuH1.Yg34671.t3,HuLuLuH2.Xg35605.t2,1268652,1272010,ChrX,lupulus_ChrX,266967411,266970769,PAR
NA,NA,NA,HuLuLuH1.Yg34672.t1,HuLuLuH2.Xg35606.t1,1217122,1220671,ChrX,lupulus_ChrX,267018750,267022299,PAR
NA,NA,NA,HuLuLuH1.Yg34673.t1,HuLuLuH2.Xg35607.t1,1205523,1207770,ChrX,lupulus_ChrX,267031651,267033898,PAR
NA,NA,NA,HuLuLuH1.Yg34674.t1,HuLuLuH2.Xg35608.t1,1201913,1202602,ChrX,lupulus_ChrX,267036819,267037508,PAR
NA,NA,NA,HuLuLuH1.Yg34676.t1,HuLuLuH2.Xg35610.t1,1189493,1192112,ChrX,lupulus_ChrX,267047309,267049928,PAR
0.00246864,0.00998896,0.247137,HuLuLuH1.Yg34677.t1,HuLuLuH2.Xg35611.t1,1162116,1165012,ChrX,lupulus_ChrX,267074409,267077305,PAR
NA,NA,NA,HuLuLuH1.Yg34678.t1,HuLuLuH2.Xg35612.t1,1151137,1153177,ChrX,lupulus_ChrX,267086244,267088284,PAR
NA,NA,NA,HuLuLuH1.Yg34679.t2,HuLuLuH2.Xg35613.t2,1136432,1141617,ChrX,lupulus_ChrX,267097804,267102989,PAR
0.00147216,0.000172632,8.5277,HuLuLuH1.Yg34683.t1,HuLuLuH2.Xg35618.t1,1038307,1042050,ChrX,lupulus_ChrX,267197371,267201114,PAR
NA,NA,NA,HuLuLuH1.Yg34684.t2,HuLuLuH2.Xg35619.t2,1035841,1037604,ChrX,lupulus_ChrX,267201817,267203580,PAR
NA,NA,NA,HuLuLuH1.Yg34685.t1,HuLuLuH2.Xg35620.t1,1011925,1012401,ChrX,lupulus_ChrX,267227020,267227496,PAR
6.72E-06,0.00672346,0.001,HuLuLuH1.Yg34686.t1,HuLuLuH2.Xg35621.t1,1004488,1007010,ChrX,lupulus_ChrX,267232411,267234933,PAR
0.00775235,0.0166679,0.465107,HuLuLuH1.Yg34687.t1,HuLuLuH2.Xg35622.t1,995296,1002482,ChrX,lupulus_ChrX,267236939,267244125,PAR
0.0136296,0.0590372,0.230865,HuLuLuH1.Yg34688.t1,HuLuLuH2.Xg35623.t1,989780,994087,ChrX,lupulus_ChrX,267245334,267249641,PAR
NA,NA,NA,HuLuLuH1.Yg34689.t2,HuLuLuH2.Xg35624.t2,980639,982977,ChrX,lupulus_ChrX,267256444,267258782,PAR
0.0015055,3.03E-05,49.7665,HuLuLuH1.Yg34691.t1,HuLuLuH2.Xg35626.t1,961969,964483,ChrX,lupulus_ChrX,267274938,267277452,PAR
2.67E-06,0.00266532,0.001,HuLuLuH1.Yg34692.t1,HuLuLuH2.Xg35627.t1,959588,961271,ChrX,lupulus_ChrX,267278150,267279833,PAR
NA,NA,NA,HuLuLuH1.Yg34693.t1,HuLuLuH2.Xg35628.t1,952813,954156,ChrX,lupulus_ChrX,267285265,267286608,PAR
0.000897819,0.00148522,0.604503,HuLuLuH1.Yg34694.t1,HuLuLuH2.Xg35629.t1,948027,951736,ChrX,lupulus_ChrX,267287685,267291394,PAR
NA,NA,NA,HuLuLuH1.Yg34695.t1,HuLuLuH2.Xg35630.t1,939145,939966,ChrX,lupulus_ChrX,267299455,267300276,PAR
NA,NA,NA,HuLuLuH1.Yg34697.t1,HuLuLuH2.Xg35631.t1,918570,921104,ChrX,lupulus_ChrX,267318317,267320851,PAR
NA,NA,NA,HuLuLuH1.Yg34698.t3,HuLuLuH2.Xg35632.t3,876879,908408,ChrX,lupulus_ChrX,267331013,267362542,PAR
NA,NA,NA,HuLuLuH1.Yg34699.t1,HuLuLuH2.Xg35633.t1,893791,894708,ChrX,lupulus_ChrX,267344713,267345630,PAR
0.0114432,0.0119199,0.960013,HuLuLuH1.Yg34700.t1,HuLuLuH2.Xg35634.t1,861331,863598,ChrX,lupulus_ChrX,267375823,267378090,PAR
NA,NA,NA,HuLuLuH1.Yg34701.t1,HuLuLuH2.Xg35635.t1,850293,853715,ChrX,lupulus_ChrX,267385706,267389128,PAR
NA,NA,NA,HuLuLuH1.Yg34704.t1,HuLuLuH2.Xg35637.t1,836060,836650,ChrX,lupulus_ChrX,267402771,267403361,PAR
3.27E-06,0.00327088,0.001,HuLuLuH1.Yg34706.t1,HuLuLuH2.Xg35639.t1,785549,791499,ChrX,lupulus_ChrX,267447922,267453872,PAR
1.38E-06,0.00138236,0.001,HuLuLuH1.Yg34707.t2,HuLuLuH2.Xg35640.t2,772201,778527,ChrX,lupulus_ChrX,267460894,267467220,PAR
0.00835279,0.0255173,0.327338,HuLuLuH1.Yg34708.t1,HuLuLuH2.Xg35641.t1,768597,769397,ChrX,lupulus_ChrX,267470024,267470824,PAR
0.0130946,0.0361869,0.36186,HuLuLuH1.Yg34709.t2,HuLuLuH2.Xg35642.t2,762450,766523,ChrX,lupulus_ChrX,267472898,267476971,PAR
NA,NA,NA,HuLuLuH1.Yg34712.t1,HuLuLuH2.Xg35643.t1,703541,704808,ChrX,lupulus_ChrX,267534613,267535880,PAR
NA,NA,NA,HuLuLuH1.Yg34714.t1,HuLuLuH2.Xg35644.t1,637675,639449,ChrX,lupulus_ChrX,267599972,267601746,PAR
NA,NA,NA,HuLuLuH1.Yg34715.t1,HuLuLuH2.Xg35645.t1,635170,636906,ChrX,lupulus_ChrX,267602515,267604251,PAR
NA,NA,NA,HuLuLuH1.Yg34717.t1,HuLuLuH2.Xg35647.t1,619851,623275,ChrX,lupulus_ChrX,267616146,267619570,PAR
NA,NA,NA,HuLuLuH1.Yg34718.t1,HuLuLuH2.Xg35648.t1,616283,616654,ChrX,lupulus_ChrX,267622767,267623138,PAR
0.000857962,0.0263771,0.0325268,HuLuLuH1.Yg34719.t1,HuLuLuH2.Xg35649.t1,606302,614301,ChrX,lupulus_ChrX,267625120,267633119,PAR
0.00332013,0.00474889,0.699138,HuLuLuH1.Yg34720.t2,HuLuLuH2.Xg35650.t1,596779,598664,ChrX,lupulus_ChrX,267640757,267642642,PAR
0.00258264,0.00837214,0.30848,HuLuLuH1.Yg34721.t1,HuLuLuH2.Xg35651.t1,544184,547550,ChrX,lupulus_ChrX,267691871,267695237,PAR
NA,NA,NA,HuLuLuH1.Yg34723.t1,HuLuLuH2.Xg35652.t1,468539,474251,ChrX,lupulus_ChrX,267765170,267770882,PAR
NA,NA,NA,HuLuLuH1.Yg34724.t1,HuLuLuH2.Xg35653.t1,463070,465833,ChrX,lupulus_ChrX,267773588,267776351,PAR
NA,NA,NA,HuLuLuH1.Yg34725.t2,HuLuLuH2.Xg35654.t1,454860,460133,ChrX,lupulus_ChrX,267779288,267784561,PAR
NA,NA,NA,HuLuLuH1.Yg34727.t1,HuLuLuH2.Xg35656.t1,429598,433239,ChrX,lupulus_ChrX,267806182,267809823,PAR
NA,NA,NA,HuLuLuH1.Yg34728.t1,HuLuLuH2.Xg35657.t1,423021,427092,ChrX,lupulus_ChrX,267812329,267816400,PAR
NA,NA,NA,HuLuLuH1.Yg34729.t1,HuLuLuH2.Xg35658.t1,406729,407343,ChrX,lupulus_ChrX,267832078,267832692,PAR
0.00347901,0.0138898,0.250473,HuLuLuH1.Yg34730.t1,HuLuLuH2.Xg35659.t1,399982,400891,ChrX,lupulus_ChrX,267838530,267839439,PAR
0.00163149,3.31E-05,49.3128,HuLuLuH1.Yg34731.t1,HuLuLuH2.Xg35660.t1,396327,399283,ChrX,lupulus_ChrX,267840138,267843094,PAR
0.00215965,4.32E-05,50,HuLuLuH1.Yg34732.t1,HuLuLuH2.Xg35661.t1,385783,389134,ChrX,lupulus_ChrX,267850287,267853638,PAR
NA,NA,NA,HuLuLuH1.Yg34733.t1,HuLuLuH2.Xg35662.t1,379319,381682,ChrX,lupulus_ChrX,267857739,267860102,PAR
0.0133959,0.0260083,0.515063,HuLuLuH1.Yg34735.t1,HuLuLuH2.Xg35664.t1,361616,364105,ChrX,lupulus_ChrX,267875316,267877805,PAR
0.00210839,0.0112178,0.18795,HuLuLuH1.Yg34736.t1,HuLuLuH2.Xg35665.t1,357602,359948,ChrX,lupulus_ChrX,267879473,267881819,PAR
0.00311063,0.0272769,0.114039,HuLuLuH1.Yg34740.t2,HuLuLuH2.Xg35667.t2,310009,315917,ChrX,lupulus_ChrX,267923504,267929412,PAR
NA,NA,NA,HuLuLuH1.Yg34741.t1,HuLuLuH2.Xg35668.t1,302409,304609,ChrX,lupulus_ChrX,267934812,267937012,PAR
NA,NA,NA,HuLuLuH1.Yg34743.t1,HuLuLuH2.Xg35670.t1,285178,287232,ChrX,lupulus_ChrX,267952189,267954243,PAR
NA,NA,NA,HuLuLuH1.Yg34744.t1,HuLuLuH2.Xg35671.t1,279540,281818,ChrX,lupulus_ChrX,267957603,267959881,PAR
